claim_id,rating_group,accident_year,accident_date,report_date,close_date,status
CLM-000001,A,2020,2020-02-02,2020-02-16,2022-05-03,Closed
CLM-000002,A,2020,2020-10-10,2020-11-07,2022-10-25,Closed
CLM-000003,A,2020,2020-08-27,2020-09-09,2022-05-05,Closed
CLM-000004,A,2020,2020-06-09,2020-06-28,2021-06-22,Closed
CLM-000005,A,2020,2020-06-07,2020-07-16,2021-07-08,Closed
CLM-000006,A,2020,2020-11-10,2020-11-23,2022-07-14,Closed
CLM-000007,A,2020,2020-02-01,2020-03-07,2021-05-12,Closed
CLM-000008,A,2020,2020-09-12,2020-10-14,2021-12-02,Closed
CLM-000009,A,2020,2020-03-14,2020-03-24,2021-01-19,Closed
CLM-000010,A,2020,2020-02-04,2020-03-14,2022-04-05,Closed
CLM-000011,A,2020,2020-07-11,2020-08-12,2021-12-06,Closed
CLM-000012,A,2020,2020-12-23,2021-01-13,2025-12-15,Closed
CLM-000013,A,2020,2020-09-26,2020-10-07,2022-06-12,Closed
CLM-000014,A,2020,2020-10-05,2020-10-15,2022-06-16,Closed
CLM-000015,A,2020,2020-09-19,2020-10-02,2022-09-23,Closed
CLM-000016,A,2020,2020-10-14,2020-11-12,2022-01-25,Closed
CLM-000017,A,2020,2020-07-06,2020-07-16,2023-08-26,Closed
CLM-000018,A,2020,2020-02-16,2020-03-14,2021-10-04,Closed
CLM-000019,A,2020,2020-11-03,2020-11-11,2022-07-02,Closed
CLM-000020,A,2020,2020-06-13,2020-06-30,2022-04-14,Closed
CLM-000021,A,2020,2020-07-02,2020-07-23,2021-11-01,Closed
CLM-000022,A,2020,2020-05-15,2020-09-02,2022-07-14,Closed
CLM-000023,A,2020,2020-03-07,2020-03-14,2020-11-14,Closed
CLM-000024,A,2020,2020-12-05,2021-01-30,2024-05-05,Closed
CLM-000025,A,2020,2020-10-13,2020-11-04,2021-04-08,Closed
CLM-000026,A,2020,2020-08-23,2020-09-18,2021-12-29,Closed
CLM-000027,A,2020,2020-05-27,2020-06-17,2022-07-24,Closed
CLM-000028,A,2020,2020-10-28,2020-11-24,2022-04-24,Closed
CLM-000029,A,2020,2020-07-18,2020-08-04,2023-08-19,Closed
CLM-000030,A,2020,2020-06-11,2020-08-05,2023-12-03,Closed
CLM-000031,A,2020,2020-06-13,2020-06-27,2025-03-21,Closed
CLM-000032,A,2020,2020-03-24,2020-05-07,2022-07-21,Closed
CLM-000033,A,2020,2020-02-03,2020-02-15,2022-11-19,Closed
CLM-000034,A,2020,2020-07-21,2020-08-09,2023-12-18,Closed
CLM-000035,A,2020,2020-11-20,2020-11-29,2021-11-02,Closed
CLM-000036,A,2020,2020-01-24,2020-02-20,2021-09-09,Closed
CLM-000037,A,2020,2020-11-10,2021-01-03,2023-05-17,Closed
CLM-000038,A,2020,2020-10-29,2020-11-16,2022-04-21,Closed
CLM-000039,A,2020,2020-04-11,2020-04-28,2021-06-02,Closed
CLM-000040,A,2020,2020-08-19,2020-08-28,2021-02-16,Closed
CLM-000041,A,2020,2020-03-01,2020-03-18,2021-02-12,Closed
CLM-000042,A,2020,2020-10-04,2020-10-10,2023-07-22,Closed
CLM-000043,A,2020,2020-09-13,2020-09-23,2021-04-28,Closed
CLM-000044,A,2020,2020-05-09,2020-06-01,2023-02-21,Closed
CLM-000045,A,2020,2020-01-25,2020-03-15,2021-02-05,Closed
CLM-000046,A,2020,2020-12-21,2021-05-12,2022-10-08,Closed
CLM-000047,A,2020,2020-06-12,2020-06-25,2022-02-15,Closed
CLM-000048,A,2020,2020-11-22,2021-01-15,2021-10-01,Closed
CLM-000049,A,2020,2020-09-05,2020-09-28,2024-08-27,Closed
CLM-000050,A,2020,2020-10-11,2020-10-28,2023-11-15,Closed
CLM-000051,A,2020,2020-10-05,2020-11-01,2022-02-08,Closed
CLM-000052,A,2020,2020-03-12,2020-04-01,2021-04-28,Closed
CLM-000053,A,2020,2020-05-13,2020-06-03,2021-10-11,Closed
CLM-000054,A,2020,2020-06-19,2020-07-04,2022-02-14,Closed
CLM-000055,A,2020,2020-07-01,2020-07-08,2021-08-31,Closed
CLM-000056,A,2020,2020-01-17,2020-01-23,2021-10-02,Closed
CLM-000057,A,2020,2020-07-19,2020-08-19,2021-10-05,Closed
CLM-000058,A,2020,2020-02-26,2020-03-13,2021-02-02,Closed
CLM-000059,A,2020,2020-09-29,2020-10-12,2021-11-14,Closed
CLM-000060,A,2020,2020-09-06,2020-09-26,2022-12-23,Closed
CLM-000061,A,2020,2020-12-03,2021-01-06,2023-02-03,Closed
CLM-000062,A,2020,2020-09-29,2020-10-21,2021-06-23,Closed
CLM-000063,A,2020,2020-05-14,2020-05-26,2023-03-01,Closed
CLM-000064,A,2020,2020-12-20,2021-02-05,2022-08-29,Closed
CLM-000065,A,2020,2020-05-30,2020-07-29,2021-12-01,Closed
CLM-000066,A,2020,2020-04-29,2020-05-27,2023-01-02,Closed
CLM-000067,A,2020,2020-11-27,2021-01-05,2023-01-05,Closed
CLM-000068,A,2020,2020-05-15,2020-07-01,2021-06-23,Closed
CLM-000069,A,2020,2020-01-28,2020-03-12,2021-01-20,Closed
CLM-000070,A,2020,2020-06-20,2020-07-20,2021-09-27,Closed
CLM-000071,A,2020,2020-10-18,2020-11-17,2022-02-25,Closed
CLM-000072,A,2020,2020-03-10,2020-04-07,2020-09-24,Closed
CLM-000073,A,2020,2020-06-18,2020-06-27,2021-06-15,Closed
CLM-000074,A,2020,2020-02-17,2020-03-20,2022-01-29,Closed
CLM-000075,A,2020,2020-09-08,2020-09-15,2020-12-03,Closed
CLM-000076,A,2020,2020-06-23,2020-07-04,2021-12-27,Closed
CLM-000077,A,2020,2020-04-30,2020-06-18,2021-11-27,Closed
CLM-000078,A,2020,2020-03-24,2020-04-29,2022-09-12,Closed
CLM-000079,A,2020,2020-07-25,2020-09-19,2022-02-08,Closed
CLM-000080,A,2020,2020-09-02,2020-09-18,2022-02-24,Closed
CLM-000081,A,2020,2020-12-10,2020-12-18,2023-08-04,Closed
CLM-000082,A,2020,2020-06-08,2020-06-24,2021-08-24,Closed
CLM-000083,A,2020,2020-02-28,2020-03-20,2022-10-04,Closed
CLM-000084,A,2020,2020-10-31,2020-11-21,2022-09-07,Closed
CLM-000085,A,2020,2020-08-18,2020-10-01,2022-03-24,Closed
CLM-000086,A,2020,2020-09-13,2020-09-28,2022-07-13,Closed
CLM-000087,A,2020,2020-02-05,2020-03-01,2022-09-28,Closed
CLM-000088,A,2020,2020-04-24,2020-05-04,2021-02-26,Closed
CLM-000089,A,2020,2020-10-08,2020-11-04,2022-08-08,Closed
CLM-000090,A,2020,2020-10-31,2020-11-20,2023-03-24,Closed
CLM-000091,A,2020,2020-06-08,2020-06-19,2021-11-25,Closed
CLM-000092,A,2020,2020-10-21,2020-11-06,2021-11-13,Closed
CLM-000093,A,2020,2020-11-04,2020-11-21,2021-09-09,Closed
CLM-000094,A,2020,2020-05-21,2020-06-06,2022-11-09,Closed
CLM-000095,A,2020,2020-11-24,2021-02-01,2022-04-26,Closed
CLM-000096,A,2020,2020-04-15,2020-05-03,2022-03-03,Closed
CLM-000097,A,2020,2020-03-28,2020-04-13,2021-09-05,Closed
CLM-000098,A,2020,2020-09-06,2020-09-10,2022-10-20,Closed
CLM-000099,A,2020,2020-08-21,2020-08-31,2022-05-29,Closed
CLM-000100,A,2020,2020-02-21,2020-03-08,2021-07-04,Closed
CLM-000101,A,2020,2020-10-31,2020-11-12,2022-07-20,Closed
CLM-000102,A,2020,2020-03-14,2020-05-05,2022-05-27,Closed
CLM-000103,A,2020,2020-10-21,2020-11-07,2022-06-23,Closed
CLM-000104,A,2020,2020-01-03,2020-02-21,2021-04-18,Closed
CLM-000105,A,2020,2020-10-18,2020-11-07,2023-03-16,Closed
CLM-000106,A,2020,2020-10-15,2020-11-04,2022-04-17,Closed
CLM-000107,A,2020,2020-10-12,2020-10-30,2021-09-29,Closed
CLM-000108,A,2020,2020-08-31,2020-09-20,2021-12-01,Closed
CLM-000109,A,2020,2020-06-21,2020-08-26,2022-01-29,Closed
CLM-000110,A,2020,2020-09-15,2020-09-18,2022-05-23,Closed
CLM-000111,A,2020,2020-04-11,2020-04-15,2021-09-26,Closed
CLM-000112,A,2020,2020-10-12,2020-10-25,2021-09-18,Closed
CLM-000113,A,2020,2020-07-22,2020-08-11,2023-01-13,Closed
CLM-000114,A,2020,2020-06-16,2020-07-18,2022-02-17,Closed
CLM-000115,A,2020,2020-07-04,2020-07-31,2021-08-20,Closed
CLM-000116,A,2020,2020-07-27,2020-08-11,2021-02-12,Closed
CLM-000117,A,2020,2020-01-14,2020-02-23,2021-03-15,Closed
CLM-000118,A,2020,2020-02-21,2020-04-02,2023-04-14,Closed
CLM-000119,A,2020,2020-03-30,2020-04-21,2021-09-19,Closed
CLM-000120,A,2020,2020-02-11,2020-03-21,2020-10-04,Closed
CLM-000121,A,2020,2020-06-09,2020-07-03,2021-09-28,Closed
CLM-000122,A,2020,2020-09-01,2020-09-14,2022-08-15,Closed
CLM-000123,A,2020,2020-08-27,2020-09-28,2023-02-20,Closed
CLM-000124,A,2020,2020-06-21,2020-07-12,2022-01-03,Closed
CLM-000125,A,2020,2020-11-08,2020-11-28,2023-01-07,Closed
CLM-000126,A,2020,2020-07-25,2020-09-19,2021-10-05,Closed
CLM-000127,A,2020,2020-01-29,2020-02-01,2022-06-28,Closed
CLM-000128,A,2020,2020-10-06,2020-10-13,2021-12-10,Closed
CLM-000129,A,2020,2020-07-29,2020-08-06,2021-05-26,Closed
CLM-000130,A,2020,2020-08-20,2020-09-04,2022-11-17,Closed
CLM-000131,A,2020,2020-07-25,2020-08-10,2023-05-05,Closed
CLM-000132,A,2020,2020-07-21,2020-07-27,2022-11-28,Closed
CLM-000133,A,2020,2020-02-03,2020-02-13,2022-05-14,Closed
CLM-000134,A,2020,2020-07-23,2020-08-02,2022-06-06,Closed
CLM-000135,A,2020,2020-10-17,2021-02-05,2021-08-19,Closed
CLM-000136,A,2020,2020-04-21,2020-06-30,2022-04-30,Closed
CLM-000137,A,2020,2020-08-08,2020-08-22,2022-04-30,Closed
CLM-000138,A,2020,2020-01-12,2020-01-27,2021-10-15,Closed
CLM-000139,A,2020,2020-05-07,2020-05-15,2022-01-06,Closed
CLM-000140,A,2020,2020-06-08,2020-06-13,2023-12-30,Closed
CLM-000141,A,2020,2020-12-25,2021-01-12,2023-04-10,Closed
CLM-000142,A,2020,2020-03-19,2020-03-28,2021-05-26,Closed
CLM-000143,A,2020,2020-04-11,2020-04-29,2020-11-24,Closed
CLM-000144,A,2020,2020-05-29,2020-06-04,2021-10-24,Closed
CLM-000145,A,2020,2020-12-29,2021-01-09,2024-03-04,Closed
CLM-000146,A,2020,2020-11-08,2020-11-30,2022-05-14,Closed
CLM-000147,A,2020,2020-01-13,2020-02-07,2022-01-31,Closed
CLM-000148,A,2020,2020-03-26,2020-04-21,2021-08-10,Closed
CLM-000149,A,2020,2020-10-27,2020-11-03,2021-11-06,Closed
CLM-000150,A,2020,2020-01-22,2020-02-27,2020-11-01,Closed
CLM-000151,A,2020,2020-11-09,2020-11-20,2024-01-06,Closed
CLM-000152,A,2020,2020-04-12,2020-05-13,2022-08-10,Closed
CLM-000153,A,2020,2020-12-01,2020-12-20,2023-03-24,Closed
CLM-000154,A,2020,2020-04-17,2020-04-24,2021-06-09,Closed
CLM-000155,A,2020,2020-06-07,2020-06-23,2022-06-30,Closed
CLM-000156,A,2020,2020-08-30,2020-09-24,2023-01-30,Closed
CLM-000157,A,2020,2020-02-16,2020-03-17,2020-12-13,Closed
CLM-000158,A,2020,2020-07-22,2020-08-09,2021-12-02,Closed
CLM-000159,A,2020,2020-07-03,2020-08-30,2021-11-27,Closed
CLM-000160,A,2020,2020-10-13,2020-11-22,2022-06-28,Closed
CLM-000161,A,2020,2020-12-30,2021-01-15,2022-01-30,Closed
CLM-000162,A,2020,2020-08-31,2020-10-03,2022-10-18,Closed
CLM-000163,A,2020,2020-05-29,2020-08-14,2022-02-25,Closed
CLM-000164,A,2020,2020-05-28,2020-08-14,2023-09-08,Closed
CLM-000165,A,2020,2020-06-01,2020-06-09,2021-04-11,Closed
CLM-000166,A,2020,2020-10-24,2020-11-03,2021-05-08,Closed
CLM-000167,A,2020,2020-04-27,2020-06-22,2023-05-04,Closed
CLM-000168,A,2020,2020-03-02,2020-03-11,2021-05-31,Closed
CLM-000169,A,2020,2020-05-02,2020-05-09,2021-07-18,Closed
CLM-000170,A,2020,2020-01-09,2020-01-23,2023-03-08,Closed
CLM-000171,A,2020,2020-02-08,2020-03-05,2023-03-14,Closed
CLM-000172,A,2020,2020-02-02,2020-02-20,2021-05-18,Closed
CLM-000173,A,2020,2020-10-09,2020-10-21,2023-09-04,Closed
CLM-000174,A,2020,2020-09-21,2020-10-03,2021-06-04,Closed
CLM-000175,A,2020,2020-09-12,2020-09-24,2022-12-04,Closed
CLM-000176,A,2020,2020-06-18,2020-06-28,2021-10-07,Closed
CLM-000177,A,2020,2020-09-19,2020-12-26,2023-01-06,Closed
CLM-000178,A,2020,2020-02-29,2020-03-24,2021-10-04,Closed
CLM-000179,A,2020,2020-11-25,2021-01-01,2022-12-11,Closed
CLM-000180,A,2020,2020-07-02,2020-07-16,2021-04-21,Closed
CLM-000181,A,2020,2020-12-09,,2023-03-28,Closed
CLM-000182,A,2020,2020-02-25,2020-03-08,2021-09-24,Closed
CLM-000183,A,2020,2020-07-01,2020-07-04,2021-01-31,Closed
CLM-000184,A,2020,2020-09-11,2020-09-18,2021-04-22,Closed
CLM-000185,A,2020,2020-06-30,2020-07-05,2022-05-16,Closed
CLM-000186,A,2020,2020-06-12,2020-06-16,2021-02-27,Closed
CLM-000187,A,2020,2020-03-01,2020-03-09,2021-05-03,Closed
CLM-000188,A,2020,2020-05-19,2020-07-08,2021-09-08,Closed
CLM-000189,A,2020,2020-03-28,2020-04-16,2021-05-27,Closed
CLM-000190,A,2020,2020-04-20,2020-06-08,2023-04-08,Closed
CLM-000191,A,2020,2020-09-07,2020-10-03,2021-05-07,Closed
CLM-000192,A,2020,2020-08-18,2020-09-21,2023-08-03,Closed
CLM-000193,A,2020,2020-08-10,2020-08-20,2023-03-10,Closed
CLM-000194,A,2020,2020-05-12,2020-06-09,2021-10-23,Closed
CLM-000195,A,2020,2020-12-17,2021-01-19,2022-11-24,Closed
CLM-000196,A,2020,2020-02-02,2020-02-15,2022-06-23,Closed
CLM-000197,A,2020,2020-05-05,2020-06-03,2022-01-29,Closed
CLM-000198,A,2020,2020-02-13,2020-03-13,2021-01-22,Closed
CLM-000199,A,2020,2020-05-04,2020-05-17,2023-03-02,Closed
CLM-000200,A,2020,2020-12-18,2020-12-27,2022-08-15,Closed
CLM-000201,A,2020,2020-05-14,2020-05-22,2021-12-07,Closed
CLM-000202,A,2020,2020-11-28,2020-12-19,2023-03-24,Closed
CLM-000203,A,2020,2020-06-30,2020-07-25,2022-05-24,Closed
CLM-000204,A,2020,2020-09-13,2020-09-24,2022-03-01,Closed
CLM-000205,A,2020,2020-06-16,2020-07-06,2022-07-24,Closed
CLM-000206,A,2020,2020-04-07,2020-05-06,2021-10-01,Closed
CLM-000207,A,2020,2020-10-06,,2021-06-06,Closed
CLM-000208,A,2020,2020-12-20,2021-02-17,2021-08-27,Closed
CLM-000209,A,2020,2020-04-06,2020-05-24,2021-09-15,Closed
CLM-000210,A,2020,2020-10-12,2020-10-21,2025-04-04,Closed
CLM-000211,A,2020,2020-04-05,2020-06-08,2021-06-19,Closed
CLM-000212,A,2020,2020-09-19,2020-10-02,2021-07-06,Closed
CLM-000213,A,2020,2020-10-15,2020-11-25,2023-04-17,Closed
CLM-000214,A,2020,2020-06-13,2020-07-03,2022-08-06,Closed
CLM-000215,A,2020,2020-09-26,2020-10-10,2023-12-25,Closed
CLM-000216,A,2020,2020-04-09,2020-04-14,2020-08-19,Closed
CLM-000217,A,2020,2020-01-30,2020-02-16,2021-09-05,Closed
CLM-000218,A,2020,2020-02-05,2020-02-11,2022-02-03,Closed
CLM-000219,A,2020,2020-06-12,2020-07-21,2021-08-05,Closed
CLM-000220,A,2020,2020-11-26,2021-01-22,2022-04-20,Closed
CLM-000221,A,2020,2020-02-16,2020-02-27,2021-06-11,Closed
CLM-000222,A,2020,2020-06-15,2020-07-09,2023-04-16,Closed
CLM-000223,A,2020,2020-09-14,2020-09-26,2021-05-07,Closed
CLM-000224,A,2020,2020-03-15,2020-03-27,2022-05-05,Closed
CLM-000225,A,2020,2020-09-21,2020-10-25,2021-10-26,Closed
CLM-000226,A,2020,2020-04-21,2020-05-10,2022-08-11,Closed
CLM-000227,A,2020,2020-10-22,2020-12-28,2021-08-04,Closed
CLM-000228,A,2020,2020-07-30,2020-08-13,2021-09-15,Closed
CLM-000229,A,2020,2020-07-19,2020-08-28,2023-04-25,Closed
CLM-000230,A,2020,2020-03-05,2020-03-26,2021-11-25,Closed
CLM-000231,A,2020,2020-06-18,2020-07-22,2022-07-01,Closed
CLM-000232,A,2020,2020-11-09,2020-11-23,2021-06-20,Closed
CLM-000233,A,2020,2020-01-08,2020-01-27,2020-10-11,Closed
CLM-000234,A,2020,2020-10-04,2020-10-22,2022-07-22,Closed
CLM-000235,A,2020,2020-06-29,2020-07-10,2022-12-31,Closed
CLM-000236,A,2020,2020-09-20,2020-10-21,2022-01-30,Closed
CLM-000237,A,2020,2020-08-30,2020-09-30,2022-05-31,Closed
CLM-000238,A,2020,2020-06-07,2020-07-07,2023-07-28,Closed
CLM-000239,A,2020,2020-04-22,2020-06-19,2021-10-04,Closed
CLM-000240,A,2020,2020-08-17,2020-10-11,2022-05-08,Closed
CLM-000241,A,2020,2020-02-21,2020-03-07,2020-09-04,Closed
CLM-000242,A,2020,2020-08-01,2020-08-26,2022-01-24,Closed
CLM-000243,A,2020,2020-02-04,2020-02-16,2020-12-23,Closed
CLM-000244,A,2020,2020-08-25,2020-09-14,2022-08-06,Closed
CLM-000245,A,2020,2020-08-18,2020-08-31,2021-10-14,Closed
CLM-000246,A,2020,2020-01-31,2020-04-02,2022-05-19,Closed
CLM-000247,A,2020,2020-10-04,2020-10-29,2023-10-02,Closed
CLM-000248,A,2020,2020-06-01,2020-06-18,2022-07-20,Closed
CLM-000249,A,2020,2020-10-15,2020-11-30,2022-03-04,Closed
CLM-000250,A,2020,2020-01-16,2020-01-20,2022-03-23,Closed
CLM-000251,A,2020,2020-03-06,2020-03-10,2021-06-10,Closed
CLM-000252,A,2020,2020-06-29,2020-08-02,2021-11-02,Closed
CLM-000253,A,2020,2020-03-09,2020-03-29,2021-11-20,Closed
CLM-000254,A,2020,2020-04-30,2020-05-23,2020-10-17,Closed
CLM-000255,A,2020,2020-08-29,2020-09-05,2022-05-22,Closed
CLM-000256,A,2020,2020-02-22,2020-03-12,2021-06-08,Closed
CLM-000257,A,2020,2020-09-05,2020-11-25,2023-07-29,Closed
CLM-000258,A,2020,2020-02-07,2020-03-13,2022-03-24,Closed
CLM-000259,A,2020,2020-03-05,2020-03-27,2023-01-03,Closed
CLM-000260,A,2020,2020-08-03,2020-08-17,2021-08-28,Closed
CLM-000261,A,2020,2020-10-17,2020-11-01,2022-12-10,Closed
CLM-000262,A,2020,2020-03-03,2020-03-07,2021-07-11,Closed
CLM-000263,A,2020,2020-04-19,2020-05-12,2022-09-18,Closed
CLM-000264,A,2020,2020-12-04,2021-01-09,2021-11-02,Closed
CLM-000265,A,2020,2020-12-28,2021-01-03,2022-09-03,Closed
CLM-000266,A,2020,2020-07-31,2020-08-12,2022-12-12,Closed
CLM-000267,A,2020,2020-06-12,2020-06-20,2022-02-06,Closed
CLM-000268,A,2020,2020-05-06,2020-05-16,2023-01-11,Closed
CLM-000269,A,2020,2020-08-12,2020-09-01,2023-11-29,Closed
CLM-000270,A,2020,2020-08-04,2020-08-08,2022-04-07,Closed
CLM-000271,A,2020,2020-04-17,2020-05-17,2020-08-21,Closed
CLM-000272,A,2020,2020-01-09,2020-02-11,2021-12-27,Closed
CLM-000273,A,2020,2020-02-25,2020-03-12,2021-03-29,Closed
CLM-000274,A,2020,2020-12-16,2020-12-19,2024-08-23,Closed
CLM-000275,A,2020,2020-06-02,2020-06-11,2022-04-25,Closed
CLM-000276,A,2020,2020-06-25,2020-08-11,2022-01-07,Closed
CLM-000277,A,2020,2020-06-19,2020-06-21,2022-03-17,Closed
CLM-000278,A,2020,2020-10-13,2020-10-28,2023-09-29,Closed
CLM-000279,A,2020,2020-01-24,2020-02-01,2022-01-10,Closed
CLM-000280,A,2020,2020-01-31,2020-03-06,2022-06-05,Closed
CLM-000281,A,2020,2020-04-10,2020-04-22,2021-07-17,Closed
CLM-000282,A,2020,2020-06-27,2020-07-23,2020-12-18,Closed
CLM-000283,A,2020,2020-09-02,2020-10-01,2021-07-30,Closed
CLM-000284,A,2020,2020-06-28,2020-09-08,2021-09-02,Closed
CLM-000285,A,2020,2020-06-10,2020-06-27,2020-09-24,Closed
CLM-000286,A,2020,2020-12-09,2021-01-04,2022-02-09,Closed
CLM-000287,A,2020,2020-02-28,2020-03-06,2022-06-01,Closed
CLM-000288,A,2020,2020-07-28,2020-09-12,2022-12-23,Closed
CLM-000289,A,2020,2020-07-17,2020-07-28,2023-04-12,Closed
CLM-000290,A,2020,2020-06-22,2020-07-05,2022-01-11,Closed
CLM-000291,A,2020,2020-10-22,2020-11-10,2022-02-08,Closed
CLM-000292,A,2020,2020-04-07,2020-04-13,2022-01-05,Closed
CLM-000293,A,2020,2020-12-15,2021-01-07,2021-09-16,Closed
CLM-000294,A,2020,2020-05-01,2020-06-09,2022-01-07,Closed
CLM-000295,A,2020,2020-07-18,2020-08-11,2022-01-19,Closed
CLM-000296,A,2020,2020-07-09,2020-07-15,2022-11-15,Closed
CLM-000297,A,2020,2020-11-07,2020-11-25,2023-06-22,Closed
CLM-000298,A,2020,2020-06-09,2020-07-12,2021-12-14,Closed
CLM-000299,A,2020,2020-04-14,2020-04-19,2021-08-15,Closed
CLM-000300,A,2020,2020-01-08,2020-01-17,2021-10-01,Closed
CLM-000301,A,2021,2021-07-06,2021-07-19,2022-05-19,Closed
CLM-000302,A,2021,2021-12-12,2021-12-31,2023-09-13,Closed
CLM-000303,A,2021,2021-03-14,2021-05-24,2023-06-05,Closed
CLM-000304,A,2021,2021-05-28,2021-06-03,2022-09-22,Closed
CLM-000305,A,2021,2021-03-23,2021-05-03,2022-08-11,Closed
CLM-000306,A,2021,2021-10-23,2021-11-01,2023-04-11,Closed
CLM-000307,A,2021,2021-06-01,2021-06-22,2024-01-23,Closed
CLM-000308,A,2021,2021-12-22,2022-01-07,2023-11-11,Closed
CLM-000309,A,2021,2021-03-31,2021-04-10,2022-04-24,Closed
CLM-000310,A,2021,2021-01-30,2021-02-09,2022-11-03,Closed
CLM-000311,A,2021,2021-08-01,2021-08-25,2022-04-28,Closed
CLM-000312,A,2021,2021-08-26,2021-10-05,2023-03-11,Closed
CLM-000313,A,2021,2021-12-28,2022-01-15,2022-10-12,Closed
CLM-000314,A,2021,2021-11-15,2021-12-06,2023-12-13,Closed
CLM-000315,A,2021,2021-11-19,2021-12-18,2024-04-18,Closed
CLM-000316,A,2021,2021-08-20,2021-08-30,2023-05-19,Closed
CLM-000317,A,2021,2021-05-12,2021-06-14,,Open
CLM-000318,A,2021,2021-06-06,2021-07-11,2023-01-14,Closed
CLM-000319,A,2021,2021-02-18,2021-06-21,2023-08-15,Closed
CLM-000320,A,2021,2021-06-07,2021-06-22,2024-02-12,Closed
CLM-000321,A,2021,2021-05-14,2021-05-28,2022-02-19,Closed
CLM-000322,A,2021,2021-01-14,2021-02-17,2022-09-27,Closed
CLM-000323,A,2021,2021-03-16,2021-04-20,2023-03-19,Closed
CLM-000324,A,2021,2021-07-15,2021-07-28,2022-06-14,Closed
CLM-000325,A,2021,2021-05-15,,2023-12-08,Closed
CLM-000326,A,2021,2021-12-29,2022-01-27,2023-10-08,Closed
CLM-000327,A,2021,2021-06-24,2021-07-05,2023-02-01,Closed
CLM-000328,A,2021,2021-12-16,2021-12-31,2023-08-23,Closed
CLM-000329,A,2021,2021-08-30,2021-09-20,2024-06-17,Closed
CLM-000330,A,2021,2021-01-15,2021-02-24,2022-10-15,Closed
CLM-000331,A,2021,2021-03-16,2021-03-29,2021-12-16,Closed
CLM-000332,A,2021,2021-09-15,2021-09-20,2022-09-22,Closed
CLM-000333,A,2021,2021-07-18,2021-07-23,2023-03-21,Closed
CLM-000334,A,2021,2021-04-21,2021-04-29,2022-07-11,Closed
CLM-000335,A,2021,2021-07-10,2021-07-17,2024-02-01,Closed
CLM-000336,A,2021,2021-11-26,2021-12-13,2023-02-01,Closed
CLM-000337,A,2021,2021-05-22,2021-05-30,2022-07-31,Closed
CLM-000338,A,2021,2021-01-17,2021-01-29,2022-06-05,Closed
CLM-000339,A,2021,2021-04-24,2021-05-05,2022-07-20,Closed
CLM-000340,A,2021,2021-12-08,2021-12-22,2022-02-01,Closed
CLM-000341,A,2021,2021-10-06,2021-11-25,2022-06-06,Closed
CLM-000342,A,2021,2021-11-02,2021-12-03,2023-08-09,Closed
CLM-000343,A,2021,2021-11-29,2021-12-19,2025-06-19,Closed
CLM-000344,A,2021,2021-02-12,2021-02-26,2022-06-22,Closed
CLM-000345,A,2021,2021-04-14,2021-04-28,2023-03-28,Closed
CLM-000346,A,2021,2021-01-22,2021-02-16,2022-09-05,Closed
CLM-000347,A,2021,2021-01-02,2021-02-01,2022-04-19,Closed
CLM-000348,A,2021,2021-11-01,2021-11-11,2024-05-08,Closed
CLM-000349,A,2021,2021-12-08,2021-12-28,2023-09-27,Closed
CLM-000350,A,2021,2021-02-26,2021-03-02,2022-12-06,Closed
CLM-000351,A,2021,2021-09-21,2021-10-14,2023-05-30,Closed
CLM-000352,A,2021,2021-07-15,2021-08-18,2023-02-05,Closed
CLM-000353,A,2021,2021-01-26,2021-02-11,2021-09-11,Closed
CLM-000354,A,2021,2021-12-01,2022-02-10,2023-01-30,Closed
CLM-000355,A,2021,2021-11-15,2021-11-25,2024-04-29,Closed
CLM-000356,A,2021,2021-07-27,2021-08-19,2022-05-16,Closed
CLM-000357,A,2021,2021-09-16,2021-10-05,2023-07-05,Closed
CLM-000358,A,2021,2021-05-25,2021-06-12,2022-11-06,Closed
CLM-000359,A,2021,2021-10-17,2021-11-04,2023-06-11,Closed
CLM-000360,A,2021,2021-06-12,2021-07-03,2022-08-29,Closed
CLM-000361,A,2021,2021-12-28,2022-02-02,2023-06-17,Closed
CLM-000362,A,2021,2021-01-24,2021-03-17,2023-08-08,Closed
CLM-000363,A,2021,2021-03-04,2021-03-23,2024-04-07,Closed
CLM-000364,A,2021,2021-12-20,2022-01-24,2022-11-19,Closed
CLM-000365,A,2021,2021-04-16,2021-04-28,2023-06-03,Closed
CLM-000366,A,2021,2021-04-24,2021-05-28,2023-05-17,Closed
CLM-000367,A,2021,2021-10-16,2021-10-27,2022-10-13,Closed
CLM-000368,A,2021,2021-03-11,2021-04-22,2024-04-20,Closed
CLM-000369,A,2021,2021-07-07,2021-10-08,2024-11-21,Closed
CLM-000370,A,2021,2021-04-15,2021-05-03,2021-11-24,Closed
CLM-000371,A,2021,2021-03-14,2021-03-18,2022-09-05,Closed
CLM-000372,A,2021,2021-12-18,2021-12-31,2023-12-06,Closed
CLM-000373,A,2021,2021-03-14,2021-04-30,2022-07-04,Closed
CLM-000374,A,2021,2021-02-04,2021-03-05,2022-02-04,Closed
CLM-000375,A,2021,2021-09-03,2021-09-26,2022-12-19,Closed
CLM-000376,A,2021,2021-11-13,2021-12-23,2024-04-14,Closed
CLM-000377,A,2021,2021-02-16,2021-03-16,2022-10-18,Closed
CLM-000378,A,2021,2021-09-16,2021-11-01,2024-02-15,Closed
CLM-000379,A,2021,2021-07-17,2021-08-24,2022-02-25,Closed
CLM-000380,A,2021,2021-10-30,2021-12-27,2025-06-29,Closed
CLM-000381,A,2021,2021-02-16,2021-03-13,2023-10-08,Closed
CLM-000382,A,2021,2021-12-23,2022-01-29,2023-01-07,Closed
CLM-000383,A,2021,2021-08-14,2021-08-30,2022-12-11,Closed
CLM-000384,A,2021,2021-11-04,2021-11-17,2024-01-14,Closed
CLM-000385,A,2021,2021-05-13,2021-07-18,2022-06-30,Closed
CLM-000386,A,2021,2021-12-11,2022-01-03,2023-06-06,Closed
CLM-000387,A,2021,2021-08-17,2021-09-21,2023-01-11,Closed
CLM-000388,A,2021,2021-02-16,2021-03-09,2022-03-13,Closed
CLM-000389,A,2021,2021-12-03,2021-12-16,2023-05-19,Closed
CLM-000390,A,2021,2021-10-18,2021-11-07,2024-12-23,Closed
CLM-000391,A,2021,2021-04-20,2021-06-13,2023-01-24,Closed
CLM-000392,A,2021,2021-07-19,2021-08-17,2023-02-20,Closed
CLM-000393,A,2021,2021-05-22,2021-05-28,2022-09-09,Closed
CLM-000394,A,2021,2021-07-18,2021-08-04,2022-11-11,Closed
CLM-000395,A,2021,2021-12-19,2022-02-26,2023-12-07,Closed
CLM-000396,A,2021,2021-11-25,,2023-05-08,Closed
CLM-000397,A,2021,2021-03-20,2021-03-25,2022-08-29,Closed
CLM-000398,A,2021,2021-12-21,2022-03-06,2023-04-20,Closed
CLM-000399,A,2021,2021-06-09,2021-07-11,2024-08-12,Closed
CLM-000400,A,2021,2021-09-15,2021-10-04,2022-05-06,Closed
CLM-000401,A,2021,2021-10-06,2021-10-21,2023-07-03,Closed
CLM-000402,A,2021,2021-06-26,2021-08-07,2022-10-05,Closed
CLM-000403,A,2021,2021-06-16,2021-06-29,2023-10-16,Closed
CLM-000404,A,2021,2021-06-16,2021-07-30,2022-09-07,Closed
CLM-000405,A,2021,2021-11-11,2021-12-10,2023-10-02,Closed
CLM-000406,A,2021,2021-05-22,2021-06-14,2022-05-12,Closed
CLM-000407,A,2021,2021-04-13,2021-05-05,2023-07-27,Closed
CLM-000408,A,2021,2021-05-12,2021-05-29,2024-02-09,Closed
CLM-000409,A,2021,2021-03-13,2021-04-23,2022-12-19,Closed
CLM-000410,A,2021,2021-05-23,2021-06-02,2023-03-13,Closed
CLM-000411,A,2021,2021-02-11,2021-02-17,2022-05-18,Closed
CLM-000412,A,2021,2021-02-02,2021-03-04,2023-07-18,Closed
CLM-000413,A,2021,2021-09-22,2021-10-23,2022-12-08,Closed
CLM-000414,A,2021,2021-01-29,2021-02-25,2022-12-15,Closed
CLM-000415,A,2021,2021-07-27,2021-08-22,2022-11-09,Closed
CLM-000416,A,2021,2021-10-12,2021-10-27,2023-01-17,Closed
CLM-000417,A,2021,2021-09-22,2021-10-26,2023-09-07,Closed
CLM-000418,A,2021,2021-06-12,2021-07-01,2023-07-30,Closed
CLM-000419,A,2021,2021-03-12,2021-03-26,2023-06-29,Closed
CLM-000420,A,2021,2021-12-06,2021-12-22,2023-09-01,Closed
CLM-000421,A,2021,2021-11-01,2022-01-22,2022-12-12,Closed
CLM-000422,A,2021,2021-08-12,2021-08-17,2022-04-30,Closed
CLM-000423,A,2021,2021-02-01,2021-03-01,2023-07-18,Closed
CLM-000424,A,2021,2021-01-13,2021-01-19,2022-03-15,Closed
CLM-000425,A,2021,2021-04-26,2021-05-14,2023-12-03,Closed
CLM-000426,A,2021,2021-02-27,2021-03-13,2021-12-30,Closed
CLM-000427,A,2021,2021-11-11,2021-11-15,2022-10-09,Closed
CLM-000428,A,2021,2021-03-17,2021-04-12,2023-10-08,Closed
CLM-000429,A,2021,2021-04-14,2021-04-29,2024-12-08,Closed
CLM-000430,A,2021,2021-12-23,2021-12-27,2025-01-01,Closed
CLM-000431,A,2021,2021-10-26,2021-11-30,2023-06-17,Closed
CLM-000432,A,2021,2021-03-21,2021-05-14,2022-04-29,Closed
CLM-000433,A,2021,2021-05-20,2021-07-15,2024-01-03,Closed
CLM-000434,A,2021,2021-07-08,2021-08-02,2024-02-01,Closed
CLM-000435,A,2021,2021-08-31,2021-09-20,2023-08-31,Closed
CLM-000436,A,2021,2021-12-08,2022-01-27,2024-11-04,Closed
CLM-000437,A,2021,2021-11-14,2022-01-17,2023-04-25,Closed
CLM-000438,A,2021,2021-12-23,2022-02-05,2023-05-02,Closed
CLM-000439,A,2021,2021-01-15,2021-01-25,2022-07-29,Closed
CLM-000440,A,2021,2021-03-28,2021-04-20,2023-02-05,Closed
CLM-000441,A,2021,2021-07-25,2021-08-21,2023-03-19,Closed
CLM-000442,A,2021,2021-01-18,2021-01-23,2024-03-16,Closed
CLM-000443,A,2021,2021-05-10,2021-06-06,2022-04-22,Closed
CLM-000444,A,2021,2021-02-26,2021-06-04,2022-07-25,Closed
CLM-000445,A,2021,2021-12-07,2022-01-07,2023-12-26,Closed
CLM-000446,A,2021,2021-01-24,2021-03-21,2023-05-23,Closed
CLM-000447,A,2021,2021-02-24,2021-03-18,2022-12-19,Closed
CLM-000448,A,2021,2021-03-13,2021-04-01,2022-06-05,Closed
CLM-000449,A,2021,2021-02-24,2021-03-22,2024-05-25,Closed
CLM-000450,A,2021,2021-07-27,2021-08-07,2022-09-13,Closed
CLM-000451,A,2021,2021-05-13,2021-05-23,2025-09-15,Closed
CLM-000452,A,2021,2021-11-30,2022-01-17,2023-11-22,Closed
CLM-000453,A,2021,2021-04-06,2021-05-28,2024-11-02,Closed
CLM-000454,A,2021,2021-07-16,2021-07-25,2024-06-02,Closed
CLM-000455,A,2021,2021-08-29,2021-10-07,2023-03-16,Closed
CLM-000456,A,2021,2021-08-17,2021-09-04,2023-05-29,Closed
CLM-000457,A,2021,2021-10-18,2021-11-12,2023-10-08,Closed
CLM-000458,A,2021,2021-03-15,2021-04-11,2022-12-28,Closed
CLM-000459,A,2021,2021-07-05,2021-08-14,2024-01-30,Closed
CLM-000460,A,2021,2021-10-20,2021-11-10,2023-10-14,Closed
CLM-000461,A,2021,2021-11-12,2022-01-04,2024-07-31,Closed
CLM-000462,A,2021,2021-08-14,2021-09-07,2023-06-06,Closed
CLM-000463,A,2021,2021-08-26,2021-09-25,2023-03-16,Closed
CLM-000464,A,2021,2021-11-12,2021-11-23,2024-08-09,Closed
CLM-000465,A,2021,2021-08-17,2021-11-15,2022-11-08,Closed
CLM-000466,A,2021,2021-12-13,2022-01-09,2022-07-23,Closed
CLM-000467,A,2021,2021-02-16,2021-03-20,2022-05-03,Closed
CLM-000468,A,2021,2021-05-07,2021-05-13,2022-01-17,Closed
CLM-000469,A,2021,2021-02-10,2021-02-21,2022-10-14,Closed
CLM-000470,A,2021,2021-02-03,2021-03-22,2022-03-13,Closed
CLM-000471,A,2021,2021-06-22,2021-07-16,2024-11-30,Closed
CLM-000472,A,2021,2021-03-24,2021-03-29,2022-07-21,Closed
CLM-000473,A,2021,2021-05-29,2021-07-09,2022-05-25,Closed
CLM-000474,A,2021,2021-06-09,2021-06-22,2022-06-04,Closed
CLM-000475,A,2021,2021-08-15,2021-10-07,2022-07-03,Closed
CLM-000476,A,2021,2021-12-12,2021-12-30,2024-03-23,Closed
CLM-000477,A,2021,2021-11-07,2021-11-30,2023-04-20,Closed
CLM-000478,A,2021,2021-05-19,2021-07-03,2021-11-30,Closed
CLM-000479,A,2021,2021-04-29,2021-05-09,2022-09-16,Closed
CLM-000480,A,2021,2021-10-09,2021-10-18,2025-03-03,Closed
CLM-000481,A,2021,2021-02-15,2021-03-04,2022-03-06,Closed
CLM-000482,A,2021,2021-07-17,2021-08-21,2022-05-21,Closed
CLM-000483,A,2021,2021-06-04,2021-06-11,2023-08-18,Closed
CLM-000484,A,2021,2021-03-08,2021-03-14,2022-01-22,Closed
CLM-000485,A,2021,2021-08-14,2021-09-18,,Open
CLM-000486,A,2021,2021-04-28,2021-05-11,2025-07-02,Closed
CLM-000487,A,2021,2021-03-09,2021-03-24,2023-10-06,Closed
CLM-000488,A,2021,2021-08-27,2021-09-01,2023-04-30,Closed
CLM-000489,A,2021,2021-03-05,2021-03-17,2022-02-20,Closed
CLM-000490,A,2021,2021-09-03,2021-09-22,2023-05-13,Closed
CLM-000491,A,2021,2021-03-01,2021-04-08,2023-02-02,Closed
CLM-000492,A,2021,2021-06-08,2021-06-19,2024-03-20,Closed
CLM-000493,A,2021,2021-10-22,2021-12-24,2022-04-17,Closed
CLM-000494,A,2021,2021-03-25,2021-04-06,2023-05-09,Closed
CLM-000495,A,2021,2021-10-08,2021-10-20,2023-05-14,Closed
CLM-000496,A,2021,2021-09-21,2021-11-18,2024-07-14,Closed
CLM-000497,A,2021,2021-11-26,2021-12-19,2023-03-17,Closed
CLM-000498,A,2021,2021-03-03,2021-03-16,2024-01-27,Closed
CLM-000499,A,2021,2021-09-19,2021-10-06,2022-09-13,Closed
CLM-000500,A,2021,2021-12-08,2022-01-28,2022-06-17,Closed
CLM-000501,A,2021,2021-10-06,2021-11-30,2022-11-12,Closed
CLM-000502,A,2021,2021-03-10,2021-03-21,2022-05-04,Closed
CLM-000503,A,2021,2021-10-28,2021-11-16,2025-11-12,Closed
CLM-000504,A,2021,2021-02-09,2021-03-02,2023-01-16,Closed
CLM-000505,A,2021,2021-08-03,2021-08-13,2023-03-07,Closed
CLM-000506,A,2021,2021-07-01,2021-07-20,2022-09-05,Closed
CLM-000507,A,2021,2021-07-13,2021-08-02,2024-07-08,Closed
CLM-000508,A,2021,2021-07-09,2021-08-22,2022-11-11,Closed
CLM-000509,A,2021,2021-01-12,2021-02-27,2023-02-05,Closed
CLM-000510,A,2021,2021-07-05,2021-07-20,2023-12-13,Closed
CLM-000511,A,2021,2021-12-08,2021-12-25,2022-10-18,Closed
CLM-000512,A,2021,2021-06-09,2021-07-10,2022-05-23,Closed
CLM-000513,A,2021,2021-04-12,2021-04-25,2022-02-19,Closed
CLM-000514,A,2021,2021-12-30,2022-01-29,2023-07-25,Closed
CLM-000515,A,2021,2021-02-06,2021-02-24,2022-09-22,Closed
CLM-000516,A,2021,2021-06-27,2021-07-07,2023-05-18,Closed
CLM-000517,A,2021,2021-07-07,2021-07-17,2022-12-25,Closed
CLM-000518,A,2021,2021-06-24,2021-08-18,2024-05-16,Closed
CLM-000519,A,2021,2021-12-03,2021-12-20,2024-04-18,Closed
CLM-000520,A,2021,2021-06-03,2021-08-05,2022-03-28,Closed
CLM-000521,A,2021,2021-12-22,2022-01-04,2023-03-15,Closed
CLM-000522,A,2021,2021-01-25,2021-02-18,2023-01-21,Closed
CLM-000523,A,2021,2021-09-25,2022-01-09,2023-09-25,Closed
CLM-000524,A,2021,2021-08-05,2021-08-14,2021-12-30,Closed
CLM-000525,A,2021,2021-03-29,2021-04-03,2022-09-26,Closed
CLM-000526,A,2021,2021-03-25,2021-05-13,2022-04-05,Closed
CLM-000527,A,2021,2021-09-20,2021-10-01,2023-05-11,Closed
CLM-000528,A,2021,2021-08-21,2021-09-09,2022-10-04,Closed
CLM-000529,A,2021,2021-08-12,2021-08-25,2023-03-28,Closed
CLM-000530,A,2021,2021-01-19,2021-02-12,2025-04-05,Closed
CLM-000531,A,2021,2021-08-07,2021-08-17,2023-03-20,Closed
CLM-000532,A,2021,2021-12-25,2022-01-11,2023-02-08,Closed
CLM-000533,A,2021,2021-01-07,2021-02-03,2023-06-02,Closed
CLM-000534,A,2021,2021-06-21,2021-06-30,2023-11-07,Closed
CLM-000535,A,2021,2021-06-30,2021-07-12,2022-12-14,Closed
CLM-000536,A,2021,2021-11-24,2021-12-09,2024-04-17,Closed
CLM-000537,,2021,2021-04-14,2021-04-21,2023-12-03,Closed
CLM-000538,A,2021,2021-06-23,2021-07-07,2023-03-12,Closed
CLM-000539,A,2021,2021-09-19,2021-10-10,2023-06-27,Closed
CLM-000540,A,2021,2021-01-23,2021-02-07,2022-02-14,Closed
CLM-000541,A,2021,2021-10-20,2021-11-05,2023-12-22,Closed
CLM-000542,A,2021,2021-10-28,2021-11-16,2022-09-04,Closed
CLM-000543,A,2021,2021-09-20,2021-10-02,2023-07-25,Closed
CLM-000544,A,2021,2021-08-25,2021-09-26,2025-06-18,Closed
CLM-000545,A,2021,2021-09-30,2021-11-23,2023-03-21,Closed
CLM-000546,A,2021,2021-10-13,2021-10-27,2022-11-09,Closed
CLM-000547,A,2021,2021-11-26,2021-12-24,2025-10-23,Closed
CLM-000548,A,2021,2021-06-06,2021-06-22,2023-02-09,Closed
CLM-000549,A,2021,2021-06-16,2021-07-11,2022-03-14,Closed
CLM-000550,A,2021,2021-08-21,2021-10-19,2024-02-12,Closed
CLM-000551,A,2021,2021-03-12,2021-04-09,2022-04-18,Closed
CLM-000552,A,2021,2021-11-09,2021-11-14,2023-12-08,Closed
CLM-000553,A,2021,2021-10-09,2021-11-05,2023-04-15,Closed
CLM-000554,A,2021,2021-08-19,2021-10-05,2023-04-10,Closed
CLM-000555,A,2021,2021-04-21,2021-05-08,2022-10-03,Closed
CLM-000556,A,2021,2021-05-07,2021-06-16,2022-09-19,Closed
CLM-000557,A,2021,2021-06-08,2021-06-20,2023-02-20,Closed
CLM-000558,A,2021,2021-08-30,2021-09-06,2022-06-03,Closed
CLM-000559,A,2021,2021-10-11,2021-11-02,2022-12-06,Closed
CLM-000560,A,2021,2021-09-03,2021-09-08,2023-06-05,Closed
CLM-000561,A,2021,2021-12-06,2021-12-22,2024-10-11,Closed
CLM-000562,A,2021,2021-12-17,2022-02-04,2024-05-13,Closed
CLM-000563,A,2021,2021-09-15,2021-09-20,2022-05-13,Closed
CLM-000564,A,2021,2021-05-16,2021-05-24,2024-05-15,Closed
CLM-000565,A,2021,2021-08-07,2021-08-16,2024-08-01,Closed
CLM-000566,A,2021,2021-06-05,2021-06-24,2023-09-13,Closed
CLM-000567,A,2021,2021-08-18,2021-09-02,2021-10-26,Closed
CLM-000568,A,2021,2021-10-24,2021-12-16,2024-05-20,Closed
CLM-000569,A,2021,2021-05-15,2021-06-23,2023-05-20,Closed
CLM-000570,A,2021,2021-07-04,2021-08-01,2022-08-24,Closed
CLM-000571,A,2021,2021-01-17,2021-02-08,2022-04-04,Closed
CLM-000572,A,2021,2021-09-26,2021-10-22,2023-09-23,Closed
CLM-000573,A,2021,2021-06-28,2021-07-08,2023-07-27,Closed
CLM-000574,A,2021,2021-06-17,2021-07-23,2023-11-06,Closed
CLM-000575,A,2021,2021-07-14,2021-07-23,2022-01-23,Closed
CLM-000576,A,2021,2021-03-20,2021-04-24,2021-10-17,Closed
CLM-000577,A,2021,2021-08-07,2021-09-21,2021-12-24,Closed
CLM-000578,A,2021,2021-09-29,2021-10-22,2023-11-07,Closed
CLM-000579,A,2021,2021-05-08,2021-05-25,2022-09-12,Closed
CLM-000580,A,2021,2021-02-17,2021-03-15,2022-06-10,Closed
CLM-000581,A,2021,2021-05-22,2021-05-24,2023-03-18,Closed
CLM-000582,A,2021,2021-03-14,2021-04-07,2024-12-05,Closed
CLM-000583,A,2021,2021-05-17,2021-06-04,2022-08-17,Closed
CLM-000584,A,2021,2021-08-17,2021-09-05,2023-11-20,Closed
CLM-000585,A,2021,2021-02-11,2021-03-15,2022-07-06,Closed
CLM-000586,A,2021,2021-09-30,2021-10-18,2022-12-14,Closed
CLM-000587,A,2021,2021-03-23,2021-04-01,2022-07-04,Closed
CLM-000588,A,2021,2021-11-23,2021-12-11,2023-05-09,Closed
CLM-000589,A,2021,2021-09-25,2021-10-15,2023-07-23,Closed
CLM-000590,A,2021,2021-04-10,2021-05-01,2024-05-02,Closed
CLM-000591,A,2021,2021-07-25,2021-08-16,2024-05-05,Closed
CLM-000592,A,2021,2021-02-10,2021-03-23,2024-04-28,Closed
CLM-000593,A,2021,2021-02-06,2021-02-15,2021-12-08,Closed
CLM-000594,A,2021,2021-12-15,2022-01-06,2023-08-03,Closed
CLM-000595,A,2021,2021-10-20,2021-12-08,2022-05-22,Closed
CLM-000596,A,2021,2021-02-26,2021-03-03,2021-09-10,Closed
CLM-000597,A,2021,2021-04-14,2021-05-06,2022-07-29,Closed
CLM-000598,A,2021,2021-03-14,2021-03-27,2023-09-27,Closed
CLM-000599,A,2021,2021-05-25,2021-06-09,2024-01-05,Closed
CLM-000600,A,2021,2021-04-17,2021-04-27,2022-07-08,Closed
CLM-000601,A,2021,2021-04-30,2021-05-17,2022-10-10,Closed
CLM-000602,A,2021,2021-07-13,2021-09-23,2022-08-31,Closed
CLM-000603,A,2021,2021-03-11,2021-03-19,2022-10-30,Closed
CLM-000604,A,2021,2021-11-19,2021-11-27,2022-07-05,Closed
CLM-000605,A,2021,2021-09-23,2021-10-01,2023-01-31,Closed
CLM-000606,A,2021,2021-10-05,2021-12-11,2023-07-28,Closed
CLM-000607,A,2021,2021-03-03,2021-03-17,2022-09-05,Closed
CLM-000608,A,2021,2021-09-16,2021-10-05,2023-03-21,Closed
CLM-000609,A,2021,2021-11-02,2021-11-17,2024-06-14,Closed
CLM-000610,A,2021,2021-03-05,2021-03-15,2023-01-14,Closed
CLM-000611,A,2021,2021-10-02,2021-10-18,2023-03-04,Closed
CLM-000612,A,2021,2021-05-11,2021-08-30,2022-09-27,Closed
CLM-000613,A,2021,2021-10-15,2021-12-06,2023-04-07,Closed
CLM-000614,A,2021,2021-06-24,2021-07-05,2022-06-30,Closed
CLM-000615,A,2021,2021-10-20,2021-11-20,2023-05-20,Closed
CLM-000616,A,2022,2022-02-23,2022-03-10,2024-07-22,Closed
CLM-000617,A,2022,2022-08-10,2022-09-05,2023-01-13,Closed
CLM-000618,A,2022,2022-02-13,2022-02-21,2023-03-26,Closed
CLM-000619,A,2022,2022-04-12,2022-05-14,2024-04-11,Closed
CLM-000620,A,2022,2022-03-31,2022-04-08,2023-01-19,Closed
CLM-000621,A,2022,2022-08-22,2022-10-24,2023-11-09,Closed
CLM-000622,A,2022,2022-05-01,2022-05-07,2025-08-21,Closed
CLM-000623,A,2022,2022-07-28,2022-08-06,2024-06-12,Closed
CLM-000624,A,2022,2022-09-24,2022-10-20,2024-01-22,Closed
CLM-000625,A,2022,2022-10-19,2022-12-22,2024-03-20,Closed
CLM-000626,A,2022,2022-03-09,2022-04-02,,Open
CLM-000627,A,2022,2022-11-26,2022-12-25,2024-03-13,Closed
CLM-000628,A,2022,2022-03-02,2022-03-22,2023-05-14,Closed
CLM-000629,A,2022,2022-01-08,2022-01-17,2023-03-24,Closed
CLM-000630,A,2022,2022-01-17,2022-01-31,2023-08-17,Closed
CLM-000631,A,2022,2022-03-15,2022-03-23,2023-03-16,Closed
CLM-000632,A,2022,2022-11-15,2022-11-23,,Open
CLM-000633,A,2022,2022-03-17,2022-04-12,2024-02-24,Closed
CLM-000634,A,2022,2022-09-11,2022-09-20,2024-10-21,Closed
CLM-000635,A,2022,2022-06-02,2022-06-27,2024-05-05,Closed
CLM-000636,A,2022,2022-01-15,2022-01-23,2022-08-13,Closed
CLM-000637,A,2022,2022-06-12,2022-07-06,2024-10-07,Closed
CLM-000638,A,2022,2022-01-11,2022-01-25,2024-01-29,Closed
CLM-000639,A,2022,2022-06-23,2022-08-15,2024-09-04,Closed
CLM-000640,A,2022,2022-07-23,2022-08-17,2024-03-16,Closed
CLM-000641,A,2022,2022-07-10,2022-08-26,2023-04-16,Closed
CLM-000642,A,2022,2022-04-14,2022-04-25,2024-06-23,Closed
CLM-000643,A,2022,2022-10-07,2022-10-27,2025-11-07,Closed
CLM-000644,A,2022,2022-08-06,2022-08-16,2024-06-17,Closed
CLM-000645,A,2022,2022-04-03,2022-04-17,2024-04-27,Closed
CLM-000646,A,2022,2022-06-08,2022-06-24,2024-10-30,Closed
CLM-000647,A,2022,2022-02-09,2022-02-21,2023-07-17,Closed
CLM-000648,A,2022,2022-12-04,2022-12-12,2024-02-05,Closed
CLM-000649,A,2022,2022-10-02,2022-10-09,2023-07-30,Closed
CLM-000650,A,2022,2022-04-16,2022-04-19,2022-11-18,Closed
CLM-000651,A,2022,2022-09-04,2022-09-13,2025-01-02,Closed
CLM-000652,A,2022,2022-09-05,2022-10-06,2024-03-04,Closed
CLM-000653,A,2022,2022-08-11,2022-08-17,2024-10-25,Closed
CLM-000654,A,2022,2022-01-20,2022-01-27,2023-03-26,Closed
CLM-000655,A,2022,2022-11-17,2023-01-26,2025-07-04,Closed
CLM-000656,A,2022,2022-12-15,2022-12-27,2024-07-07,Closed
CLM-000657,A,2022,2022-12-22,2023-01-16,2024-08-24,Closed
CLM-000658,A,2022,2022-12-24,2023-01-24,2025-01-09,Closed
CLM-000659,A,2022,2022-12-06,2023-01-06,2024-12-20,Closed
CLM-000660,A,2022,2022-09-27,2022-10-03,2024-07-24,Closed
CLM-000661,A,2022,2022-01-21,2022-02-07,2023-10-26,Closed
CLM-000662,A,2022,2022-06-19,2022-06-25,2024-05-11,Closed
CLM-000663,A,2022,2022-03-31,2022-07-19,2024-04-20,Closed
CLM-000664,A,2022,2022-03-22,2022-03-28,2024-04-27,Closed
CLM-000665,A,2022,2022-10-31,2022-11-09,2025-02-07,Closed
CLM-000666,A,2022,2022-10-24,2022-11-02,2024-09-12,Closed
CLM-000667,A,2022,2022-07-10,2022-07-17,2023-08-07,Closed
CLM-000668,A,2022,2022-09-26,2022-11-16,2024-06-05,Closed
CLM-000669,A,2022,2022-02-17,2022-06-06,2024-03-04,Closed
CLM-000670,A,2022,2022-03-23,2022-04-06,2024-08-09,Closed
CLM-000671,A,2022,2022-11-11,2022-11-18,2025-07-12,Closed
CLM-000672,A,2022,2022-06-14,2022-06-18,2023-04-14,Closed
CLM-000673,A,2022,2022-07-19,2022-08-04,2024-04-06,Closed
CLM-000674,A,2022,2022-06-18,2022-07-04,2024-05-23,Closed
CLM-000675,A,2022,2022-03-15,2022-03-27,2023-08-19,Closed
CLM-000676,A,2022,2022-10-29,2022-11-21,2024-06-18,Closed
CLM-000677,A,2022,2022-10-04,2022-10-30,2023-12-29,Closed
CLM-000678,A,2022,2022-09-07,2022-10-02,2024-09-29,Closed
CLM-000679,A,2022,2022-05-09,2022-05-25,2024-04-22,Closed
CLM-000680,A,2022,2022-08-23,2022-09-01,2025-01-01,Closed
CLM-000681,A,2022,2022-12-14,2023-01-14,2025-12-28,Closed
CLM-000682,A,2022,2022-08-26,2022-09-15,2023-12-30,Closed
CLM-000683,A,2022,2022-06-30,2022-08-06,2023-10-09,Closed
CLM-000684,A,2022,2022-04-09,2022-05-13,2025-05-18,Closed
CLM-000685,A,2022,2022-07-10,2022-07-17,2022-10-28,Closed
CLM-000686,A,2022,2022-05-16,2022-05-23,2023-12-30,Closed
CLM-000687,A,2022,2022-08-12,2022-08-23,2024-11-04,Closed
CLM-000688,A,2022,2022-01-17,2022-01-26,2024-02-23,Closed
CLM-000689,A,2022,2022-03-11,2022-04-13,2024-07-24,Closed
CLM-000690,A,2022,2022-10-15,2022-11-09,2024-01-30,Closed
CLM-000691,A,2022,2022-05-19,2022-07-01,2023-12-02,Closed
CLM-000692,A,2022,2022-06-08,2022-07-04,2023-05-29,Closed
CLM-000693,A,2022,2022-07-18,2022-08-10,2024-05-23,Closed
CLM-000694,A,2022,2022-06-09,2022-07-25,2025-01-16,Closed
CLM-000695,A,2022,2022-10-04,2022-10-31,2023-10-25,Closed
CLM-000696,A,2022,2022-03-31,2022-04-20,2023-10-08,Closed
CLM-000697,A,2022,2022-10-04,2022-11-29,2025-05-17,Closed
CLM-000698,A,2022,2022-03-18,2022-04-08,2024-09-30,Closed
CLM-000699,A,2022,2022-05-16,2022-06-01,2024-04-06,Closed
CLM-000700,A,2022,2022-08-03,2022-08-14,2024-05-05,Closed
CLM-000701,A,2022,2022-11-20,2022-12-22,2024-06-24,Closed
CLM-000702,A,2022,2022-03-26,2022-05-12,2025-05-13,Closed
CLM-000703,A,2022,2022-08-03,2022-08-22,2024-10-17,Closed
CLM-000704,A,2022,2022-01-24,2022-03-14,2023-11-16,Closed
CLM-000705,A,2022,2022-01-28,2022-02-02,2023-06-03,Closed
CLM-000706,A,2022,2022-10-08,2022-10-27,2023-12-04,Closed
CLM-000707,A,2022,2022-09-20,2022-10-09,2025-02-24,Closed
CLM-000708,A,2022,2022-05-18,2022-05-30,2023-06-22,Closed
CLM-000709,A,2022,2022-08-16,2022-11-30,2024-06-09,Closed
CLM-000710,A,2022,2022-05-19,2022-06-07,2025-04-09,Closed
CLM-000711,A,2022,2022-04-12,2022-04-27,2024-08-12,Closed
CLM-000712,A,2022,2022-06-07,2022-06-27,2023-11-24,Closed
CLM-000713,A,2022,2022-04-24,2022-04-28,2023-06-06,Closed
CLM-000714,A,2022,2022-10-25,2022-11-05,2025-01-14,Closed
CLM-000715,A,2022,2022-05-31,2022-07-09,2024-04-27,Closed
CLM-000716,A,2022,2022-04-28,2022-05-10,2022-09-19,Closed
CLM-000717,A,2022,2022-07-15,2022-07-26,2024-10-07,Closed
CLM-000718,A,2022,2022-10-04,2022-11-23,,Open
CLM-000719,A,2022,2022-04-10,2022-05-31,2024-07-04,Closed
CLM-000720,A,2022,2022-12-09,2023-01-06,2024-10-22,Closed
CLM-000721,A,2022,2022-06-19,2022-07-03,2025-01-16,Closed
CLM-000722,A,2022,2022-08-30,2022-09-15,2023-08-14,Closed
CLM-000723,A,2022,2022-12-16,2022-12-27,2024-08-28,Closed
CLM-000724,A,2022,2022-06-07,2022-06-16,2024-02-18,Closed
CLM-000725,A,2022,2022-03-14,2022-03-23,2024-08-13,Closed
CLM-000726,A,2022,2022-09-30,2022-10-12,2024-01-27,Closed
CLM-000727,A,2022,2022-01-03,2022-01-12,2023-04-26,Closed
CLM-000728,A,2022,2022-06-17,2022-06-23,2023-06-20,Closed
CLM-000729,A,2022,2022-12-24,2023-01-16,2025-09-12,Closed
CLM-000730,A,2022,2022-06-01,2022-06-24,2023-09-18,Closed
CLM-000731,A,2022,2022-09-07,2022-11-11,2023-07-21,Closed
CLM-000732,A,2022,2022-07-11,2022-07-23,2024-07-03,Closed
CLM-000733,A,2022,2022-03-20,2022-04-13,2023-11-14,Closed
CLM-000734,A,2022,2022-04-26,2022-05-20,2023-07-12,Closed
CLM-000735,A,2022,2022-07-11,2022-07-27,2024-06-23,Closed
CLM-000736,A,2022,2022-02-08,2022-03-13,2023-11-04,Closed
CLM-000737,A,2022,2022-06-01,2022-07-05,2024-02-26,Closed
CLM-000738,A,2022,2022-06-01,2022-06-26,2022-10-29,Closed
CLM-000739,A,2022,2022-11-01,2022-11-17,2024-01-16,Closed
CLM-000740,A,2022,2022-02-15,2022-03-02,2023-03-04,Closed
CLM-000741,A,2022,2022-11-04,2022-11-11,2024-02-21,Closed
CLM-000742,A,2022,2022-05-30,2022-06-10,2022-09-15,Closed
CLM-000743,A,2022,2022-08-26,2022-09-07,2025-04-09,Closed
CLM-000744,A,2022,2022-07-23,2022-08-01,2024-01-23,Closed
CLM-000745,A,2022,2022-04-20,2022-05-17,2025-05-07,Closed
CLM-000746,A,2022,2022-12-06,2023-01-21,,Open
CLM-000747,A,2022,2022-03-23,2022-04-02,2025-01-14,Closed
CLM-000748,A,2022,2022-01-14,2022-02-07,2023-12-25,Closed
CLM-000749,A,2022,2022-10-01,2022-10-10,2024-09-16,Closed
CLM-000750,A,2022,2022-08-15,2022-08-31,2024-06-10,Closed
CLM-000751,A,2022,2022-11-22,2022-12-04,2023-11-10,Closed
CLM-000752,A,2022,2022-06-17,2022-07-17,2024-08-04,Closed
CLM-000753,A,2022,2022-01-07,2022-01-19,2024-04-03,Closed
CLM-000754,A,2022,2022-01-08,2022-02-17,2024-05-27,Closed
CLM-000755,A,2022,2022-06-08,2022-06-24,2023-05-27,Closed
CLM-000756,A,2022,2022-04-02,2022-04-14,2023-08-09,Closed
CLM-000757,A,2022,2022-12-03,2022-12-11,2024-05-28,Closed
CLM-000758,A,2022,2022-02-13,2022-03-08,2025-02-06,Closed
CLM-000759,A,2022,2022-11-18,2022-12-25,2023-04-20,Closed
CLM-000760,A,2022,2022-03-21,2022-04-14,2023-02-18,Closed
CLM-000761,A,2022,2022-02-13,2022-05-19,2025-03-10,Closed
CLM-000762,A,2022,2022-04-11,2022-06-04,2025-11-06,Closed
CLM-000763,A,2022,2022-02-22,2022-03-10,2023-06-08,Closed
CLM-000764,A,2022,2022-05-27,2022-06-12,2023-01-06,Closed
CLM-000765,,2022,2022-05-01,2022-05-28,2023-07-09,Closed
CLM-000766,A,2022,2022-07-13,2022-07-24,2024-10-10,Closed
CLM-000767,A,2022,2022-07-16,2022-08-30,2024-03-18,Closed
CLM-000768,A,2022,2022-01-01,2022-01-26,2023-03-18,Closed
CLM-000769,A,2022,2022-02-15,2022-03-10,2023-07-28,Closed
CLM-000770,A,2022,2022-03-01,2022-04-02,2023-07-01,Closed
CLM-000771,A,2022,2022-03-13,2022-05-18,2024-09-22,Closed
CLM-000772,A,2022,2022-02-04,2022-02-26,2023-04-30,Closed
CLM-000773,A,2022,2022-04-25,2022-05-13,2023-06-30,Closed
CLM-000774,A,2022,2022-07-20,2022-09-15,2023-11-01,Closed
CLM-000775,A,2022,2022-04-23,2022-06-01,2022-11-30,Closed
CLM-000776,A,2022,2022-05-01,2022-05-16,2023-12-28,Closed
CLM-000777,A,2022,2022-06-21,2022-07-11,2024-12-24,Closed
CLM-000778,A,2022,2022-07-20,2022-08-11,2023-12-06,Closed
CLM-000779,A,2022,2022-05-01,2022-05-26,2024-04-13,Closed
CLM-000780,A,2022,2022-03-22,2022-03-29,2024-10-05,Closed
CLM-000781,A,2022,2022-05-30,2022-06-05,2024-01-10,Closed
CLM-000782,A,2022,2022-01-09,2022-01-19,2022-11-27,Closed
CLM-000783,A,2022,2022-06-29,2022-07-09,,Open
CLM-000784,A,2022,2022-12-10,2022-12-22,2024-06-09,Closed
CLM-000785,A,2022,2022-05-26,2022-06-26,2023-01-19,Closed
CLM-000786,A,2022,2022-02-09,2022-02-26,,Open
CLM-000787,A,2022,2022-09-16,2022-10-08,2024-04-22,Closed
CLM-000788,A,2022,2022-02-16,2022-02-24,2024-09-30,Closed
CLM-000789,A,2022,2022-03-12,2022-03-26,,Open
CLM-000790,A,2022,2022-02-23,2022-03-25,2025-03-27,Closed
CLM-000791,A,2022,2022-11-19,2022-12-19,2024-01-31,Closed
CLM-000792,A,2022,2022-12-25,2023-01-06,2025-09-01,Closed
CLM-000793,A,2022,2022-07-27,2022-08-18,2024-04-06,Closed
CLM-000794,A,2022,2022-08-14,2022-11-15,2024-09-01,Closed
CLM-000795,A,2022,2022-08-24,2022-09-12,2023-03-03,Closed
CLM-000796,A,2022,2022-08-11,2022-08-23,2023-11-05,Closed
CLM-000797,A,2022,2022-07-18,2022-08-04,2023-10-04,Closed
CLM-000798,A,2022,2022-12-27,2023-01-17,2025-06-24,Closed
CLM-000799,A,2022,2022-09-25,2022-10-12,2023-05-23,Closed
CLM-000800,A,2022,2022-02-02,2022-02-21,2025-03-13,Closed
CLM-000801,A,2022,2022-05-24,2022-05-31,2023-11-26,Closed
CLM-000802,A,2022,2022-12-22,2023-01-01,2025-03-18,Closed
CLM-000803,A,2022,2022-05-28,2022-06-15,2023-09-11,Closed
CLM-000804,A,2022,2022-03-16,2022-04-02,2023-10-21,Closed
CLM-000805,A,2022,2022-11-13,2022-11-26,2023-12-31,Closed
CLM-000806,A,2022,2022-08-16,2022-09-02,2024-01-17,Closed
CLM-000807,A,2022,2022-07-25,2022-08-14,2024-05-21,Closed
CLM-000808,A,2022,2022-06-03,2022-07-10,,Open
CLM-000809,A,2022,2022-02-15,2022-03-05,2025-08-16,Closed
CLM-000810,A,2022,2022-05-21,2022-06-16,2023-01-18,Closed
CLM-000811,A,2022,2022-06-09,2022-06-22,2024-12-06,Closed
CLM-000812,A,2022,2022-12-06,2023-01-04,2023-12-23,Closed
CLM-000813,A,2022,2022-04-23,2022-05-19,2023-08-14,Closed
CLM-000814,A,2022,2022-02-24,2022-04-01,2023-01-11,Closed
CLM-000815,A,2022,2022-06-06,2022-07-08,2023-05-04,Closed
CLM-000816,A,2022,2022-12-30,2023-01-29,2025-02-14,Closed
CLM-000817,A,2022,2022-06-26,2022-07-14,2025-06-19,Closed
CLM-000818,A,2022,2022-05-19,2022-06-11,,Open
CLM-000819,A,2022,2022-09-01,2022-10-13,2023-08-03,Closed
CLM-000820,A,2022,2022-08-25,2022-09-06,2024-07-03,Closed
CLM-000821,A,2022,2022-04-20,2022-05-02,2022-10-12,Closed
CLM-000822,A,2022,2022-12-20,2023-01-11,2023-07-31,Closed
CLM-000823,A,2022,2022-08-05,2022-08-31,2023-07-05,Closed
CLM-000824,A,2022,2022-01-22,2022-02-02,2024-02-06,Closed
CLM-000825,A,2022,2022-05-29,2022-06-16,,Open
CLM-000826,A,2022,2022-12-03,2022-12-21,,Open
CLM-000827,A,2022,2022-05-24,2022-05-28,2022-12-23,Closed
CLM-000828,A,2022,2022-07-27,2022-08-13,2023-09-29,Closed
CLM-000829,A,2022,2022-08-12,,2023-12-11,Closed
CLM-000830,A,2022,2022-09-15,2022-10-02,,Open
CLM-000831,A,2022,2022-11-15,2023-01-07,2024-01-24,Closed
CLM-000832,A,2022,2022-02-24,2022-03-04,2023-11-30,Closed
CLM-000833,A,2022,2022-07-08,2022-07-19,2024-08-12,Closed
CLM-000834,A,2022,2022-07-14,2022-07-17,2023-09-01,Closed
CLM-000835,A,2022,2022-02-25,2022-03-11,2024-02-18,Closed
CLM-000836,A,2022,2022-09-03,2022-09-18,2024-08-07,Closed
CLM-000837,A,2022,2022-02-13,2022-02-26,2024-01-05,Closed
CLM-000838,A,2022,2022-06-16,2022-07-29,2023-08-26,Closed
CLM-000839,A,2022,2022-05-01,2022-06-06,2024-07-21,Closed
CLM-000840,A,2022,2022-02-26,2022-03-19,2023-02-03,Closed
CLM-000841,A,2022,2022-10-28,2022-11-12,2025-03-30,Closed
CLM-000842,A,2022,2022-03-31,2022-05-11,2023-07-08,Closed
CLM-000843,A,2022,2022-04-04,2022-04-23,2023-09-07,Closed
CLM-000844,A,2022,2022-11-08,2022-11-19,2024-02-18,Closed
CLM-000845,A,2022,2022-11-17,2022-11-23,2023-09-18,Closed
CLM-000846,A,2022,2022-01-13,2022-01-27,2022-08-19,Closed
CLM-000847,A,2022,2022-04-12,2022-05-15,2024-04-10,Closed
CLM-000848,A,2022,2022-09-16,2022-12-23,2025-09-01,Closed
CLM-000849,A,2022,2022-10-12,2022-11-01,2023-02-04,Closed
CLM-000850,A,2022,2022-12-31,2023-01-11,2024-05-07,Closed
CLM-000851,A,2022,2022-07-22,2022-07-30,,Open
CLM-000852,A,2022,2022-01-03,2022-02-01,2023-10-21,Closed
CLM-000853,A,2022,2022-11-15,2022-11-20,2025-03-16,Closed
CLM-000854,A,2022,2022-02-28,2022-03-29,2023-08-05,Closed
CLM-000855,A,2022,2022-02-14,2022-03-21,2023-04-05,Closed
CLM-000856,A,2022,2022-09-04,2022-10-01,2024-07-30,Closed
CLM-000857,A,2022,2022-08-09,2022-08-26,2025-05-31,Closed
CLM-000858,A,2022,2022-01-22,2022-02-20,,Open
CLM-000859,A,2022,2022-03-03,2022-03-25,2023-05-06,Closed
CLM-000860,A,2022,2022-08-04,2022-08-15,2023-06-29,Closed
CLM-000861,A,2022,2022-04-04,2022-06-16,2023-06-24,Closed
CLM-000862,A,2022,2022-09-07,2022-09-22,2024-07-19,Closed
CLM-000863,A,2022,2022-05-31,2022-07-04,2023-11-01,Closed
CLM-000864,A,2022,2022-08-03,2022-08-06,2024-04-12,Closed
CLM-000865,A,2022,2022-06-23,2022-08-10,2024-06-29,Closed
CLM-000866,A,2022,2022-05-14,2022-07-08,2024-10-16,Closed
CLM-000867,A,2022,2022-05-05,2022-05-25,2023-12-15,Closed
CLM-000868,A,2022,2022-09-12,2022-10-11,2024-10-05,Closed
CLM-000869,A,2022,2022-07-07,2022-08-05,2023-08-23,Closed
CLM-000870,A,2022,2022-08-05,2022-08-17,2025-01-21,Closed
CLM-000871,A,2022,2022-07-30,2022-08-28,2022-12-29,Closed
CLM-000872,A,2022,2022-03-17,2022-03-28,2024-04-30,Closed
CLM-000873,A,2022,2022-11-30,2022-12-13,2023-07-04,Closed
CLM-000874,A,2022,2022-07-25,2022-09-07,2023-12-16,Closed
CLM-000875,A,2022,2022-09-20,2022-10-29,2024-08-16,Closed
CLM-000876,A,2022,2022-11-18,2022-11-30,2025-06-12,Closed
CLM-000877,A,2022,2022-12-04,2022-12-15,2025-12-24,Closed
CLM-000878,A,2022,2022-09-01,2022-09-13,2023-04-26,Closed
CLM-000879,A,2022,2022-10-15,2022-11-17,2025-02-15,Closed
CLM-000880,A,2022,2022-06-22,2022-07-01,2024-04-09,Closed
CLM-000881,A,2022,2022-09-27,2022-10-22,2024-05-20,Closed
CLM-000882,A,2022,2022-04-28,2022-05-31,2024-12-24,Closed
CLM-000883,A,2022,2022-09-17,2022-10-05,2023-12-17,Closed
CLM-000884,A,2022,2022-02-01,2022-03-13,2023-11-01,Closed
CLM-000885,A,2022,2022-11-30,2022-12-16,2025-02-25,Closed
CLM-000886,A,2022,2022-03-31,2022-04-17,2023-12-02,Closed
CLM-000887,A,2022,2022-08-28,2022-09-07,2024-06-11,Closed
CLM-000888,A,2022,2022-01-05,2022-02-14,2024-04-14,Closed
CLM-000889,A,2022,2022-02-26,2022-03-09,2024-06-13,Closed
CLM-000890,A,2022,2022-12-27,2023-01-21,2025-03-17,Closed
CLM-000891,A,2022,2022-11-01,2022-11-20,2025-03-16,Closed
CLM-000892,A,2022,2022-03-23,2022-04-01,2023-04-07,Closed
CLM-000893,A,2022,2022-02-17,2022-03-02,2023-04-24,Closed
CLM-000894,A,2022,2022-10-25,2022-12-16,2024-03-11,Closed
CLM-000895,A,2022,2022-12-28,2023-01-20,2024-04-27,Closed
CLM-000896,A,2022,2022-03-03,2022-03-12,2023-08-18,Closed
CLM-000897,A,2022,2022-08-31,2022-09-24,2024-09-01,Closed
CLM-000898,A,2022,2022-04-14,2022-05-02,2024-03-16,Closed
CLM-000899,A,2022,2022-09-29,2023-05-11,2024-06-14,Closed
CLM-000900,A,2022,2022-06-02,2022-06-26,2023-03-09,Closed
CLM-000901,A,2022,2022-02-15,2022-03-02,2024-03-14,Closed
CLM-000902,A,2022,2022-04-29,2022-06-22,2022-12-27,Closed
CLM-000903,A,2022,2022-07-16,2022-07-21,2023-11-03,Closed
CLM-000904,A,2022,2022-10-19,2022-11-09,2024-10-04,Closed
CLM-000905,A,2022,2022-01-08,2022-03-29,2022-12-15,Closed
CLM-000906,A,2022,2022-12-16,2023-01-03,2024-07-31,Closed
CLM-000907,A,2022,2022-08-26,2022-08-31,2023-10-02,Closed
CLM-000908,A,2022,2022-11-16,,2024-12-31,Closed
CLM-000909,A,2022,2022-12-06,2023-01-30,2023-11-14,Closed
CLM-000910,A,2022,2022-02-26,2022-03-24,2023-08-05,Closed
CLM-000911,A,2022,2022-02-04,2022-02-15,2025-07-03,Closed
CLM-000912,A,2022,2022-10-11,2022-10-23,2023-06-15,Closed
CLM-000913,A,2022,2022-03-10,2022-03-23,2023-11-18,Closed
CLM-000914,A,2022,2022-02-24,2022-03-21,2023-09-13,Closed
CLM-000915,A,2022,2022-06-21,2022-08-11,2025-09-18,Closed
CLM-000916,A,2022,2022-11-30,2023-01-10,2023-09-03,Closed
CLM-000917,A,2022,2022-10-18,2022-11-14,2024-11-07,Closed
CLM-000918,A,2022,2022-07-09,2022-07-16,2023-02-05,Closed
CLM-000919,A,2022,2022-03-13,2022-03-20,2024-02-21,Closed
CLM-000920,A,2022,2022-05-03,2022-06-01,2024-03-28,Closed
CLM-000921,A,2022,2022-09-09,2022-09-16,2025-06-19,Closed
CLM-000922,A,2022,2022-02-27,2022-03-16,2024-11-25,Closed
CLM-000923,A,2022,2022-07-11,2022-08-04,2023-09-10,Closed
CLM-000924,A,2022,2022-01-05,2022-01-14,2023-06-22,Closed
CLM-000925,A,2022,2022-04-29,2022-05-08,2024-12-24,Closed
CLM-000926,A,2022,2022-04-01,2022-04-19,2023-03-28,Closed
CLM-000927,A,2022,2022-09-06,2022-10-04,2023-05-13,Closed
CLM-000928,A,2022,2022-11-30,2023-01-11,2024-07-17,Closed
CLM-000929,A,2022,2022-02-23,2022-03-25,2025-05-13,Closed
CLM-000930,A,2022,2022-10-19,2022-11-09,2024-01-03,Closed
CLM-000931,A,2022,2022-08-28,2022-09-08,2023-11-14,Closed
CLM-000932,A,2022,2022-12-20,2022-12-29,2024-06-07,Closed
CLM-000933,A,2022,2022-11-29,2022-12-12,2024-07-28,Closed
CLM-000934,A,2022,2022-02-06,2022-03-04,2023-05-19,Closed
CLM-000935,A,2022,2022-09-29,2022-10-24,2023-08-15,Closed
CLM-000936,A,2022,2022-08-05,2022-08-09,2023-10-20,Closed
CLM-000937,A,2022,2022-02-11,2022-02-22,2024-06-18,Closed
CLM-000938,A,2022,2022-04-04,2022-05-20,2024-03-01,Closed
CLM-000939,A,2022,2022-12-05,2022-12-26,2025-10-09,Closed
CLM-000940,A,2022,2022-07-18,2022-07-25,2024-02-04,Closed
CLM-000941,A,2023,2023-02-16,2023-03-06,2025-05-07,Closed
CLM-000942,A,2023,2023-08-13,2023-08-27,2024-12-07,Closed
CLM-000943,A,2023,2023-10-13,2023-11-04,2025-04-30,Closed
CLM-000944,A,2023,2023-02-17,2023-05-04,2024-12-19,Closed
CLM-000945,A,2023,2023-01-15,2023-01-30,2025-01-25,Closed
CLM-000946,A,2023,2023-11-24,2023-12-18,2024-11-04,Closed
CLM-000947,A,2023,2023-12-07,2024-02-25,2025-03-12,Closed
CLM-000948,A,2023,2023-02-27,2023-03-12,2023-07-27,Closed
CLM-000949,A,2023,2023-11-26,2024-02-05,,Open
CLM-000950,A,2023,2023-11-29,2023-12-19,2025-09-28,Closed
CLM-000951,A,2023,2023-12-31,2024-03-09,2024-12-25,Closed
CLM-000952,A,2023,2023-03-20,2023-04-22,,Open
CLM-000953,A,2023,2023-07-31,2023-08-24,2025-08-15,Closed
CLM-000954,A,2023,2023-12-29,2024-01-17,2025-04-11,Closed
CLM-000955,A,2023,2023-11-26,2023-12-08,2024-08-22,Closed
CLM-000956,A,2023,2023-08-09,2023-08-30,2024-12-12,Closed
CLM-000957,A,2023,2023-03-13,2023-04-19,2025-04-22,Closed
CLM-000958,A,2023,2023-01-31,2023-02-19,2024-03-28,Closed
CLM-000959,A,2023,2023-04-05,2023-04-21,2025-05-09,Closed
CLM-000960,A,2023,2023-01-24,2023-02-09,2023-12-29,Closed
CLM-000961,A,2023,2023-03-13,2023-04-22,2024-07-26,Closed
CLM-000962,A,2023,2023-01-28,2023-03-16,2024-03-22,Closed
CLM-000963,A,2023,2023-10-06,2023-10-18,2025-06-15,Closed
CLM-000964,A,2023,2023-08-04,2023-08-16,2025-09-30,Closed
CLM-000965,A,2023,2023-07-09,2023-08-04,2025-07-11,Closed
CLM-000966,A,2023,2023-10-23,2023-12-20,2025-01-30,Closed
CLM-000967,A,2023,2023-05-30,2023-07-13,2024-05-12,Closed
CLM-000968,A,2023,2023-05-28,2023-06-05,2024-03-23,Closed
CLM-000969,A,2023,2023-03-17,2023-04-02,2025-04-27,Closed
CLM-000970,A,2023,2023-06-12,2023-06-22,2025-10-06,Closed
CLM-000971,A,2023,2023-03-05,2023-03-21,,Open
CLM-000972,A,2023,2023-08-04,2023-10-04,2025-11-16,Closed
CLM-000973,A,2023,2023-12-31,2024-01-07,2025-12-03,Closed
CLM-000974,A,2023,2023-07-14,2023-07-20,2025-03-05,Closed
CLM-000975,A,2023,2023-04-20,2023-05-01,2025-06-16,Closed
CLM-000976,A,2023,2023-09-09,2023-10-03,2025-02-19,Closed
CLM-000977,A,2023,2023-10-27,2023-11-26,2025-04-30,Closed
CLM-000978,A,2023,2023-06-22,2023-07-19,2024-12-14,Closed
CLM-000979,A,2023,2023-04-02,2023-05-17,,Open
CLM-000980,A,2023,2023-09-18,2023-09-23,,Open
CLM-000981,A,2023,2023-03-10,2023-04-24,,Open
CLM-000982,A,2023,2023-12-31,2024-01-16,2025-03-05,Closed
CLM-000983,A,2023,2023-04-27,2023-05-30,2024-09-27,Closed
CLM-000984,A,2023,2023-05-08,2023-05-15,2025-06-16,Closed
CLM-000985,A,2023,2023-09-23,2023-10-13,2025-08-19,Closed
CLM-000986,A,2023,2023-01-05,2023-01-28,2024-08-09,Closed
CLM-000987,A,2023,2023-03-16,2023-04-29,2024-09-13,Closed
CLM-000988,A,2023,2023-02-15,2023-02-21,2024-10-05,Closed
CLM-000989,A,2023,2023-05-23,2023-06-12,2025-12-29,Closed
CLM-000990,A,2023,2023-07-22,2023-07-31,2024-05-04,Closed
CLM-000991,A,2023,2023-03-07,2023-04-04,2024-04-27,Closed
CLM-000992,A,2023,2023-05-06,2023-06-09,,Open
CLM-000993,A,2023,2023-10-09,2023-11-27,2025-06-13,Closed
CLM-000994,A,2023,2023-12-10,2023-12-23,2025-01-11,Closed
CLM-000995,A,2023,2023-01-06,2023-02-13,2023-09-30,Closed
CLM-000996,A,2023,2023-08-18,2023-10-08,2025-07-11,Closed
CLM-000997,A,2023,2023-01-10,2023-01-16,,Open
CLM-000998,A,2023,2023-07-09,2023-08-08,,Open
CLM-000999,A,2023,2023-11-18,2023-12-27,2025-04-03,Closed
CLM-001000,A,2023,2023-10-19,2023-11-04,2024-07-02,Closed
CLM-001001,A,2023,2023-03-26,2023-04-03,2024-12-07,Closed
CLM-001002,A,2023,2023-04-05,2023-05-13,2024-12-19,Closed
CLM-001003,A,2023,2023-10-13,2023-10-21,2025-11-19,Closed
CLM-001004,A,2023,2023-10-27,2023-11-13,2025-06-19,Closed
CLM-001005,A,2023,2023-04-13,2023-05-02,2024-12-02,Closed
CLM-001006,A,2023,2023-01-02,2023-02-04,,Open
CLM-001007,A,2023,2023-06-12,2023-06-24,2025-11-16,Closed
CLM-001008,A,2023,2023-08-15,2023-08-27,2024-09-18,Closed
CLM-001009,A,2023,2023-06-11,2023-07-02,2024-09-21,Closed
CLM-001010,A,2023,2023-12-08,2024-01-17,2025-02-04,Closed
CLM-001011,A,2023,2023-10-24,2024-01-31,2025-03-08,Closed
CLM-001012,A,2023,2023-10-15,2023-10-21,2024-12-05,Closed
CLM-001013,A,2023,2023-01-08,2023-02-01,2023-09-20,Closed
CLM-001014,A,2023,2023-11-08,2023-11-17,2025-09-01,Closed
CLM-001015,A,2023,2023-10-03,2023-11-12,,Open
CLM-001016,A,2023,2023-05-25,2023-06-04,2025-03-30,Closed
CLM-001017,A,2023,2023-08-04,2023-08-16,2024-10-25,Closed
CLM-001018,A,2023,2023-10-28,2023-11-10,2024-11-07,Closed
CLM-001019,A,2023,2023-11-27,2023-12-15,2024-04-23,Closed
CLM-001020,A,2023,2023-07-21,2023-08-15,2024-02-02,Closed
CLM-001021,A,2023,2023-01-16,2023-02-13,2025-03-10,Closed
CLM-001022,A,2023,2023-08-14,2023-09-02,,Open
CLM-001023,A,2023,2023-09-06,2023-09-13,2025-08-06,Closed
CLM-001024,A,2023,2023-01-22,2023-02-24,2024-07-27,Closed
CLM-001025,A,2023,2023-10-26,2023-11-14,,Open
CLM-001026,A,2023,2023-03-15,2023-04-29,2024-11-24,Closed
CLM-001027,A,2023,2023-11-22,2023-12-04,2025-03-11,Closed
CLM-001028,A,2023,2023-07-21,2023-07-27,2025-03-30,Closed
CLM-001029,A,2023,2023-04-28,2023-05-17,2024-08-22,Closed
CLM-001030,A,2023,2023-01-22,2023-03-12,,Open
CLM-001031,A,2023,2023-01-07,2023-01-29,2025-05-30,Closed
CLM-001032,A,2023,2023-09-28,2023-10-15,2025-08-23,Closed
CLM-001033,A,2023,2023-05-18,2023-05-28,,Open
CLM-001034,A,2023,2023-11-03,2024-01-10,2025-07-10,Closed
CLM-001035,A,2023,2023-03-26,2023-04-04,2025-08-05,Closed
CLM-001036,A,2023,2023-12-02,2023-12-14,2025-03-31,Closed
CLM-001037,A,2023,2023-12-10,2024-01-08,2025-01-03,Closed
CLM-001038,A,2023,2023-02-07,2023-02-12,2025-03-20,Closed
CLM-001039,A,2023,2023-08-25,2023-10-12,,Open
CLM-001040,A,2023,2023-12-09,2024-01-08,2025-03-02,Closed
CLM-001041,A,2023,2023-04-28,2023-06-04,2025-03-01,Closed
CLM-001042,A,2023,2023-01-25,2023-02-23,2024-07-07,Closed
CLM-001043,A,2023,2023-11-16,2023-12-03,,Open
CLM-001044,A,2023,2023-06-23,2023-07-02,2025-09-03,Closed
CLM-001045,A,2023,2023-01-10,2023-01-28,2025-03-28,Closed
CLM-001046,A,2023,2023-11-03,2023-11-13,,Open
CLM-001047,A,2023,2023-09-05,2023-10-03,2025-10-12,Closed
CLM-001048,A,2023,2023-01-26,2023-03-02,2024-11-06,Closed
CLM-001049,A,2023,2023-04-05,2023-05-31,2024-02-10,Closed
CLM-001050,A,2023,2023-01-07,2023-02-01,2024-10-24,Closed
CLM-001051,A,2023,2023-12-15,2024-01-22,,Open
CLM-001052,A,2023,2023-01-10,2023-01-26,2024-06-03,Closed
CLM-001053,A,2023,2023-10-18,2023-11-01,2025-04-23,Closed
CLM-001054,A,2023,2023-07-06,2023-08-02,,Open
CLM-001055,A,2023,2023-08-01,2023-08-16,2025-08-08,Closed
CLM-001056,A,2023,2023-10-24,2023-11-17,2024-10-15,Closed
CLM-001057,A,2023,2023-11-23,2023-12-02,,Open
CLM-001058,A,2023,2023-02-16,2023-02-26,2024-12-31,Closed
CLM-001059,A,2023,2023-01-07,2023-02-07,2025-07-16,Closed
CLM-001060,A,2023,2023-02-15,2023-03-24,2024-05-22,Closed
CLM-001061,A,2023,2023-09-07,2023-09-17,2025-11-17,Closed
CLM-001062,A,2023,2023-07-27,2023-08-27,2024-08-18,Closed
CLM-001063,A,2023,2023-01-31,2023-02-13,2024-09-02,Closed
CLM-001064,A,2023,2023-03-27,2023-04-16,2023-09-24,Closed
CLM-001065,A,2023,2023-07-16,2023-09-07,,Open
CLM-001066,A,2023,2023-09-24,2023-10-29,2025-03-14,Closed
CLM-001067,A,2023,2023-05-06,2023-06-09,2024-12-25,Closed
CLM-001068,A,2023,2023-12-13,2024-02-27,2025-01-02,Closed
CLM-001069,A,2023,2023-12-29,2024-01-10,,Open
CLM-001070,A,2023,2023-10-07,2023-10-17,2025-12-19,Closed
CLM-001071,A,2023,2023-06-15,2023-06-27,2024-07-18,Closed
CLM-001072,A,2023,2023-11-17,2023-12-03,2025-03-30,Closed
CLM-001073,A,2023,2023-09-23,2023-09-26,2024-09-01,Closed
CLM-001074,A,2023,2023-07-09,2023-07-26,,Open
CLM-001075,A,2023,2023-06-11,2023-06-24,2024-11-10,Closed
CLM-001076,A,2023,2023-10-31,2023-12-04,,Open
CLM-001077,A,2023,2023-07-23,2023-08-17,,Open
CLM-001078,A,2023,2023-03-08,2023-03-21,,Open
CLM-001079,A,2023,2023-12-31,2024-01-30,2025-01-31,Closed
CLM-001080,A,2023,2023-01-25,2023-02-27,2024-08-18,Closed
CLM-001081,A,2023,2023-09-11,2023-09-22,2023-12-10,Closed
CLM-001082,A,2023,2023-08-28,2023-09-11,2025-06-24,Closed
CLM-001083,A,2023,2023-08-02,2023-08-06,2025-02-04,Closed
CLM-001084,A,2023,2023-01-19,,2023-06-22,Closed
CLM-001085,A,2023,2023-06-29,2023-07-10,2025-08-20,Closed
CLM-001086,A,2023,2023-11-22,2023-12-13,2025-10-17,Closed
CLM-001087,A,2023,2023-03-29,2023-04-08,2025-01-22,Closed
CLM-001088,A,2023,2023-09-10,2023-09-23,2024-07-14,Closed
CLM-001089,A,2023,2023-11-10,2023-11-18,2024-12-24,Closed
CLM-001090,A,2023,2023-12-14,2024-01-05,2025-10-02,Closed
CLM-001091,A,2023,2023-07-08,2023-08-03,2025-09-03,Closed
CLM-001092,A,2023,2023-04-25,2023-05-21,2025-05-01,Closed
CLM-001093,A,2023,2023-09-13,2023-10-03,2025-07-12,Closed
CLM-001094,A,2023,2023-06-27,2023-07-03,2024-03-25,Closed
CLM-001095,A,2023,2023-08-17,2023-08-29,2024-08-25,Closed
CLM-001096,A,2023,2023-09-28,2023-10-13,,Open
CLM-001097,A,2023,2023-09-17,2023-10-02,2025-03-06,Closed
CLM-001098,A,2023,2023-03-30,2023-04-20,2024-07-01,Closed
CLM-001099,A,2023,2023-10-03,2023-11-26,2025-10-25,Closed
CLM-001100,A,2023,2023-07-17,2023-08-21,2025-03-25,Closed
CLM-001101,A,2023,2023-12-06,2023-12-16,2025-07-11,Closed
CLM-001102,A,2023,2023-08-29,2023-09-30,,Open
CLM-001103,A,2023,2023-11-22,2023-12-23,2024-12-09,Closed
CLM-001104,A,2023,2023-12-24,2024-01-04,2024-06-10,Closed
CLM-001105,A,2023,2023-12-29,2024-02-03,2025-10-01,Closed
CLM-001106,A,2023,2023-09-29,2023-10-16,2025-08-29,Closed
CLM-001107,A,2023,2023-08-07,2023-08-14,2024-11-22,Closed
CLM-001108,A,2023,2023-02-13,2023-03-12,2024-12-09,Closed
CLM-001109,A,2023,2023-05-21,2023-06-13,2025-05-26,Closed
CLM-001110,A,2023,2023-06-23,2023-07-10,2024-10-16,Closed
CLM-001111,A,2023,2023-10-12,2023-10-31,,Open
CLM-001112,A,2023,2023-08-03,2023-08-15,2025-07-20,Closed
CLM-001113,A,2023,2023-06-10,2023-07-10,,Open
CLM-001114,A,2023,2023-02-23,2023-03-14,2024-09-20,Closed
CLM-001115,A,2023,2023-09-19,2023-10-11,,Open
CLM-001116,A,2023,2023-06-07,2023-07-02,2024-05-31,Closed
CLM-001117,A,2023,2023-01-14,2023-01-22,2025-04-04,Closed
CLM-001118,A,2023,2023-04-14,2023-04-24,2024-09-29,Closed
CLM-001119,A,2023,2023-11-18,2023-11-22,2024-01-06,Closed
CLM-001120,A,2023,2023-02-13,2023-03-14,2025-02-22,Closed
CLM-001121,A,2023,2023-05-29,2023-06-06,2024-11-03,Closed
CLM-001122,A,2023,2023-07-06,2023-07-27,,Open
CLM-001123,A,2023,2023-01-31,2023-02-25,2025-08-04,Closed
CLM-001124,A,2023,2023-03-02,2023-04-01,2023-11-08,Closed
CLM-001125,A,2023,2023-12-10,2023-12-18,,Open
CLM-001126,A,2023,2023-08-04,2023-08-23,2025-02-03,Closed
CLM-001127,A,2023,2023-03-18,2023-05-21,,Open
CLM-001128,A,2023,2023-03-03,2023-05-08,2025-10-12,Closed
CLM-001129,A,2023,2023-06-05,2023-07-14,,Open
CLM-001130,A,2023,2023-09-22,2023-10-17,,Open
CLM-001131,A,2023,2023-09-24,2023-10-03,2025-05-16,Closed
CLM-001132,A,2023,2023-03-13,2023-04-15,2025-03-23,Closed
CLM-001133,A,2023,2023-09-22,2023-10-09,2024-10-22,Closed
CLM-001134,A,2023,2023-11-24,2023-12-23,2024-08-24,Closed
CLM-001135,A,2023,2023-03-24,2023-04-05,2023-12-19,Closed
CLM-001136,A,2023,2023-01-10,2023-01-27,,Open
CLM-001137,A,2023,2023-12-16,2024-01-07,,Open
CLM-001138,A,2023,2023-07-10,2023-08-02,2024-07-02,Closed
CLM-001139,A,2023,2023-10-11,2023-11-08,2024-10-01,Closed
CLM-001140,A,2023,2023-04-27,2023-05-10,2025-11-09,Closed
CLM-001141,A,2023,2023-04-20,2023-04-27,2024-04-20,Closed
CLM-001142,A,2023,2023-03-24,2023-05-25,,Open
CLM-001143,A,2023,2023-03-21,2023-07-13,2024-02-08,Closed
CLM-001144,A,2023,2023-06-22,2023-07-19,2024-07-05,Closed
CLM-001145,A,2023,2023-02-08,2023-02-15,2024-07-17,Closed
CLM-001146,A,2023,2023-11-04,2023-11-15,,Open
CLM-001147,A,2023,2023-07-06,2023-08-03,2024-07-13,Closed
CLM-001148,A,2023,2023-12-01,2024-01-21,,Open
CLM-001149,A,2023,2023-07-03,2023-07-11,,Open
CLM-001150,A,2023,2023-04-21,2023-05-09,2025-03-12,Closed
CLM-001151,A,2023,2023-07-07,2023-07-29,2025-10-22,Closed
CLM-001152,A,2023,2023-02-26,2023-04-03,2024-08-11,Closed
CLM-001153,A,2023,2023-10-28,2023-11-12,2024-11-21,Closed
CLM-001154,A,2023,2023-09-20,2023-09-26,2024-08-02,Closed
CLM-001155,A,2023,2023-02-23,2023-03-25,2023-07-21,Closed
CLM-001156,A,2023,2023-08-01,2023-09-13,2024-03-31,Closed
CLM-001157,A,2023,2023-07-16,2023-08-03,2024-08-03,Closed
CLM-001158,A,2023,2023-03-15,2023-04-10,,Open
CLM-001159,A,2023,2023-02-14,2023-02-28,2024-07-22,Closed
CLM-001160,A,2023,2023-10-05,2023-10-16,2025-08-16,Closed
CLM-001161,A,2023,2023-04-07,2023-05-18,2025-12-25,Closed
CLM-001162,A,2023,2023-07-09,2023-08-04,2024-11-28,Closed
CLM-001163,A,2023,2023-04-01,2023-04-29,2024-09-19,Closed
CLM-001164,A,2023,2023-08-27,2023-10-23,,Open
CLM-001165,A,2023,2023-01-18,2023-01-27,,Open
CLM-001166,A,2023,2023-05-12,2023-05-25,2024-12-28,Closed
CLM-001167,A,2023,2023-07-19,2023-08-10,2025-01-07,Closed
CLM-001168,A,2023,2023-06-10,2023-06-23,2024-12-25,Closed
CLM-001169,A,2023,2023-08-12,2023-09-15,2025-01-05,Closed
CLM-001170,A,2023,2023-03-07,2023-03-24,2025-04-22,Closed
CLM-001171,A,2023,2023-06-11,2023-06-20,,Open
CLM-001172,A,2023,2023-10-04,2023-10-24,2025-09-11,Closed
CLM-001173,A,2023,2023-05-02,2023-05-24,2024-12-31,Closed
CLM-001174,A,2023,2023-02-27,2023-04-06,2025-05-07,Closed
CLM-001175,A,2023,2023-11-06,2023-12-02,,Open
CLM-001176,A,2023,2023-10-12,2023-11-08,,Open
CLM-001177,A,2023,2023-09-06,2023-10-01,2025-08-05,Closed
CLM-001178,A,2023,2023-10-19,2023-11-05,2024-07-29,Closed
CLM-001179,A,2023,2023-10-12,2023-10-24,2025-11-28,Closed
CLM-001180,A,2023,2023-09-30,2023-10-24,2025-06-29,Closed
CLM-001181,A,2023,2023-07-05,2023-07-20,,Open
CLM-001182,A,2023,2023-01-08,2023-03-14,2025-06-04,Closed
CLM-001183,A,2023,2023-08-06,2023-09-26,2025-05-27,Closed
CLM-001184,A,2023,2023-04-10,2023-05-11,2025-04-30,Closed
CLM-001185,A,2023,2023-10-10,2023-11-05,2024-06-07,Closed
CLM-001186,A,2023,2023-06-20,2023-07-08,2025-07-22,Closed
CLM-001187,A,2023,2023-11-27,2023-12-05,2025-01-30,Closed
CLM-001188,A,2023,2023-08-06,2023-08-23,,Open
CLM-001189,A,2023,2023-07-20,2023-08-10,,Open
CLM-001190,A,2023,2023-12-02,2023-12-25,2025-11-19,Closed
CLM-001191,A,2023,2023-06-23,2023-07-20,2024-12-16,Closed
CLM-001192,A,2023,2023-05-18,2023-06-25,2025-05-22,Closed
CLM-001193,A,2023,2023-05-16,2023-05-28,2025-04-07,Closed
CLM-001194,A,2023,2023-11-16,2023-11-28,2025-05-10,Closed
CLM-001195,A,2023,2023-10-04,2023-11-28,2025-09-25,Closed
CLM-001196,A,2023,2023-03-01,2023-04-04,2024-12-07,Closed
CLM-001197,A,2023,2023-06-29,2023-07-14,2024-02-11,Closed
CLM-001198,A,2023,2023-05-16,2023-06-03,2024-12-19,Closed
CLM-001199,A,2023,2023-08-25,2023-09-12,2024-12-12,Closed
CLM-001200,A,2023,2023-01-20,2023-02-09,2024-01-18,Closed
CLM-001201,A,2023,2023-09-18,2023-10-15,2024-11-07,Closed
CLM-001202,A,2023,2023-09-29,2024-01-24,2025-07-02,Closed
CLM-001203,A,2023,2023-03-24,2023-04-15,2024-10-06,Closed
CLM-001204,A,2023,2023-02-24,2023-03-27,,Open
CLM-001205,A,2023,2023-08-18,2023-08-24,2024-09-30,Closed
CLM-001206,A,2023,2023-04-04,2023-04-18,2024-10-13,Closed
CLM-001207,A,2023,2023-12-10,2024-01-26,,Open
CLM-001208,A,2023,2023-10-10,2023-11-05,,Open
CLM-001209,A,2023,2023-12-15,2023-12-15,2025-06-23,Closed
CLM-001210,A,2023,2023-07-15,2023-08-16,2024-05-29,Closed
CLM-001211,A,2023,2023-12-09,2024-02-23,2025-06-14,Closed
CLM-001212,A,2023,2023-01-06,2023-01-10,2024-10-16,Closed
CLM-001213,A,2023,2023-04-16,2023-06-12,,Open
CLM-001214,A,2023,2023-01-01,2023-01-03,2025-08-21,Closed
CLM-001215,A,2023,2023-09-05,2023-10-13,2024-06-21,Closed
CLM-001216,A,2023,2023-07-06,2023-07-25,2024-07-21,Closed
CLM-001217,A,2023,2023-04-15,2023-04-18,2025-11-11,Closed
CLM-001218,A,2023,2023-04-22,2023-05-19,2025-01-22,Closed
CLM-001219,A,2023,2023-08-23,2023-10-06,,Open
CLM-001220,A,2023,2023-03-07,2023-04-01,2025-05-14,Closed
CLM-001221,A,2023,2023-07-07,2023-08-06,,Open
CLM-001222,A,2023,2023-08-12,2023-08-26,2025-10-10,Closed
CLM-001223,A,2023,2023-03-29,2023-04-03,2025-10-04,Closed
CLM-001224,A,2023,2023-03-25,2023-04-26,2023-10-16,Closed
CLM-001225,A,2023,2023-05-10,2023-07-17,2025-10-28,Closed
CLM-001226,A,2023,2023-08-05,2023-09-18,2025-07-20,Closed
CLM-001227,A,2023,2023-04-03,2023-04-07,2025-01-02,Closed
CLM-001228,A,2023,2023-05-19,2023-05-25,,Open
CLM-001229,A,2023,2023-07-18,2023-07-29,2025-05-25,Closed
CLM-001230,A,2023,2023-03-10,2023-03-16,2025-06-07,Closed
CLM-001231,A,2023,2023-07-27,2023-08-16,2025-01-17,Closed
CLM-001232,A,2023,2023-02-20,2023-03-18,2024-07-21,Closed
CLM-001233,A,2023,2023-02-22,2023-03-01,2025-01-21,Closed
CLM-001234,A,2023,2023-03-28,2023-05-01,2024-09-21,Closed
CLM-001235,A,2023,2023-04-15,2023-05-15,2024-09-01,Closed
CLM-001236,A,2023,2023-01-11,2023-01-24,2024-05-29,Closed
CLM-001237,A,2023,2023-12-17,2024-01-03,2025-08-15,Closed
CLM-001238,A,2023,2023-04-23,2023-04-28,2025-09-12,Closed
CLM-001239,A,2023,2023-10-21,2023-11-05,2025-02-17,Closed
CLM-001240,A,2023,2023-11-26,2023-12-16,2025-02-04,Closed
CLM-001241,A,2023,2023-10-20,2023-11-11,2024-09-23,Closed
CLM-001242,A,2023,2023-10-31,2023-11-26,2025-03-26,Closed
CLM-001243,A,2023,2023-02-06,2023-03-01,2025-04-14,Closed
CLM-001244,A,2023,2023-05-16,2023-06-01,2024-01-09,Closed
CLM-001245,A,2023,2023-09-30,2023-10-24,,Open
CLM-001246,A,2023,2023-07-30,2023-09-08,,Open
CLM-001247,A,2023,2023-01-03,2023-01-21,2024-08-16,Closed
CLM-001248,A,2023,2023-07-27,2023-08-20,2024-04-26,Closed
CLM-001249,A,2023,2023-10-21,2023-11-07,2025-01-19,Closed
CLM-001250,A,2023,2023-10-30,2023-11-11,2025-01-21,Closed
CLM-001251,A,2023,2023-05-21,2023-06-18,2025-05-01,Closed
CLM-001252,A,2023,2023-03-28,2023-04-10,2024-12-31,Closed
CLM-001253,A,2023,2023-04-23,2023-05-19,2024-09-19,Closed
CLM-001254,A,2023,2023-04-19,2023-05-09,2024-05-28,Closed
CLM-001255,A,2023,2023-05-07,2023-05-23,,Open
CLM-001256,A,2023,2023-04-21,2023-05-06,2023-11-22,Closed
CLM-001257,A,2023,2023-06-16,2023-06-30,2025-04-30,Closed
CLM-001258,A,2023,2023-01-15,2023-01-21,2025-03-02,Closed
CLM-001259,A,2023,2023-04-11,2023-05-07,2023-12-10,Closed
CLM-001260,A,2023,2023-04-25,2023-05-18,2024-11-11,Closed
CLM-001261,A,2023,2023-02-25,2023-04-02,2024-09-26,Closed
CLM-001262,A,2023,2023-11-17,2023-11-30,2025-10-28,Closed
CLM-001263,A,2023,2023-09-04,2023-11-18,,Open
CLM-001264,A,2023,2023-11-29,2023-12-14,2025-01-06,Closed
CLM-001265,A,2023,2023-07-24,2023-08-03,2024-07-02,Closed
CLM-001266,A,2023,2023-02-10,2023-02-19,2025-11-11,Closed
CLM-001267,A,2023,2023-11-27,2023-12-02,2025-12-23,Closed
CLM-001268,A,2023,2023-06-17,2023-08-14,2024-10-31,Closed
CLM-001269,A,2023,2023-09-07,2023-10-29,2024-12-14,Closed
CLM-001270,A,2023,2023-05-20,2023-06-19,2024-08-24,Closed
CLM-001271,A,2023,2023-06-30,2023-07-10,2025-07-16,Closed
CLM-001272,A,2023,2023-06-28,2023-09-07,2024-04-26,Closed
CLM-001273,A,2023,2023-04-14,2023-04-29,2024-12-17,Closed
CLM-001274,A,2023,2023-07-22,2023-08-07,2025-03-13,Closed
CLM-001275,A,2023,2023-09-25,2023-11-18,2025-09-08,Closed
CLM-001276,A,2023,2023-01-08,2023-02-08,2023-03-21,Closed
CLM-001277,A,2023,2023-02-17,2023-05-21,2024-10-09,Closed
CLM-001278,A,2023,2023-11-04,2023-11-27,2025-12-07,Closed
CLM-001279,A,2023,2023-07-27,2023-08-11,2025-02-20,Closed
CLM-001280,A,2023,2023-12-22,2024-01-04,,Open
CLM-001281,A,2024,2024-11-28,2024-12-09,,Open
CLM-001282,A,2024,2024-11-15,2024-11-19,,Open
CLM-001283,A,2024,2024-11-20,2024-12-03,,Open
CLM-001284,A,2024,2024-07-06,2024-07-31,,Open
CLM-001285,A,2024,2024-11-19,2024-12-11,2025-10-23,Closed
CLM-001286,A,2024,2024-06-22,2024-08-07,2025-11-05,Closed
CLM-001287,A,2024,2024-01-28,2024-04-15,,Open
CLM-001288,A,2024,2024-03-13,2024-04-16,,Open
CLM-001289,A,2024,2024-04-09,2024-05-31,2025-04-13,Closed
CLM-001290,A,2024,2024-05-17,2024-06-20,,Open
CLM-001291,A,2024,2024-12-09,2025-02-13,,Open
CLM-001292,A,2024,2024-05-01,2024-07-13,2025-01-17,Closed
CLM-001293,A,2024,2024-08-12,2024-09-19,,Open
CLM-001294,A,2024,2024-04-09,2024-05-11,,Open
CLM-001295,A,2024,2024-08-23,2024-09-09,,Open
CLM-001296,A,2024,2024-07-26,2024-08-14,2025-12-25,Closed
CLM-001297,A,2024,2024-02-25,2024-03-11,2025-01-11,Closed
CLM-001298,A,2024,2024-06-18,2024-07-18,2025-07-09,Closed
CLM-001299,A,2024,2024-02-08,2024-02-20,,Open
CLM-001300,A,2024,2024-11-21,2024-12-08,,Open
CLM-001301,A,2024,2024-09-14,2024-09-17,,Open
CLM-001302,A,2024,2024-12-10,2025-02-14,,Open
CLM-001303,A,2024,2024-11-16,2024-12-03,,Open
CLM-001304,A,2024,2024-03-21,2024-04-17,,Open
CLM-001305,A,2024,2024-09-15,2024-11-09,,Open
CLM-001306,A,2024,2024-02-06,2024-03-01,2025-11-05,Closed
CLM-001307,A,2024,2024-12-17,2025-02-09,2025-06-28,Closed
CLM-001308,A,2024,2024-10-14,2024-10-22,,Open
CLM-001309,A,2024,2024-09-06,2024-12-22,,Open
CLM-001310,A,2024,2024-12-30,2025-02-10,,Open
CLM-001311,A,2024,2024-11-05,2024-11-28,,Open
CLM-001312,A,2024,2024-11-12,2025-01-05,,Open
CLM-001313,A,2024,2024-02-06,2024-02-14,,Open
CLM-001314,A,2024,2024-01-09,2024-01-25,,Open
CLM-001315,A,2024,2024-12-17,2025-02-09,,Open
CLM-001316,A,2024,2024-04-01,2024-04-06,,Open
CLM-001317,A,2024,2024-06-05,2024-07-04,2025-09-12,Closed
CLM-001318,A,2024,2024-01-16,2024-02-14,,Open
CLM-001319,A,2024,2024-08-16,2024-11-03,,Open
CLM-001320,A,2024,2024-10-27,2024-11-02,2025-08-13,Closed
CLM-001321,A,2024,2024-11-04,2025-01-04,,Open
CLM-001322,A,2024,2024-07-31,2024-08-13,,Open
CLM-001323,A,2024,2024-08-30,2024-09-13,2025-07-18,Closed
CLM-001324,A,2024,2024-07-07,2024-07-15,,Open
CLM-001325,A,2024,2024-06-12,2024-06-21,,Open
CLM-001326,A,2024,2024-07-21,2024-08-16,2025-12-17,Closed
CLM-001327,A,2024,2024-12-08,2024-12-17,2025-03-11,Closed
CLM-001328,A,2024,2024-04-02,2024-05-05,2024-12-15,Closed
CLM-001329,A,2024,2024-06-21,2024-07-03,2025-10-26,Closed
CLM-001330,A,2024,2024-08-08,2024-08-16,,Open
CLM-001331,A,2024,2024-07-27,2024-08-09,,Open
CLM-001332,A,2024,2024-01-12,2024-02-06,2025-03-27,Closed
CLM-001333,A,2024,2024-04-15,2024-05-01,2025-01-09,Closed
CLM-001334,A,2024,2024-08-24,2024-09-13,,Open
CLM-001335,A,2024,2024-09-11,2024-10-13,2025-12-11,Closed
CLM-001336,A,2024,2024-09-25,2024-11-06,,Open
CLM-001337,A,2024,2024-12-28,2025-01-13,,Open
CLM-001338,A,2024,2024-09-03,2024-09-12,,Open
CLM-001339,A,2024,2024-07-31,2024-08-21,2025-08-01,Closed
CLM-001340,A,2024,2024-05-01,2024-05-28,2025-04-30,Closed
CLM-001341,A,2024,2024-05-15,2024-05-22,2025-03-31,Closed
CLM-001342,A,2024,2024-10-29,2024-11-08,,Open
CLM-001343,A,2024,2024-06-20,2024-07-02,,Open
CLM-001344,A,2024,2024-09-18,2024-10-05,,Open
CLM-001345,A,2024,2024-02-15,2024-02-26,2025-06-24,Closed
CLM-001346,A,2024,2024-02-16,2024-03-19,2025-01-09,Closed
CLM-001347,A,2024,2024-03-19,2024-03-25,2025-04-13,Closed
CLM-001348,A,2024,2024-03-12,2024-03-18,2025-06-13,Closed
CLM-001349,A,2024,2024-08-10,2024-08-25,,Open
CLM-001350,A,2024,2024-08-21,2024-09-07,2025-11-13,Closed
CLM-001351,A,2024,2024-07-23,2024-07-30,2025-07-05,Closed
CLM-001352,A,2024,2024-04-15,2024-04-28,2025-06-28,Closed
CLM-001353,A,2024,2024-07-30,2024-08-14,2025-11-08,Closed
CLM-001354,A,2024,2024-02-13,2024-02-28,2024-10-27,Closed
CLM-001355,A,2024,2024-06-22,2024-07-14,2025-08-08,Closed
CLM-001356,A,2024,2024-02-26,2024-03-09,2025-04-27,Closed
CLM-001357,A,2024,2024-01-29,2024-03-25,,Open
CLM-001358,A,2024,2024-03-01,2024-03-29,,Open
CLM-001359,A,2024,2024-02-10,2024-02-21,,Open
CLM-001360,A,2024,2024-06-23,2024-07-14,,Open
CLM-001361,A,2024,2024-07-18,2024-08-08,,Open
CLM-001362,A,2024,2024-08-10,2024-09-25,,Open
CLM-001363,A,2024,2024-06-09,2024-06-22,,Open
CLM-001364,A,2024,2024-03-05,2024-04-08,2025-06-19,Closed
CLM-001365,A,2024,2024-01-08,2024-01-28,2025-06-25,Closed
CLM-001366,A,2024,2024-09-17,2024-11-12,2025-05-28,Closed
CLM-001367,A,2024,2024-12-25,2025-02-12,,Open
CLM-001368,A,2024,2024-04-12,2024-05-04,,Open
CLM-001369,A,2024,2024-03-15,2024-03-31,2025-06-20,Closed
CLM-001370,A,2024,2024-04-24,2024-05-22,2025-08-31,Closed
CLM-001371,A,2024,2024-03-19,2024-04-05,,Open
CLM-001372,A,2024,2024-03-22,2024-05-25,,Open
CLM-001373,A,2024,2024-06-30,2024-07-21,,Open
CLM-001374,A,2024,2024-10-14,2024-10-29,,Open
CLM-001375,A,2024,2024-09-17,2024-10-01,,Open
CLM-001376,A,2024,2024-12-17,,,Open
CLM-001377,A,2024,2024-05-10,2024-06-08,2025-07-16,Closed
CLM-001378,A,2024,2024-06-29,2024-07-10,,Open
CLM-001379,A,2024,2024-05-19,2024-07-01,,Open
CLM-001380,A,2024,2024-01-16,2024-01-24,2025-12-28,Closed
CLM-001381,A,2024,2024-05-22,2024-06-12,,Open
CLM-001382,A,2024,2024-04-05,2024-05-19,2025-01-31,Closed
CLM-001383,A,2024,2024-06-24,2024-06-28,2024-12-09,Closed
CLM-001384,A,2024,2024-02-27,2024-05-19,2025-06-14,Closed
CLM-001385,A,2024,2024-09-28,2024-10-12,2025-07-29,Closed
CLM-001386,A,2024,2024-11-04,2024-11-26,,Open
CLM-001387,A,2024,2024-12-17,2025-01-15,,Open
CLM-001388,A,2024,2024-02-01,2024-03-05,2024-11-15,Closed
CLM-001389,A,2024,2024-02-13,2024-03-08,2024-09-09,Closed
CLM-001390,A,2024,2024-12-19,2025-01-28,,Open
CLM-001391,A,2024,2024-11-06,2024-12-04,2025-08-09,Closed
CLM-001392,A,2024,2024-08-03,2024-10-10,2025-03-30,Closed
CLM-001393,A,2024,2024-04-27,2024-05-25,2025-05-22,Closed
CLM-001394,A,2024,2024-07-08,2024-09-25,,Open
CLM-001395,A,2024,2024-07-15,2024-08-21,,Open
CLM-001396,A,2024,2024-11-06,2024-11-11,,Open
CLM-001397,A,2024,2024-07-12,2024-11-13,,Open
CLM-001398,A,2024,2024-01-11,2024-01-24,2024-07-23,Closed
CLM-001399,A,2024,2024-09-13,2024-11-08,,Open
CLM-001400,A,2024,2024-10-11,2024-10-31,,Open
CLM-001401,A,2024,2024-04-19,2024-05-31,,Open
CLM-001402,A,2024,2024-02-12,2024-02-24,,Open
CLM-001403,A,2024,2024-02-22,2024-03-23,,Open
CLM-001404,A,2024,2024-11-03,2024-11-19,2025-12-17,Closed
CLM-001405,A,2024,2024-06-12,2024-08-11,,Open
CLM-001406,A,2024,2024-07-12,2024-08-08,2025-07-08,Closed
CLM-001407,A,2024,2024-12-17,2025-01-24,,Open
CLM-001408,A,2024,2024-01-23,2024-01-27,,Open
CLM-001409,A,2024,2024-03-16,2024-04-03,2025-11-11,Closed
CLM-001410,A,2024,2024-10-31,2024-11-26,,Open
CLM-001411,A,2024,2024-07-16,2024-08-08,,Open
CLM-001412,A,2024,2024-01-10,2024-02-18,,Open
CLM-001413,A,2024,2024-09-14,2024-09-29,,Open
CLM-001414,A,2024,2024-02-20,2024-03-11,2025-05-03,Closed
CLM-001415,A,2024,2024-10-13,2024-11-27,,Open
CLM-001416,A,2024,2024-10-19,2024-10-23,,Open
CLM-001417,A,2024,2024-10-28,2024-11-27,,Open
CLM-001418,A,2024,2024-06-19,2024-07-04,,Open
CLM-001419,A,2024,2024-04-08,2024-04-18,2025-05-28,Closed
CLM-001420,A,2024,2024-11-18,2024-12-13,,Open
CLM-001421,A,2024,2024-07-23,2024-09-08,2025-11-26,Closed
CLM-001422,A,2024,2024-08-20,2024-09-30,,Open
CLM-001423,A,2024,2024-02-19,2024-03-08,2025-05-24,Closed
CLM-001424,A,2024,2024-08-16,2024-09-21,,Open
CLM-001425,A,2024,2024-07-31,2024-09-05,,Open
CLM-001426,A,2024,2024-04-16,2024-05-04,2025-01-08,Closed
CLM-001427,A,2024,2024-10-07,2024-10-19,,Open
CLM-001428,A,2024,2024-02-18,2024-03-01,,Open
CLM-001429,A,2024,2024-09-20,2024-10-25,,Open
CLM-001430,A,2024,2024-12-17,2025-01-05,,Open
CLM-001431,A,2024,2024-07-26,2024-08-04,2025-01-25,Closed
CLM-001432,A,2024,2024-02-08,2024-02-14,2024-12-22,Closed
CLM-001433,A,2024,2024-07-21,2024-08-25,,Open
CLM-001434,A,2024,2024-07-12,2024-07-25,,Open
CLM-001435,A,2024,2024-07-21,2024-08-15,,Open
CLM-001436,A,2024,2024-04-09,2024-05-26,2025-06-03,Closed
CLM-001437,A,2024,2024-08-17,2024-08-25,,Open
CLM-001438,A,2024,2024-04-06,2024-04-25,2024-09-17,Closed
CLM-001439,A,2024,2024-07-23,2024-08-09,,Open
CLM-001440,A,2024,2024-08-05,2024-08-31,,Open
CLM-001441,A,2024,2024-08-24,2024-10-10,,Open
CLM-001442,A,2024,2024-10-19,2024-10-26,2025-07-04,Closed
CLM-001443,A,2024,2024-11-19,2024-12-18,,Open
CLM-001444,A,2024,2024-10-11,2024-11-21,,Open
CLM-001445,A,2024,2024-10-18,2024-11-04,,Open
CLM-001446,A,2024,2024-11-13,2024-12-01,2025-12-15,Closed
CLM-001447,A,2024,2024-03-29,2024-04-24,2025-07-02,Closed
CLM-001448,A,2024,2024-04-17,2024-05-12,2025-06-12,Closed
CLM-001449,A,2024,2024-07-14,2024-08-13,,Open
CLM-001450,A,2024,2024-06-19,2024-07-18,,Open
CLM-001451,A,2024,2024-09-13,2024-09-23,,Open
CLM-001452,A,2024,2024-01-04,2024-02-13,,Open
CLM-001453,A,2024,2024-02-20,2024-04-05,,Open
CLM-001454,A,2024,2024-09-30,2024-10-22,2025-08-08,Closed
CLM-001455,A,2024,2024-10-27,2024-11-03,,Open
CLM-001456,A,2024,2024-04-20,2024-05-08,,Open
CLM-001457,A,2024,2024-04-23,2024-05-15,2025-09-02,Closed
CLM-001458,A,2024,2024-07-24,2024-08-01,2025-01-05,Closed
CLM-001459,A,2024,2024-06-23,2024-07-08,2025-02-18,Closed
CLM-001460,A,2024,2024-03-02,2024-03-09,2025-03-15,Closed
CLM-001461,A,2024,2024-07-02,2024-08-01,,Open
CLM-001462,A,2024,2024-10-26,2024-11-17,,Open
CLM-001463,A,2024,2024-09-24,2024-09-30,,Open
CLM-001464,A,2024,2024-10-26,2024-11-20,,Open
CLM-001465,A,2024,2024-08-23,2024-09-11,,Open
CLM-001466,A,2024,2024-11-17,2024-12-15,2025-10-01,Closed
CLM-001467,A,2024,2024-04-01,2024-04-16,,Open
CLM-001468,A,2024,2024-01-17,2024-01-28,,Open
CLM-001469,A,2024,2024-02-11,2024-02-22,,Open
CLM-001470,A,2024,2024-12-29,2025-01-11,,Open
CLM-001471,A,2024,2024-08-22,2024-09-11,,Open
CLM-001472,A,2024,2024-03-31,2024-04-22,,Open
CLM-001473,A,2024,2024-11-08,2024-11-25,,Open
CLM-001474,A,2024,2024-04-23,2024-05-07,,Open
CLM-001475,A,2024,2024-08-06,2024-08-21,,Open
CLM-001476,A,2024,2024-04-01,2024-07-25,2025-05-25,Closed
CLM-001477,A,2024,2024-02-04,2024-02-15,2025-05-07,Closed
CLM-001478,A,2024,2024-04-07,2024-04-20,2025-08-12,Closed
CLM-001479,A,2024,2024-03-24,2024-10-10,,Open
CLM-001480,A,2024,2024-07-21,2024-08-16,,Open
CLM-001481,A,2024,2024-01-08,2024-01-15,2025-10-27,Closed
CLM-001482,A,2024,2024-03-28,2024-05-03,,Open
CLM-001483,A,2024,2024-07-26,2024-08-05,2025-09-09,Closed
CLM-001484,A,2024,2024-05-24,2024-06-30,,Open
CLM-001485,A,2024,2024-08-20,2024-09-06,,Open
CLM-001486,A,2024,2024-08-27,2024-09-10,,Open
CLM-001487,A,2024,2024-12-19,2025-02-18,2025-11-28,Closed
CLM-001488,A,2024,2024-11-01,2024-11-30,,Open
CLM-001489,A,2024,2024-03-24,2024-05-02,2025-08-26,Closed
CLM-001490,A,2024,2024-09-10,2024-10-07,,Open
CLM-001491,A,2024,2024-08-17,2024-08-31,2025-10-21,Closed
CLM-001492,A,2024,2024-08-05,2024-09-04,,Open
CLM-001493,A,2024,2024-10-19,2024-12-04,,Open
CLM-001494,A,2024,2024-02-24,2024-03-16,2025-09-03,Closed
CLM-001495,A,2024,2024-05-17,2024-07-26,,Open
CLM-001496,A,2024,2024-10-25,2024-11-30,,Open
CLM-001497,A,2024,2024-11-22,2024-12-15,,Open
CLM-001498,A,2024,2024-01-14,2024-02-06,,Open
CLM-001499,A,2024,2024-06-21,2024-07-13,,Open
CLM-001500,A,2024,2024-04-06,2024-04-14,,Open
CLM-001501,A,2024,2024-03-02,2024-03-20,2025-08-18,Closed
CLM-001502,A,2024,2024-01-21,2024-02-13,2025-09-25,Closed
CLM-001503,A,2024,2024-07-15,2024-07-29,,Open
CLM-001504,A,2024,2024-09-01,2024-09-26,,Open
CLM-001505,A,2024,2024-07-13,2024-08-02,,Open
CLM-001506,A,2024,2024-05-14,2024-06-17,,Open
CLM-001507,A,2024,2024-10-09,2024-11-09,,Open
CLM-001508,A,2024,2024-08-26,2024-09-17,,Open
CLM-001509,A,2024,2024-11-28,2024-12-05,,Open
CLM-001510,A,2024,2024-05-07,2024-07-16,,Open
CLM-001511,A,2024,2024-03-28,2024-04-15,2025-04-04,Closed
CLM-001512,A,2024,2024-06-15,2024-07-03,2024-11-18,Closed
CLM-001513,A,2024,2024-07-04,2024-07-19,2024-12-02,Closed
CLM-001514,A,2024,2024-06-16,2024-06-30,,Open
CLM-001515,A,2024,2024-10-31,2024-12-28,,Open
CLM-001516,A,2024,2024-01-17,2024-03-09,2025-04-15,Closed
CLM-001517,A,2024,2024-07-12,2024-08-08,,Open
CLM-001518,A,2024,2024-06-06,2024-06-24,2025-08-20,Closed
CLM-001519,A,2024,2024-03-18,2024-04-17,2024-12-13,Closed
CLM-001520,A,2024,2024-08-22,2024-09-12,2025-11-06,Closed
CLM-001521,A,2024,2024-10-20,2024-11-06,,Open
CLM-001522,A,2024,2024-07-18,2024-08-12,,Open
CLM-001523,A,2024,2024-02-01,2024-02-15,2024-11-30,Closed
CLM-001524,A,2024,2024-01-28,2024-02-20,2024-09-15,Closed
CLM-001525,A,2024,2024-06-03,2024-06-26,,Open
CLM-001526,A,2024,2024-09-01,2024-10-01,,Open
CLM-001527,A,2024,2024-04-24,2024-05-06,,Open
CLM-001528,A,2024,2024-04-23,2024-05-25,,Open
CLM-001529,A,2024,2024-11-10,2024-11-20,,Open
CLM-001530,A,2024,2024-01-06,2024-01-19,,Open
CLM-001531,A,2024,2024-01-30,2024-02-12,,Open
CLM-001532,A,2024,2024-02-26,2024-03-06,,Open
CLM-001533,A,2024,2024-12-25,2025-02-03,,Open
CLM-001534,A,2024,2024-07-01,2024-07-11,2025-09-20,Closed
CLM-001535,A,2024,2024-02-27,2024-03-10,2024-09-20,Closed
CLM-001536,A,2024,2024-04-23,2024-06-10,2024-11-03,Closed
CLM-001537,A,2024,2024-12-20,2025-01-02,,Open
CLM-001538,A,2024,2024-09-11,2024-09-28,2025-03-06,Closed
CLM-001539,A,2024,2024-03-22,2024-03-31,2025-06-18,Closed
CLM-001540,A,2024,2024-03-29,2024-05-03,2025-09-28,Closed
CLM-001541,A,2024,2024-01-28,2024-03-04,2025-02-10,Closed
CLM-001542,A,2024,2024-10-09,2024-11-11,,Open
CLM-001543,A,2024,2024-02-20,2024-03-20,2025-08-08,Closed
CLM-001544,A,2024,2024-04-14,2024-05-05,2025-06-26,Closed
CLM-001545,A,2024,2024-05-07,2024-05-20,2025-09-30,Closed
CLM-001546,A,2024,2024-08-15,2024-08-26,,Open
CLM-001547,A,2024,2024-08-09,2024-09-27,,Open
CLM-001548,A,2024,2024-10-19,2024-11-22,2025-10-22,Closed
CLM-001549,A,2024,2024-04-18,2024-04-30,,Open
CLM-001550,A,2024,2024-05-21,2024-06-10,2025-06-29,Closed
CLM-001551,A,2024,2024-05-22,2024-06-07,2025-04-07,Closed
CLM-001552,A,2024,2024-01-18,2024-01-27,,Open
CLM-001553,A,2024,2024-09-26,2024-10-18,,Open
CLM-001554,A,2024,2024-07-14,2024-07-28,2025-08-13,Closed
CLM-001555,A,2024,2024-06-23,2024-07-03,2025-07-16,Closed
CLM-001556,A,2024,2024-12-30,2025-01-06,2025-05-15,Closed
CLM-001557,A,2024,2024-03-06,2024-03-12,,Open
CLM-001558,A,2024,2024-12-20,2025-01-04,,Open
CLM-001559,A,2024,2024-09-06,2024-09-24,,Open
CLM-001560,A,2024,2024-03-21,2024-03-31,,Open
CLM-001561,A,2024,2024-09-05,2024-10-06,,Open
CLM-001562,A,2024,2024-10-03,2024-10-22,,Open
CLM-001563,A,2024,2024-05-12,2024-06-10,,Open
CLM-001564,A,2024,2024-05-06,2024-05-23,,Open
CLM-001565,A,2024,2024-11-01,2024-11-12,,Open
CLM-001566,A,2024,2024-02-28,2024-03-20,2025-09-28,Closed
CLM-001567,A,2024,2024-01-05,2024-01-13,2025-09-21,Closed
CLM-001568,A,2024,2024-08-31,2024-09-29,,Open
CLM-001569,A,2024,2024-11-27,2024-12-07,2025-04-23,Closed
CLM-001570,A,2024,2024-07-02,2024-08-09,2025-12-31,Closed
CLM-001571,A,2024,2024-02-19,2024-03-05,2025-09-06,Closed
CLM-001572,A,2024,2024-07-16,2024-08-27,,Open
CLM-001573,A,2024,2024-04-02,2024-04-11,,Open
CLM-001574,A,2024,2024-10-29,2024-11-10,,Open
CLM-001575,A,2024,2024-08-12,2024-09-07,2025-05-27,Closed
CLM-001576,A,2024,2024-05-03,2024-06-17,,Open
CLM-001577,A,2024,2024-08-16,2024-10-19,,Open
CLM-001578,A,2024,2024-09-01,2024-09-21,2025-05-24,Closed
CLM-001579,A,2024,2024-09-05,2024-11-16,,Open
CLM-001580,A,2024,2024-05-14,2024-05-30,,Open
CLM-001581,A,2024,2024-07-27,2024-09-08,,Open
CLM-001582,A,2024,2024-01-16,2024-01-26,2025-11-09,Closed
CLM-001583,A,2024,2024-05-27,2024-06-22,,Open
CLM-001584,A,2024,2024-05-18,2024-05-21,,Open
CLM-001585,A,2024,2024-07-14,2024-07-23,2025-04-30,Closed
CLM-001586,A,2024,2024-12-13,2025-01-09,2025-12-08,Closed
CLM-001587,A,2024,2024-12-14,2024-12-21,,Open
CLM-001588,A,2024,2024-06-25,2024-07-21,,Open
CLM-001589,A,2024,2024-08-24,,,Open
CLM-001590,A,2024,2024-02-09,2024-02-23,2024-10-05,Closed
CLM-001591,A,2024,2024-06-25,2024-07-05,,Open
CLM-001592,A,2024,2024-09-08,2024-09-22,,Open
CLM-001593,A,2024,2024-09-06,2024-09-16,,Open
CLM-001594,A,2024,2024-12-18,2025-01-05,,Open
CLM-001595,A,2024,2024-06-19,2024-07-10,2025-04-25,Closed
CLM-001596,A,2024,2024-11-28,2024-12-14,,Open
CLM-001597,A,2024,2024-12-24,2025-02-26,,Open
CLM-001598,A,2024,2024-07-28,2024-08-09,,Open
CLM-001599,A,2024,2024-02-03,2024-03-26,,Open
CLM-001600,A,2024,2024-05-17,2024-05-26,2025-08-26,Closed
CLM-001601,A,2024,2024-10-06,2024-10-27,,Open
CLM-001602,A,2024,2024-07-31,2024-09-14,,Open
CLM-001603,A,2024,2024-12-08,2025-01-21,,Open
CLM-001604,A,2024,2024-10-25,2024-11-08,2025-08-20,Closed
CLM-001605,A,2024,2024-01-24,2024-02-22,2024-05-01,Closed
CLM-001606,A,2024,2024-11-11,2024-12-07,,Open
CLM-001607,A,2024,2024-05-10,2024-05-23,2025-09-27,Closed
CLM-001608,A,2024,2024-10-26,2024-11-25,2025-09-09,Closed
CLM-001609,A,2024,2024-07-04,2024-09-15,2025-07-04,Closed
CLM-001610,A,2024,2024-06-15,2024-07-12,2025-02-26,Closed
CLM-001611,A,2024,2024-01-27,2024-02-25,2025-05-12,Closed
CLM-001612,A,2024,2024-02-13,2024-03-16,,Open
CLM-001613,A,2024,2024-08-05,2024-08-12,,Open
CLM-001614,A,2024,2024-07-27,2024-08-23,,Open
CLM-001615,A,2024,2024-07-22,2024-07-31,2025-03-19,Closed
CLM-001616,A,2024,2024-02-27,2024-03-11,2025-09-20,Closed
CLM-001617,A,2024,2024-07-05,2024-10-03,,Open
CLM-001618,A,2024,2024-01-23,2024-02-08,,Open
CLM-001619,A,2024,2024-02-22,2024-03-04,,Open
CLM-001620,A,2024,2024-07-01,2024-08-14,2025-09-28,Closed
CLM-001621,A,2024,2024-08-13,2024-08-23,,Open
CLM-001622,A,2024,2024-08-27,2024-09-10,2025-01-21,Closed
CLM-001623,A,2024,2024-12-25,2025-02-10,,Open
CLM-001624,A,2024,2024-11-08,2024-11-28,2025-09-24,Closed
CLM-001625,A,2024,2024-05-18,2024-05-24,,Open
CLM-001626,A,2024,2024-10-13,2024-11-11,,Open
CLM-001627,A,2024,2024-02-05,2024-02-20,,Open
CLM-001628,A,2024,2024-11-09,2025-01-06,,Open
CLM-001629,A,2024,2024-05-21,2024-06-03,,Open
CLM-001630,A,2024,2024-10-05,2024-11-15,2025-06-20,Closed
CLM-001631,A,2024,2024-12-21,2025-02-28,,Open
CLM-001632,A,2024,2024-09-14,2024-09-25,,Open
CLM-001633,A,2024,2024-12-02,2024-12-19,,Open
CLM-001634,A,2024,2024-01-04,2024-01-30,2024-11-24,Closed
CLM-001635,A,2024,2024-03-03,2024-03-13,2025-10-05,Closed
CLM-001636,A,2024,2024-08-17,2024-09-10,,Open
CLM-001637,A,2024,2024-07-16,2024-08-02,,Open
CLM-001638,A,2024,2024-02-14,2024-03-01,2025-10-30,Closed
CLM-001639,A,2024,2024-09-19,2024-10-09,,Open
CLM-001640,A,2024,2024-01-22,2024-02-12,2025-10-14,Closed
CLM-001641,A,2025,2025-03-03,2025-03-24,,Open
CLM-001642,A,2025,2025-10-08,2025-10-23,,Open
CLM-001643,A,2025,2025-05-19,2025-06-06,,Open
CLM-001644,A,2025,2025-04-18,2025-04-19,,Open
CLM-001645,A,2025,2025-01-22,2025-02-11,,Open
CLM-001646,A,2025,2025-10-16,2025-11-05,,Open
CLM-001647,A,2025,2025-05-25,2025-07-05,,Open
CLM-001648,A,2025,2025-04-07,2025-05-27,2025-09-17,Closed
CLM-001649,A,2025,2025-11-05,2025-11-22,,Open
CLM-001650,A,2025,2025-01-08,2025-02-12,,Open
CLM-001651,A,2025,2025-06-21,2025-06-30,,Open
CLM-001652,A,2025,2025-02-28,2025-04-03,,Open
CLM-001653,A,2025,2025-02-16,2025-03-01,,Open
CLM-001654,A,2025,2025-01-08,2025-01-16,,Open
CLM-001655,A,2025,2025-03-10,2025-03-27,,Open
CLM-001657,A,2025,2025-06-12,2025-07-04,,Open
CLM-001659,A,2025,2025-04-08,2025-04-19,,Open
CLM-001660,A,2025,2025-10-06,2025-11-16,,Open
CLM-001661,A,2025,2025-02-02,2025-02-14,,Open
CLM-001662,A,2025,2025-02-09,2025-03-04,2025-07-01,Closed
CLM-001663,A,2025,2025-01-06,2025-01-29,,Open
CLM-001664,A,2025,2025-11-25,2025-12-26,,Open
CLM-001665,A,2025,2025-09-03,2025-09-26,,Open
CLM-001666,A,2025,2025-09-29,2025-10-10,,Open
CLM-001668,A,2025,2025-05-02,2025-07-08,,Open
CLM-001669,A,2025,2025-09-21,2025-10-04,,Open
CLM-001670,A,2025,2025-07-03,2025-07-08,,Open
CLM-001671,A,2025,2025-07-18,2025-08-15,,Open
CLM-001672,A,2025,2025-08-30,2025-09-14,,Open
CLM-001673,A,2025,2025-06-21,2025-07-09,,Open
CLM-001674,A,2025,2025-01-09,2025-02-07,,Open
CLM-001675,A,2025,2025-01-28,2025-02-11,2025-09-21,Closed
CLM-001676,A,2025,2025-07-03,2025-07-19,,Open
CLM-001677,A,2025,2025-07-28,2025-08-15,,Open
CLM-001678,A,2025,2025-09-25,2025-11-19,,Open
CLM-001679,A,2025,2025-07-28,2025-08-17,,Open
CLM-001680,A,2025,2025-03-10,2025-03-18,,Open
CLM-001681,A,2025,2025-05-14,2025-05-22,,Open
CLM-001682,A,2025,2025-06-11,2025-07-03,,Open
CLM-001684,A,2025,2025-07-14,2025-07-20,,Open
CLM-001685,A,2025,2025-08-20,2025-09-20,,Open
CLM-001686,A,2025,2025-09-26,2025-10-28,,Open
CLM-001687,A,2025,2025-05-13,2025-05-28,,Open
CLM-001689,A,2025,2025-09-04,2025-09-26,,Open
CLM-001690,A,2025,2025-11-06,2025-12-06,,Open
CLM-001691,A,2025,2025-10-01,2025-10-31,,Open
CLM-001692,A,2025,2025-08-15,2025-08-18,,Open
CLM-001693,A,2025,2025-01-12,2025-01-28,,Open
CLM-001694,A,2025,2025-08-02,2025-08-30,,Open
CLM-001695,A,2025,2025-02-17,2025-03-04,,Open
CLM-001696,A,2025,2025-08-09,2025-08-29,,Open
CLM-001697,A,2025,2025-09-14,2025-10-17,,Open
CLM-001698,A,2025,2025-07-18,2025-08-08,,Open
CLM-001699,A,2025,2025-04-23,2025-06-19,,Open
CLM-001700,A,2025,2025-01-22,2025-03-07,,Open
CLM-001701,A,2025,2025-09-02,2025-09-20,,Open
CLM-001702,A,2025,2025-09-12,2025-09-29,,Open
CLM-001703,A,2025,2025-06-24,2025-06-26,,Open
CLM-001704,A,2025,2025-09-19,2025-10-04,,Open
CLM-001705,A,2025,2025-10-12,2025-10-19,,Open
CLM-001706,A,2025,2025-07-07,2025-07-30,,Open
CLM-001707,A,2025,2025-01-18,2025-02-09,,Open
CLM-001708,A,2025,2025-11-14,2025-12-16,,Open
CLM-001709,A,2025,2025-06-20,2025-08-12,,Open
CLM-001710,A,2025,2025-09-03,2025-09-22,,Open
CLM-001712,A,2025,2025-05-13,2025-06-05,,Open
CLM-001713,A,2025,2025-08-16,2025-08-23,,Open
CLM-001714,A,2025,2025-01-08,2025-01-21,,Open
CLM-001715,A,2025,2025-11-20,2025-12-05,,Open
CLM-001716,A,2025,2025-01-22,2025-02-21,,Open
CLM-001717,A,2025,2025-07-17,2025-07-27,,Open
CLM-001718,A,2025,2025-05-09,2025-05-25,,Open
CLM-001719,A,2025,2025-01-14,2025-01-31,,Open
CLM-001720,A,2025,2025-06-18,2025-07-02,,Open
CLM-001722,A,2025,2025-03-02,2025-04-02,,Open
CLM-001723,A,2025,2025-04-17,2025-06-01,2025-09-21,Closed
CLM-001724,A,2025,2025-03-11,2025-03-26,,Open
CLM-001725,A,2025,2025-02-15,2025-04-02,,Open
CLM-001726,A,2025,2025-03-26,2025-04-02,,Open
CLM-001727,A,2025,2025-07-28,2025-08-04,,Open
CLM-001728,A,2025,2025-10-12,2025-10-20,,Open
CLM-001729,A,2025,2025-09-09,2025-09-29,,Open
CLM-001730,A,2025,2025-10-09,2025-11-24,,Open
CLM-001731,A,2025,2025-09-19,2025-10-02,,Open
CLM-001732,A,2025,2025-05-20,2025-06-03,,Open
CLM-001733,A,2025,2025-11-25,2025-12-12,,Open
CLM-001734,A,2025,2025-03-04,2025-04-02,,Open
CLM-001735,A,2025,2025-09-13,2025-09-27,,Open
CLM-001736,A,2025,2025-02-10,2025-02-23,,Open
CLM-001737,A,2025,2025-10-07,2025-10-14,,Open
CLM-001738,A,2025,2025-02-01,2025-02-14,,Open
CLM-001739,A,2025,2025-03-20,2025-05-04,,Open
CLM-001740,A,2025,2025-05-23,2025-06-13,,Open
CLM-001741,A,2025,2025-09-11,2025-09-22,,Open
CLM-001742,A,2025,2025-01-17,2025-03-05,,Open
CLM-001743,A,2025,2025-04-04,2025-04-17,,Open
CLM-001744,A,2025,2025-05-02,2025-06-25,,Open
CLM-001745,A,2025,2025-09-24,2025-11-16,,Open
CLM-001747,A,2025,2025-08-13,2025-08-20,,Open
CLM-001748,A,2025,2025-07-05,2025-10-12,,Open
CLM-001749,A,2025,2025-05-03,2025-05-29,,Open
CLM-001750,A,2025,2025-10-28,2025-11-12,,Open
CLM-001751,A,2025,2025-02-09,2025-03-20,,Open
CLM-001752,A,2025,2025-02-17,2025-03-21,,Open
CLM-001753,A,2025,2025-03-15,2025-05-04,,Open
CLM-001754,A,2025,2025-04-08,2025-04-20,2025-11-03,Closed
CLM-001755,A,2025,2025-06-18,2025-07-12,,Open
CLM-001756,A,2025,2025-12-12,2025-12-20,,Open
CLM-001757,A,2025,2025-08-26,2025-09-26,,Open
CLM-001758,A,2025,2025-05-20,2025-06-08,,Open
CLM-001759,A,2025,2025-03-19,2025-04-12,2025-12-08,Closed
CLM-001760,A,2025,2025-08-25,2025-09-12,,Open
CLM-001761,A,2025,2025-04-03,2025-04-19,,Open
CLM-001763,A,2025,2025-06-24,2025-07-28,,Open
CLM-001764,A,2025,2025-07-21,2025-09-15,,Open
CLM-001765,A,2025,2025-11-26,2025-12-09,,Open
CLM-001766,A,2025,2025-04-22,2025-05-21,,Open
CLM-001767,A,2025,2025-06-22,2025-07-19,,Open
CLM-001768,A,2025,2025-07-14,2025-08-03,,Open
CLM-001769,A,2025,2025-04-09,2025-04-15,,Open
CLM-001770,A,2025,2025-01-20,2025-01-28,,Open
CLM-001771,A,2025,2025-04-14,2025-04-25,,Open
CLM-001772,A,2025,2025-02-11,2025-02-15,,Open
CLM-001773,A,2025,2025-09-04,2025-10-27,,Open
CLM-001774,A,2025,2025-01-03,2025-01-28,,Open
CLM-001775,A,2025,2025-04-26,2025-05-15,,Open
CLM-001776,A,2025,2025-11-19,2025-11-23,,Open
CLM-001777,A,2025,2025-07-27,2025-08-01,,Open
CLM-001778,A,2025,2025-09-03,2025-09-22,,Open
CLM-001779,A,2025,2025-09-02,2025-11-20,,Open
CLM-001780,A,2025,2025-04-19,2025-05-01,,Open
CLM-001781,A,2025,2025-08-19,2025-09-24,,Open
CLM-001782,A,2025,2025-03-22,2025-04-05,,Open
CLM-001783,A,2025,2025-08-20,2025-09-09,,Open
CLM-001784,A,2025,2025-09-07,2025-10-23,,Open
CLM-001785,A,2025,2025-11-16,2025-12-01,,Open
CLM-001786,A,2025,2025-12-02,2025-12-14,,Open
CLM-001787,A,2025,2025-01-09,2025-03-03,,Open
CLM-001788,A,2025,2025-04-20,2025-05-10,2025-09-20,Closed
CLM-001789,A,2025,2025-07-19,2025-08-30,,Open
CLM-001790,A,2025,2025-04-28,2025-05-10,,Open
CLM-001791,A,2025,2025-08-14,2025-10-06,,Open
CLM-001792,A,2025,2025-11-08,2025-12-02,,Open
CLM-001793,A,2025,2025-04-05,2025-05-02,,Open
CLM-001794,A,2025,2025-11-23,2025-12-14,,Open
CLM-001795,A,2025,2025-11-18,2025-12-02,,Open
CLM-001796,A,2025,2025-11-30,2025-12-19,,Open
CLM-001797,A,2025,2025-01-27,2025-02-10,2025-06-18,Closed
CLM-001798,A,2025,2025-04-18,2025-05-27,,Open
CLM-001799,A,2025,2025-02-15,2025-03-04,,Open
CLM-001800,A,2025,2025-02-13,2025-02-20,,Open
CLM-001801,A,2025,2025-01-20,2025-01-26,,Open
CLM-001802,A,2025,2025-06-10,2025-06-15,,Open
CLM-001803,A,2025,2025-02-01,2025-03-03,,Open
CLM-001804,A,2025,2025-04-18,2025-04-26,,Open
CLM-001806,A,2025,2025-11-19,2025-12-11,,Open
CLM-001807,A,2025,2025-12-09,2025-12-28,,Open
CLM-001808,A,2025,2025-01-14,2025-02-10,2025-10-03,Closed
CLM-001809,A,2025,2025-08-30,2025-09-21,,Open
CLM-001810,A,2025,2025-08-20,2025-08-23,,Open
CLM-001811,A,2025,2025-02-18,2025-03-05,,Open
CLM-001812,A,2025,2025-11-27,2025-12-23,,Open
CLM-001813,A,2025,2025-05-28,2025-07-30,,Open
CLM-001815,A,2025,2025-02-11,2025-02-18,,Open
CLM-001816,A,2025,2025-08-26,2025-09-10,,Open
CLM-001817,A,2025,2025-02-17,2025-02-23,,Open
CLM-001819,A,2025,2025-08-10,2025-09-19,,Open
CLM-001820,A,2025,2025-01-28,2025-02-22,,Open
CLM-001821,A,2025,2025-03-20,2025-04-11,,Open
CLM-001822,A,2025,2025-05-12,2025-07-03,,Open
CLM-001823,A,2025,2025-01-05,2025-02-20,,Open
CLM-001824,A,2025,2025-01-04,2025-02-17,,Open
CLM-001825,A,2025,2025-12-04,2025-12-31,,Open
CLM-001827,A,2025,2025-07-15,2025-08-18,,Open
CLM-001828,A,2025,2025-11-26,,,Open
CLM-001829,A,2025,2025-08-28,2025-09-14,,Open
CLM-001830,A,2025,2025-01-11,2025-01-26,,Open
CLM-001831,A,2025,2025-09-18,2025-11-01,,Open
CLM-001832,A,2025,2025-01-07,2025-03-12,,Open
CLM-001833,A,2025,2025-10-26,2025-11-06,,Open
CLM-001834,A,2025,2025-05-14,2025-05-30,,Open
CLM-001835,A,2025,2025-02-21,2025-03-18,,Open
CLM-001836,A,2025,2025-04-05,2025-05-03,,Open
CLM-001837,A,2025,2025-09-07,2025-09-20,,Open
CLM-001839,A,2025,2025-07-28,2025-08-23,,Open
CLM-001840,A,2025,2025-02-28,2025-03-29,,Open
CLM-001842,A,2025,2025-10-16,2025-10-30,,Open
CLM-001843,A,2025,2025-05-30,2025-06-17,,Open
CLM-001844,A,2025,2025-07-22,2025-07-30,,Open
CLM-001846,A,2025,2025-05-18,2025-05-25,,Open
CLM-001847,A,2025,2025-01-10,2025-02-12,2025-12-25,Closed
CLM-001848,A,2025,2025-02-23,2025-03-21,,Open
CLM-001849,A,2025,2025-08-08,2025-08-24,,Open
CLM-001851,A,2025,2025-09-28,2025-11-01,,Open
CLM-001852,A,2025,2025-08-14,2025-08-23,,Open
CLM-001853,A,2025,2025-04-28,2025-05-21,2025-11-03,Closed
CLM-001854,A,2025,2025-06-10,2025-07-12,,Open
CLM-001855,A,2025,2025-01-15,2025-01-20,,Open
CLM-001856,A,2025,2025-05-16,2025-06-17,,Open
CLM-001857,A,2025,2025-08-16,2025-08-22,,Open
CLM-001858,A,2025,2025-11-27,2025-12-15,,Open
CLM-001859,A,2025,2025-12-03,2025-12-11,,Open
CLM-001860,A,2025,2025-10-27,2025-12-20,,Open
CLM-001861,A,2025,2025-01-08,2025-01-16,2025-05-06,Closed
CLM-001862,A,2025,2025-10-24,2025-10-30,,Open
CLM-001863,A,2025,2025-03-21,2025-04-11,,Open
CLM-001864,A,2025,2025-08-13,2025-08-27,,Open
CLM-001865,A,2025,2025-12-12,2025-12-18,,Open
CLM-001866,A,2025,2025-11-21,2025-12-19,,Open
CLM-001867,A,2025,2025-08-31,2025-09-04,,Open
CLM-001868,A,2025,2025-04-20,2025-04-29,,Open
CLM-001869,A,2025,2025-07-10,2025-07-23,,Open
CLM-001870,A,2025,2025-09-14,2025-10-19,,Open
CLM-001871,A,2025,2025-07-07,2025-08-25,,Open
CLM-001872,A,2025,2025-05-28,2025-07-10,,Open
CLM-001873,A,2025,2025-05-28,2025-06-14,,Open
CLM-001874,A,2025,2025-08-07,2025-08-10,,Open
CLM-001875,A,2025,2025-01-14,2025-02-09,,Open
CLM-001877,A,2025,2025-02-07,2025-03-26,,Open
CLM-001879,A,2025,2025-01-13,2025-01-21,2025-10-11,Closed
CLM-001880,A,2025,2025-07-07,2025-07-20,,Open
CLM-001881,A,2025,2025-06-02,2025-08-18,,Open
CLM-001882,A,2025,2025-07-29,2025-08-05,,Open
CLM-001883,A,2025,2025-06-08,2025-06-16,,Open
CLM-001885,A,2025,2025-01-07,2025-01-21,2025-10-12,Closed
CLM-001887,A,2025,2025-09-09,2025-11-06,,Open
CLM-001888,A,2025,2025-10-12,2025-11-08,,Open
CLM-001889,A,2025,2025-02-21,2025-03-08,,Open
CLM-001890,A,2025,2025-01-24,2025-02-01,,Open
CLM-001891,A,2025,2025-05-25,2025-08-16,,Open
CLM-001892,A,2025,2025-04-28,2025-05-17,,Open
CLM-001893,A,2025,2025-10-13,2025-12-05,,Open
CLM-001894,A,2025,2025-11-24,2025-12-31,,Open
CLM-001895,A,2025,2025-06-06,2025-06-19,,Open
CLM-001896,A,2025,2025-10-08,2025-10-21,,Open
CLM-001897,A,2025,2025-01-22,2025-03-18,,Open
CLM-001898,A,2025,2025-09-28,2025-11-22,,Open
CLM-001899,A,2025,2025-02-06,2025-02-11,,Open
CLM-001900,A,2025,2025-09-01,2025-09-30,,Open
CLM-001901,A,2025,2025-05-20,2025-06-07,2025-12-21,Closed
CLM-001902,A,2025,2025-06-01,2025-06-10,,Open
CLM-001903,A,2025,2025-04-11,2025-05-05,,Open
CLM-001904,A,2025,2025-05-28,2025-06-04,2025-11-09,Closed
CLM-001905,A,2025,2025-11-16,2025-11-30,,Open
CLM-001906,A,2025,2025-10-23,2025-11-03,,Open
CLM-001907,A,2025,2025-05-05,2025-05-19,,Open
CLM-001908,A,2025,2025-04-18,2025-05-07,,Open
CLM-001909,A,2025,2025-07-05,2025-07-14,2025-12-30,Closed
CLM-001910,A,2025,2025-09-07,2025-11-06,,Open
CLM-001911,A,2025,2025-03-08,2025-04-05,2025-06-15,Closed
CLM-001912,A,2025,2025-09-23,2025-12-02,,Open
CLM-001913,A,2025,2025-12-13,2025-12-30,,Open
CLM-001914,A,2025,2025-11-05,2025-11-18,,Open
CLM-001915,A,2025,2025-07-20,2025-09-26,,Open
CLM-001916,A,2025,2025-04-27,2025-05-10,,Open
CLM-001917,A,2025,2025-04-29,2025-05-16,,Open
CLM-001918,A,2025,2025-09-28,2025-10-31,,Open
CLM-001919,A,2025,2025-06-16,2025-06-24,,Open
CLM-001920,A,2025,2025-02-08,2025-03-12,,Open
CLM-001921,A,2025,2025-09-05,2025-10-05,,Open
CLM-001922,A,2025,2025-02-20,2025-04-09,,Open
CLM-001924,A,2025,2025-06-02,2025-07-21,,Open
CLM-001925,A,2025,2025-05-05,2025-05-23,,Open
CLM-001926,A,2025,2025-01-21,2025-01-31,,Open
CLM-001927,A,2025,2025-03-03,2025-05-29,,Open
CLM-001928,A,2025,2025-12-12,2025-12-18,,Open
CLM-001929,A,2025,2025-07-16,2025-07-23,,Open
CLM-001930,A,2025,2025-11-26,2025-12-25,,Open
CLM-001932,A,2025,2025-01-18,2025-02-09,,Open
CLM-001933,A,2025,2025-05-19,2025-06-28,2025-12-14,Closed
CLM-001934,A,2025,2025-11-02,2025-11-06,,Open
CLM-001935,A,2025,2025-06-30,2025-07-14,,Open
CLM-001936,A,2025,2025-07-05,2025-07-10,,Open
CLM-001937,A,2025,2025-07-28,2025-08-31,,Open
CLM-001938,A,2025,2025-09-14,2025-09-20,,Open
CLM-001939,A,2025,2025-12-09,2025-12-17,,Open
CLM-001940,A,2025,2025-11-20,2025-12-18,,Open
CLM-001941,A,2025,2025-08-17,2025-09-28,,Open
CLM-001942,A,2025,2025-07-30,2025-08-16,,Open
CLM-001943,A,2025,2025-05-12,2025-06-10,,Open
CLM-001944,A,2025,2025-02-12,,,Open
CLM-001945,A,2025,2025-09-16,2025-10-03,,Open
CLM-001946,A,2025,2025-01-01,2025-01-10,,Open
CLM-001947,A,2025,2025-09-12,2025-10-11,,Open
CLM-001948,A,2025,2025-07-01,2025-07-31,,Open
CLM-001949,A,2025,2025-10-15,2025-11-21,,Open
CLM-001951,A,2025,2025-07-21,2025-07-29,,Open
CLM-001952,A,2025,2025-07-29,2025-08-30,,Open
CLM-001953,A,2025,2025-06-27,2025-07-16,,Open
CLM-001954,A,2025,2025-05-17,2025-05-31,,Open
CLM-001955,A,2025,2025-02-02,2025-02-18,,Open
CLM-001956,A,2025,2025-01-12,2025-01-24,2025-10-06,Closed
CLM-001957,A,2025,2025-09-21,2025-10-28,,Open
CLM-001958,A,2025,2025-11-30,2025-12-07,,Open
CLM-001959,A,2025,2025-01-20,2025-01-29,,Open
CLM-001960,A,2025,2025-04-30,2025-05-15,,Open
CLM-001961,A,2025,2025-08-10,2025-10-10,,Open
CLM-001962,A,2025,2025-09-15,2025-10-26,,Open
CLM-001963,A,2025,2025-09-26,2025-10-02,,Open
CLM-001964,A,2025,2025-09-11,2025-11-01,2025-12-19,Closed
CLM-001965,A,2025,2025-01-31,2025-03-23,,Open
CLM-001966,A,2025,2025-04-03,2025-04-11,,Open
CLM-001967,A,2025,2025-06-21,2025-06-24,,Open
CLM-001968,A,2025,2025-01-24,2025-02-12,,Open
CLM-001969,A,2025,2025-05-06,2025-06-18,,Open
CLM-001970,A,2025,2025-05-21,2025-07-20,,Open
CLM-001972,A,2025,2025-04-26,2025-07-03,,Open
CLM-001973,A,2025,2025-12-21,2025-12-25,,Open
CLM-001974,A,2025,2025-09-13,2025-09-28,,Open
CLM-001975,A,2025,2025-09-10,2025-09-24,,Open
CLM-001976,A,2025,2025-10-27,2025-12-10,,Open
CLM-001977,A,2025,2025-11-04,2025-12-23,,Open
CLM-001978,A,2025,2025-03-23,2025-05-01,,Open
CLM-001979,A,2025,2025-06-03,2025-06-10,,Open
CLM-001980,A,2025,2025-07-12,2025-08-17,,Open
CLM-001982,A,2025,2025-01-15,2025-01-21,,Open
CLM-001983,A,2025,2025-06-24,2025-06-28,,Open
CLM-001984,A,2025,2025-03-20,2025-04-30,,Open
CLM-001985,A,2025,2025-03-17,2025-04-03,,Open
CLM-001986,A,2025,2025-10-06,2025-10-14,,Open
CLM-001987,A,2025,2025-03-15,2025-04-01,,Open
CLM-001988,A,2025,2025-10-17,2025-11-11,,Open
CLM-001990,A,2025,2025-10-11,2025-10-17,,Open
CLM-001991,A,2025,2025-03-04,2025-05-17,,Open
CLM-001992,A,2025,2025-02-21,2025-04-02,,Open
CLM-001993,A,2025,2025-06-09,2025-06-24,,Open
CLM-001994,A,2025,2025-07-21,2025-08-06,,Open
CLM-001995,A,2025,2025-10-12,2025-11-06,,Open
CLM-001996,A,2025,2025-06-04,2025-06-13,,Open
CLM-001997,A,2025,2025-03-02,2025-03-27,,Open
CLM-001999,A,2025,2025-11-27,2025-12-16,,Open
CLM-002000,A,2025,2025-08-27,2025-09-04,,Open
CLM-002001,A,2025,2025-09-11,2025-09-20,,Open
CLM-002003,A,2025,2025-06-23,2025-07-13,,Open
CLM-002004,A,2025,2025-02-23,2025-03-18,,Open
CLM-002005,A,2025,2025-08-10,2025-08-14,,Open
CLM-002006,A,2025,2025-06-14,2025-06-27,,Open
CLM-002007,A,2025,2025-10-19,2025-11-15,,Open
CLM-002008,A,2025,2025-10-09,2025-10-31,,Open
CLM-002009,A,2025,2025-06-22,2025-06-26,,Open
CLM-002010,A,2025,2025-05-15,2025-06-07,,Open
CLM-002011,A,2025,2025-06-04,2025-06-29,,Open
CLM-002012,A,2025,2025-08-19,2025-10-07,,Open
CLM-002013,A,2025,2025-08-21,2025-09-02,,Open
CLM-002014,A,2025,2025-07-06,2025-07-10,,Open
CLM-002015,A,2025,2025-07-14,2025-07-23,,Open
CLM-002017,A,2025,2025-04-03,2025-05-06,,Open
CLM-002018,A,2025,2025-03-05,2025-03-07,,Open
CLM-002019,A,2025,2025-10-19,2025-11-02,,Open
CLM-002021,B,2020,2020-12-20,2020-12-27,,Open
CLM-002022,B,2020,2020-08-17,2020-10-08,2023-10-27,Closed
CLM-002023,B,2020,2020-12-06,2020-12-30,2021-09-07,Closed
CLM-002024,B,2020,2020-06-01,2020-10-10,2023-06-18,Closed
CLM-002025,B,2020,2020-04-02,2020-06-11,2024-08-25,Closed
CLM-002026,B,2020,2020-03-30,2020-04-11,2021-01-19,Closed
CLM-002027,B,2020,2020-03-27,2020-04-01,2024-09-07,Closed
CLM-002028,B,2020,2020-09-29,2020-10-15,2022-10-29,Closed
CLM-002029,B,2020,2020-01-04,2020-01-15,2020-11-10,Closed
CLM-002030,B,2020,2020-12-12,2021-04-20,2024-06-13,Closed
CLM-002031,B,2020,2020-10-10,2020-11-08,2023-10-13,Closed
CLM-002032,B,2020,2020-05-19,2020-07-21,2023-08-16,Closed
CLM-002033,B,2020,2020-09-13,2020-10-06,2024-03-12,Closed
CLM-002034,B,2020,2020-02-19,2020-03-15,2023-01-25,Closed
CLM-002035,B,2020,2020-06-06,2020-07-05,2022-08-03,Closed
CLM-002036,B,2020,2020-02-09,2020-04-21,2022-03-11,Closed
CLM-002037,B,2020,2020-02-11,2020-03-20,2022-04-17,Closed
CLM-002038,B,2020,2020-01-03,2020-01-15,2024-04-06,Closed
CLM-002039,B,2020,2020-10-18,2021-02-04,2024-05-20,Closed
CLM-002040,B,2020,2020-09-29,2020-10-22,2024-01-03,Closed
CLM-002041,B,2020,2020-11-22,2020-12-12,2025-03-15,Closed
CLM-002042,B,2020,2020-12-25,2020-12-28,2023-10-02,Closed
CLM-002043,B,2020,2020-12-19,2021-02-06,2022-07-24,Closed
CLM-002044,B,2020,2020-12-29,2021-01-30,2023-02-13,Closed
CLM-002045,B,2020,2020-01-06,2020-02-07,2021-07-02,Closed
CLM-002046,B,2020,2020-10-14,2020-11-04,2023-12-21,Closed
CLM-002047,B,2020,2020-09-21,2020-10-09,2025-08-16,Closed
CLM-002048,B,2020,2020-02-29,2020-03-22,2021-08-28,Closed
CLM-002049,B,2020,2020-02-20,2020-04-03,,Open
CLM-002050,B,2020,2020-12-23,2021-02-11,2023-05-02,Closed
CLM-002051,B,2020,2020-11-19,2020-12-13,2022-08-19,Closed
CLM-002052,B,2020,2020-04-29,2020-07-02,2022-01-31,Closed
CLM-002053,B,2020,2020-01-28,2020-02-25,2023-08-06,Closed
CLM-002054,B,2020,2020-05-02,2020-05-22,2023-12-24,Closed
CLM-002055,B,2020,2020-01-02,2020-02-06,2020-12-16,Closed
CLM-002056,B,2020,2020-09-08,2020-09-18,2021-08-20,Closed
CLM-002057,,2020,2020-05-19,2020-06-24,2021-12-18,Closed
CLM-002058,B,2020,2020-01-18,2020-01-26,2024-05-29,Closed
CLM-002059,B,2020,2020-12-24,2021-01-06,2025-10-05,Closed
CLM-002060,B,2020,2020-10-29,2020-11-03,2023-09-06,Closed
CLM-002061,B,2020,2020-11-27,2020-12-23,2024-01-22,Closed
CLM-002062,B,2020,2020-12-31,2021-04-18,2025-04-10,Closed
CLM-002063,B,2020,2020-01-06,2020-02-02,2021-07-09,Closed
CLM-002064,B,2020,2020-10-10,2020-11-29,2022-02-02,Closed
CLM-002065,B,2020,2020-10-15,2021-04-29,2023-02-26,Closed
CLM-002066,B,2020,2020-10-13,2020-11-23,2021-06-27,Closed
CLM-002067,B,2020,2020-04-07,2020-04-23,2022-05-20,Closed
CLM-002068,B,2020,2020-05-22,2020-06-09,2022-12-11,Closed
CLM-002069,B,2020,2020-12-06,2021-01-05,2024-02-29,Closed
CLM-002070,B,2020,2020-01-25,2020-02-12,2023-12-16,Closed
CLM-002071,B,2020,2020-08-22,2020-09-10,2022-04-20,Closed
CLM-002072,B,2020,2020-10-17,2020-12-21,2022-09-17,Closed
CLM-002073,B,2020,2020-10-19,2020-12-26,2024-06-08,Closed
CLM-002074,B,2020,2020-08-06,2020-08-14,2021-12-21,Closed
CLM-002075,B,2020,2020-10-07,2020-10-22,2024-12-16,Closed
CLM-002076,B,2020,2020-11-28,2020-12-18,2024-06-05,Closed
CLM-002077,B,2020,2020-10-07,2020-11-24,2021-12-06,Closed
CLM-002078,B,2020,2020-02-12,2020-04-26,2025-02-02,Closed
CLM-002079,B,2020,2020-03-30,2020-12-15,2022-10-03,Closed
CLM-002080,B,2020,2020-04-21,2020-05-11,,Open
CLM-002081,B,2020,2020-05-05,2020-05-26,2022-11-23,Closed
CLM-002082,B,2020,2020-05-12,2020-06-29,2022-10-08,Closed
CLM-002083,B,2020,2020-03-21,2020-04-07,2023-09-16,Closed
CLM-002084,B,2020,2020-09-07,2020-10-03,2025-10-18,Closed
CLM-002085,B,2020,2020-02-10,2020-03-02,2021-12-24,Closed
CLM-002086,B,2020,2020-10-15,2020-10-18,2022-12-05,Closed
CLM-002087,B,2020,2020-08-29,2020-10-01,2025-02-08,Closed
CLM-002088,B,2020,2020-12-17,2021-01-11,2022-08-07,Closed
CLM-002089,B,2020,2020-01-03,2020-03-25,2022-07-05,Closed
CLM-002090,B,2020,2020-04-18,2020-05-18,2021-02-18,Closed
CLM-002091,B,2020,2020-11-24,2020-12-04,2023-05-04,Closed
CLM-002092,B,2020,2020-06-29,2020-07-23,2024-08-13,Closed
CLM-002093,B,2020,2020-07-24,2020-07-29,2025-06-18,Closed
CLM-002094,B,2020,2020-01-11,2020-01-22,2021-11-03,Closed
CLM-002095,B,2020,2020-10-05,2020-11-23,2024-02-24,Closed
CLM-002096,B,2020,2020-04-02,2020-04-26,2023-11-07,Closed
CLM-002097,B,2020,2020-12-18,2021-02-18,2023-11-26,Closed
CLM-002098,B,2020,2020-05-16,2020-05-22,2025-09-09,Closed
CLM-002099,B,2020,2020-03-10,2020-04-03,2021-02-21,Closed
CLM-002100,B,2020,2020-08-05,2020-08-25,2023-07-09,Closed
CLM-002101,B,2020,2020-06-23,2020-08-26,2023-06-09,Closed
CLM-002102,B,2020,2020-06-21,2020-08-11,2022-08-26,Closed
CLM-002103,B,2020,2020-12-13,2021-02-01,2022-04-13,Closed
CLM-002104,B,2020,2020-05-13,2020-08-23,2024-04-07,Closed
CLM-002105,B,2020,2020-05-25,2020-06-16,2025-02-12,Closed
CLM-002106,B,2020,2020-08-16,2020-11-11,2024-03-21,Closed
CLM-002107,B,2020,2020-03-03,2020-03-16,2024-04-21,Closed
CLM-002108,B,2020,2020-10-30,2020-11-11,2024-03-27,Closed
CLM-002109,B,2020,2020-03-25,2020-05-18,2023-03-02,Closed
CLM-002110,B,2020,2020-03-29,2020-04-07,,Open
CLM-002111,B,2020,2020-01-04,2020-02-20,2022-04-26,Closed
CLM-002112,B,2020,2020-05-05,2020-06-06,2022-09-03,Closed
CLM-002113,B,2020,2020-08-01,2020-10-10,2021-09-03,Closed
CLM-002114,B,2020,2020-09-15,2020-10-13,2022-06-16,Closed
CLM-002115,B,2020,2020-11-24,2020-12-25,2024-12-05,Closed
CLM-002116,B,2020,2020-10-11,2020-11-25,2022-05-27,Closed
CLM-002117,B,2020,2020-04-27,2020-05-14,2022-04-15,Closed
CLM-002118,B,2020,2020-10-29,2020-11-15,2022-10-20,Closed
CLM-002119,B,2020,2020-03-12,2020-04-24,2023-07-31,Closed
CLM-002120,B,2020,2020-03-17,2020-04-15,2020-09-18,Closed
CLM-002121,B,2020,2020-05-11,2020-06-01,2021-11-10,Closed
CLM-002122,B,2020,2020-07-16,2020-08-13,2024-10-22,Closed
CLM-002123,B,2020,2020-03-15,2020-06-30,2022-09-19,Closed
CLM-002124,B,2020,2020-11-25,2020-12-16,2022-09-07,Closed
CLM-002125,B,2020,2020-04-08,2020-04-28,2025-09-29,Closed
CLM-002126,B,2020,2020-05-23,2020-05-30,2022-11-10,Closed
CLM-002127,B,2020,2020-08-09,2020-09-07,2021-11-25,Closed
CLM-002128,B,2020,2020-06-06,2020-07-26,2023-03-28,Closed
CLM-002129,B,2020,2020-05-27,2020-07-24,2022-03-31,Closed
CLM-002130,B,2020,2020-12-26,2021-01-27,2025-11-24,Closed
CLM-002131,B,2020,2020-06-08,2020-08-11,2022-07-13,Closed
CLM-002132,B,2020,2020-02-11,2020-04-04,2021-10-23,Closed
CLM-002133,B,2020,2020-09-24,2020-12-06,2023-04-15,Closed
CLM-002134,B,2020,2020-09-15,2020-11-19,2022-10-07,Closed
CLM-002135,B,2020,2020-03-21,2020-07-04,2024-03-10,Closed
CLM-002136,B,2020,2020-11-07,2020-12-03,2021-09-16,Closed
CLM-002137,B,2020,2020-05-23,2020-06-02,2021-08-22,Closed
CLM-002138,B,2020,2020-02-25,2020-04-16,2024-11-21,Closed
CLM-002139,B,2020,2020-03-04,2020-04-29,2023-03-31,Closed
CLM-002140,B,2020,2020-09-18,2021-01-01,2021-09-05,Closed
CLM-002141,B,2020,2020-03-20,2020-06-11,2022-04-25,Closed
CLM-002142,B,2020,2020-06-20,2020-11-09,2022-12-12,Closed
CLM-002143,B,2020,2020-09-25,2020-11-13,2023-04-08,Closed
CLM-002144,B,2020,2020-11-08,2020-12-14,2025-08-07,Closed
CLM-002145,B,2020,2020-06-28,2020-07-07,2022-11-23,Closed
CLM-002146,B,2020,2020-11-28,2021-01-05,2025-05-10,Closed
CLM-002147,B,2020,2020-04-20,2020-05-09,2022-09-24,Closed
CLM-002148,B,2020,2020-11-15,2020-12-20,2024-08-05,Closed
CLM-002149,B,2020,2020-04-01,2020-05-02,2023-02-21,Closed
CLM-002150,B,2020,2020-01-24,2020-03-07,2025-07-08,Closed
CLM-002151,B,2020,2020-09-22,2020-10-19,2024-12-08,Closed
CLM-002152,B,2020,2020-10-04,2020-12-06,2022-05-27,Closed
CLM-002153,B,2020,2020-12-05,2020-12-08,2022-09-21,Closed
CLM-002154,B,2020,2020-12-03,2021-01-06,2022-01-02,Closed
CLM-002155,B,2020,2020-02-07,2020-04-25,2025-12-20,Closed
CLM-002156,B,2020,2020-08-15,2020-12-26,2024-02-04,Closed
CLM-002157,B,2020,2020-09-14,2020-11-06,2023-01-19,Closed
CLM-002158,B,2020,2020-08-07,2020-11-30,2021-06-21,Closed
CLM-002159,B,2020,2020-01-07,2020-02-10,2023-11-08,Closed
CLM-002160,B,2020,2020-01-17,2020-02-16,2023-03-18,Closed
CLM-002161,B,2020,2020-09-02,2020-10-17,,Open
CLM-002162,B,2020,2020-11-09,2020-12-08,2023-03-25,Closed
CLM-002163,B,2020,2020-03-06,2020-03-22,2021-12-25,Closed
CLM-002164,B,2020,2020-01-17,2020-02-05,2022-10-19,Closed
CLM-002165,B,2020,2020-05-27,2020-06-08,2023-12-30,Closed
CLM-002166,B,2021,2021-04-25,2021-06-19,2023-03-16,Closed
CLM-002167,B,2021,2021-12-09,2022-02-02,,Open
CLM-002168,B,2021,2021-06-04,2021-07-09,2023-10-03,Closed
CLM-002169,B,2021,2021-07-30,2021-10-06,2023-07-08,Closed
CLM-002170,B,2021,2021-01-01,2021-03-24,2023-10-21,Closed
CLM-002171,B,2021,2021-04-24,2021-05-31,,Open
CLM-002172,B,2021,2021-10-14,2021-11-10,,Open
CLM-002173,B,2021,2021-05-01,2021-07-01,2023-06-21,Closed
CLM-002174,B,2021,2021-03-02,2021-03-16,2023-08-12,Closed
CLM-002175,B,2021,2021-02-03,2021-02-19,2023-05-28,Closed
CLM-002176,B,2021,2021-12-04,2022-01-01,2025-04-10,Closed
CLM-002177,B,2021,2021-10-24,2021-10-31,2023-08-25,Closed
CLM-002178,B,2021,2021-01-17,2021-03-16,2021-12-31,Closed
CLM-002179,B,2021,2021-12-04,2021-12-17,2023-03-17,Closed
CLM-002180,B,2021,2021-10-27,2021-11-16,2025-08-19,Closed
CLM-002181,B,2021,2021-05-12,2021-06-06,2023-06-27,Closed
CLM-002182,B,2021,2021-08-28,2021-09-27,,Open
CLM-002183,B,2021,2021-04-05,2021-04-27,2024-08-23,Closed
CLM-002184,B,2021,2021-04-02,2021-04-30,2022-09-28,Closed
CLM-002185,B,2021,2021-09-18,2021-10-16,2024-02-20,Closed
CLM-002186,B,2021,2021-03-15,2021-04-04,2022-08-11,Closed
CLM-002187,B,2021,2021-05-10,2021-05-26,2025-01-23,Closed
CLM-002188,B,2021,2021-05-11,2021-07-21,2023-08-03,Closed
CLM-002189,B,2021,2021-02-24,2021-03-01,2023-01-09,Closed
CLM-002190,B,2021,2021-10-30,2021-11-24,2023-01-29,Closed
CLM-002191,B,2021,2021-09-03,2021-09-23,2023-01-15,Closed
CLM-002192,B,2021,2021-11-11,2021-12-22,,Open
CLM-002193,B,2021,2021-07-11,2021-07-20,2024-08-25,Closed
CLM-002194,B,2021,2021-03-05,2021-03-25,2022-07-28,Closed
CLM-002195,B,2021,2021-04-13,2021-05-10,2022-04-14,Closed
CLM-002196,B,2021,2021-05-10,2021-07-19,,Open
CLM-002197,B,2021,2021-12-10,2022-01-18,,Open
CLM-002198,B,2021,2021-03-28,2021-04-08,2022-10-04,Closed
CLM-002199,B,2021,2021-09-10,2021-09-30,2023-12-23,Closed
CLM-002200,B,2021,2021-02-14,2021-04-15,2022-03-23,Closed
CLM-002201,B,2021,2021-12-15,2021-12-26,,Open
CLM-002202,B,2021,2021-08-24,2021-09-21,2023-09-02,Closed
CLM-002203,B,2021,2021-06-07,2021-07-06,2025-05-27,Closed
CLM-002204,B,2021,2021-05-07,2021-05-29,2024-08-07,Closed
CLM-002205,B,2021,2021-05-10,2022-01-24,2022-10-17,Closed
CLM-002206,B,2021,2021-03-24,2021-04-14,2023-05-11,Closed
CLM-002207,B,2021,2021-08-07,2021-09-18,2023-07-23,Closed
CLM-002208,B,2021,2021-11-13,2021-11-29,2024-07-28,Closed
CLM-002209,B,2021,2021-03-30,2021-05-14,2021-09-24,Closed
CLM-002210,B,2021,2021-10-01,2021-11-30,2022-12-04,Closed
CLM-002211,B,2021,2021-07-26,2021-08-13,2025-01-19,Closed
CLM-002212,B,2021,2021-10-10,2021-11-07,2024-09-24,Closed
CLM-002213,B,2021,2021-10-08,2021-10-22,2024-03-23,Closed
CLM-002214,B,2021,2021-01-15,2021-01-27,2022-05-04,Closed
CLM-002215,B,2021,2021-01-08,2021-03-17,2022-10-16,Closed
CLM-002216,B,2021,2021-12-01,2021-12-20,2025-01-07,Closed
CLM-002217,B,2021,2021-02-26,2021-03-02,,Open
CLM-002218,B,2021,2021-07-29,2021-11-29,2025-07-24,Closed
CLM-002219,B,2021,2021-10-02,2021-10-17,2022-11-20,Closed
CLM-002220,B,2021,2021-07-03,2021-07-27,2022-10-16,Closed
CLM-002221,B,2021,2021-01-03,2021-04-24,,Open
CLM-002222,B,2021,2021-01-04,2021-01-30,2023-08-21,Closed
CLM-002223,B,2021,2021-09-02,2021-09-28,,Open
CLM-002224,B,2021,2021-11-24,2021-12-05,2022-04-27,Closed
CLM-002225,B,2021,2021-05-06,2021-05-14,2023-02-07,Closed
CLM-002226,B,2021,2021-07-18,2021-08-13,2022-09-02,Closed
CLM-002227,B,2021,2021-12-07,2022-01-16,2024-09-05,Closed
CLM-002228,B,2021,2021-10-29,2021-12-06,2024-01-12,Closed
CLM-002229,B,2021,2021-07-17,2021-08-06,2025-11-09,Closed
CLM-002230,B,2021,2021-08-28,2021-09-27,2023-07-20,Closed
CLM-002231,B,2021,2021-12-17,2021-12-23,2024-04-27,Closed
CLM-002232,B,2021,2021-10-18,2021-11-30,2023-11-04,Closed
CLM-002233,B,2021,2021-06-01,2021-07-05,2022-05-28,Closed
CLM-002234,B,2021,2021-09-10,2022-02-02,,Open
CLM-002235,B,2021,2021-05-01,2021-05-31,2023-10-27,Closed
CLM-002236,B,2021,2021-12-03,2021-12-17,2023-11-01,Closed
CLM-002237,B,2021,2021-02-04,2021-03-04,2021-09-23,Closed
CLM-002238,B,2021,2021-03-24,2021-04-16,2023-11-04,Closed
CLM-002239,B,2021,2021-05-07,2021-06-18,2025-11-26,Closed
CLM-002240,B,2021,2021-03-15,2021-04-14,,Open
CLM-002241,B,2021,2021-08-06,2021-08-16,2023-12-13,Closed
CLM-002242,B,2021,2021-09-18,2021-09-26,2023-07-07,Closed
CLM-002243,B,2021,2021-11-22,2021-12-29,2022-07-19,Closed
CLM-002244,B,2021,2021-07-03,2021-10-01,2024-12-08,Closed
CLM-002245,B,2021,2021-08-15,2021-09-15,2024-11-09,Closed
CLM-002246,B,2021,2021-08-07,2021-10-03,,Open
CLM-002247,B,2021,2021-01-02,2021-03-10,2023-08-14,Closed
CLM-002248,B,2021,2021-09-16,2021-10-23,2024-04-30,Closed
CLM-002249,B,2021,2021-01-09,2021-01-24,2022-09-30,Closed
CLM-002250,B,2021,2021-07-19,2021-08-23,2023-09-11,Closed
CLM-002251,B,2021,2021-12-31,2022-03-19,2022-09-04,Closed
CLM-002252,B,2021,2021-10-15,2021-11-29,,Open
CLM-002253,B,2021,2021-07-04,2021-08-27,2023-01-19,Closed
CLM-002254,B,2021,2021-04-27,2021-05-17,2024-12-03,Closed
CLM-002255,B,2021,2021-11-02,2021-11-27,2024-02-21,Closed
CLM-002256,B,2021,2021-11-10,2021-12-07,2023-06-07,Closed
CLM-002257,B,2021,2021-05-15,2021-06-12,,Open
CLM-002258,B,2021,2021-02-09,2021-04-26,2022-08-08,Closed
CLM-002259,B,2021,2021-08-01,2021-08-05,2023-12-26,Closed
CLM-002260,B,2021,2021-08-20,2021-09-19,2024-08-10,Closed
CLM-002261,B,2021,2021-12-07,2022-01-04,2024-07-15,Closed
CLM-002262,B,2021,2021-11-21,2021-12-01,,Open
CLM-002263,B,2021,2021-03-25,2021-05-15,2025-06-20,Closed
CLM-002264,B,2021,2021-04-03,2021-04-19,2022-08-22,Closed
CLM-002265,B,2021,2021-12-30,2022-01-21,2025-07-27,Closed
CLM-002266,B,2021,2021-04-30,2021-09-08,2024-11-12,Closed
CLM-002267,B,2021,2021-06-17,2021-08-23,2023-11-19,Closed
CLM-002268,B,2021,2021-04-22,2021-06-08,2024-01-15,Closed
CLM-002269,B,2021,2021-05-24,2021-07-03,2024-11-20,Closed
CLM-002270,B,2021,2021-07-25,2021-08-20,2023-06-27,Closed
CLM-002271,B,2021,2021-04-17,2021-09-12,2024-10-19,Closed
CLM-002272,B,2021,2021-05-31,2021-07-26,2025-05-17,Closed
CLM-002273,B,2021,2021-05-09,2021-05-25,2024-09-17,Closed
CLM-002274,B,2021,2021-02-09,2021-02-18,2023-08-04,Closed
CLM-002275,B,2021,2021-10-15,2021-12-01,2023-06-06,Closed
CLM-002276,B,2021,2021-11-22,2021-12-20,2025-09-08,Closed
CLM-002277,B,2021,2021-06-29,2021-07-08,2023-12-07,Closed
CLM-002278,B,2021,2021-03-16,2021-04-27,,Open
CLM-002279,B,2021,2021-08-23,2021-09-16,2024-05-08,Closed
CLM-002280,B,2021,2021-07-14,2021-08-28,2024-04-23,Closed
CLM-002281,B,2021,2021-07-21,2021-09-01,2022-02-23,Closed
CLM-002282,B,2021,2021-08-06,2021-08-24,,Open
CLM-002283,B,2021,2021-09-20,2021-11-08,,Open
CLM-002284,B,2021,2021-01-15,2021-02-04,2022-05-02,Closed
CLM-002285,B,2021,2021-02-06,2021-02-27,,Open
CLM-002286,B,2021,2021-02-04,2021-02-23,2025-11-21,Closed
CLM-002287,B,2021,2021-02-26,2021-05-11,2022-12-24,Closed
CLM-002288,B,2021,2021-12-21,2022-01-13,2023-11-02,Closed
CLM-002289,B,2021,2021-09-24,2021-12-22,2023-01-14,Closed
CLM-002290,B,2021,2021-08-31,2022-01-02,,Open
CLM-002291,B,2021,2021-09-13,2021-09-29,2025-04-27,Closed
CLM-002292,B,2021,2021-01-13,2021-01-15,2025-04-22,Closed
CLM-002293,B,2021,2021-03-19,2021-05-27,2025-05-11,Closed
CLM-002294,B,2021,2021-10-17,2021-11-08,2023-08-12,Closed
CLM-002295,B,2021,2021-06-18,2021-07-03,2023-05-20,Closed
CLM-002296,B,2021,2021-07-05,2021-07-23,2023-08-17,Closed
CLM-002297,B,2021,2021-10-01,2021-10-22,2024-08-15,Closed
CLM-002298,B,2021,2021-01-28,2021-04-22,2022-11-10,Closed
CLM-002299,B,2021,2021-10-19,2021-11-22,2023-08-01,Closed
CLM-002300,B,2021,2021-09-06,2021-11-28,2025-09-17,Closed
CLM-002301,B,2021,2021-05-28,2021-07-11,2023-07-30,Closed
CLM-002302,B,2021,2021-07-02,2021-07-25,2024-12-01,Closed
CLM-002303,B,2021,2021-01-28,2021-02-18,2024-09-09,Closed
CLM-002304,B,2021,2021-03-16,2021-05-02,2023-01-14,Closed
CLM-002305,B,2021,2021-03-31,2021-05-27,2024-12-04,Closed
CLM-002306,B,2021,2021-11-17,2022-01-22,,Open
CLM-002307,B,2021,2021-02-11,2021-03-07,,Open
CLM-002308,B,2021,2021-04-17,2021-05-21,2022-07-14,Closed
CLM-002309,B,2021,2021-02-18,2021-04-06,2024-04-11,Closed
CLM-002310,B,2021,2021-04-14,2021-05-06,2023-07-03,Closed
CLM-002311,B,2021,2021-01-04,2021-01-16,2023-05-11,Closed
CLM-002312,B,2021,2021-04-10,2021-04-25,2022-08-08,Closed
CLM-002313,B,2021,2021-09-22,2021-10-16,2022-09-14,Closed
CLM-002314,B,2021,2021-10-08,2021-11-27,2023-12-08,Closed
CLM-002315,B,2021,2021-05-19,2021-08-09,2023-02-14,Closed
CLM-002316,B,2022,2022-09-15,2022-10-06,2025-11-14,Closed
CLM-002317,B,2022,2022-04-17,2022-04-21,2024-07-11,Closed
CLM-002318,B,2022,2022-08-03,2022-08-27,2025-12-09,Closed
CLM-002319,B,2022,2022-01-23,2022-02-11,2025-03-09,Closed
CLM-002320,B,2022,2022-05-24,2022-07-19,,Open
CLM-002321,B,2022,2022-02-24,2022-04-07,2023-01-28,Closed
CLM-002322,B,2022,2022-07-23,2022-08-09,2024-01-22,Closed
CLM-002323,B,2022,2022-07-20,2022-08-09,2025-09-03,Closed
CLM-002324,B,2022,2022-07-14,2022-08-07,2024-01-10,Closed
CLM-002325,B,2022,2022-09-05,2022-12-12,2025-12-07,Closed
CLM-002326,B,2022,2022-12-04,2022-12-19,2025-05-14,Closed
CLM-002327,B,2022,2022-03-13,2022-03-29,2025-03-22,Closed
CLM-002328,B,2022,2022-03-20,2022-04-01,,Open
CLM-002329,B,2022,2022-03-20,2022-03-29,2023-01-10,Closed
CLM-002330,B,2022,2022-12-05,2023-01-12,2024-09-02,Closed
CLM-002331,B,2022,2022-02-03,2022-03-10,,Open
CLM-002332,B,2022,2022-01-12,2022-04-05,2023-06-27,Closed
CLM-002333,B,2022,2022-02-28,2022-05-08,,Open
CLM-002334,B,2022,2022-10-08,2023-04-30,,Open
CLM-002335,B,2022,2022-07-31,2022-08-28,2023-02-26,Closed
CLM-002336,B,2022,2022-12-02,2022-12-26,,Open
CLM-002337,B,2022,2022-03-16,2022-03-26,,Open
CLM-002338,B,2022,2022-05-24,2022-07-15,2024-07-19,Closed
CLM-002339,B,2022,2022-07-22,2022-08-23,2023-11-21,Closed
CLM-002340,B,2022,2022-01-27,2022-03-18,2024-12-21,Closed
CLM-002341,B,2022,2022-12-02,2022-12-14,,Open
CLM-002342,B,2022,2022-10-21,2022-11-29,,Open
CLM-002343,B,2022,2022-02-22,2022-03-29,2024-03-24,Closed
CLM-002344,B,2022,2022-11-04,2022-12-07,2025-01-12,Closed
CLM-002345,B,2022,2022-06-13,2022-06-30,2023-04-29,Closed
CLM-002346,B,2022,2022-05-03,2022-07-19,,Open
CLM-002347,B,2022,2022-12-12,2023-05-15,,Open
CLM-002348,B,2022,2022-07-09,2022-07-21,2023-05-19,Closed
CLM-002349,B,2022,2022-03-24,2022-05-16,,Open
CLM-002350,B,2022,2022-10-23,2022-10-26,2024-10-26,Closed
CLM-002351,B,2022,2022-09-19,2022-11-09,,Open
CLM-002352,B,2022,2022-03-12,2022-03-18,2023-10-16,Closed
CLM-002353,B,2022,2022-09-05,2022-09-24,2023-04-17,Closed
CLM-002354,B,2022,2022-08-18,2022-08-28,2025-09-11,Closed
CLM-002355,B,2022,2022-04-11,2022-05-06,2025-02-08,Closed
CLM-002356,B,2022,2022-06-07,2022-08-04,,Open
CLM-002357,B,2022,2022-11-03,2022-11-09,,Open
CLM-002358,B,2022,2022-03-05,2022-03-27,2024-01-26,Closed
CLM-002359,B,2022,2022-09-21,2022-10-10,2025-02-01,Closed
CLM-002360,B,2022,2022-10-31,2023-02-14,,Open
CLM-002361,B,2022,2022-12-08,2023-01-19,2025-05-16,Closed
CLM-002362,B,2022,2022-04-29,2022-05-10,2023-05-21,Closed
CLM-002363,B,2022,2022-04-08,2022-04-28,2024-01-06,Closed
CLM-002364,B,2022,2022-12-08,2023-03-22,,Open
CLM-002365,B,2022,2022-06-18,2022-08-10,2025-02-02,Closed
CLM-002366,B,2022,2022-07-27,2022-08-10,,Open
CLM-002367,B,2022,2022-07-07,2022-07-31,,Open
CLM-002368,B,2022,2022-07-07,2022-07-31,2025-08-20,Closed
CLM-002369,B,2022,2022-08-16,2022-09-04,2024-05-07,Closed
CLM-002370,B,2022,2022-06-04,2022-06-11,2025-07-15,Closed
CLM-002371,B,2022,2022-05-24,2022-06-10,2025-12-25,Closed
CLM-002372,B,2022,2022-05-27,2022-08-26,2024-08-03,Closed
CLM-002373,B,2022,2022-08-28,2022-09-19,2024-06-30,Closed
CLM-002374,B,2022,2022-10-26,2022-11-22,2025-01-19,Closed
CLM-002375,B,2022,2022-07-22,2022-08-24,2024-09-28,Closed
CLM-002376,B,2022,2022-09-05,2023-02-28,,Open
CLM-002377,B,2022,2022-05-31,2022-06-30,,Open
CLM-002378,B,2022,2022-10-10,2022-12-20,2025-11-10,Closed
CLM-002379,B,2022,2022-05-24,2022-06-11,2025-01-19,Closed
CLM-002380,B,2022,2022-06-03,2022-06-27,2025-01-02,Closed
CLM-002381,B,2022,2022-01-21,2022-02-20,2025-06-12,Closed
CLM-002382,B,2022,2022-04-06,2022-04-22,2025-02-13,Closed
CLM-002383,B,2022,2022-09-27,2022-10-22,,Open
CLM-002384,B,2022,2022-02-01,2022-04-03,2024-11-26,Closed
CLM-002385,B,2022,2022-03-23,2022-04-07,2025-11-17,Closed
CLM-002386,B,2022,2022-10-11,2022-11-10,,Open
CLM-002387,B,2022,2022-11-15,2023-01-06,,Open
CLM-002388,B,2022,2022-06-01,2022-06-16,2024-06-22,Closed
CLM-002389,B,2022,2022-05-29,2022-08-09,,Open
CLM-002390,B,2022,2022-07-05,2022-08-05,2024-09-20,Closed
CLM-002391,B,2022,2022-10-09,2022-11-04,2024-12-23,Closed
CLM-002392,B,2022,2022-06-21,2022-06-27,2023-11-29,Closed
CLM-002393,B,2022,2022-03-05,,,Open
CLM-002394,B,2022,2022-06-07,2022-07-17,2023-07-23,Closed
CLM-002395,B,2022,2022-04-03,2022-08-02,2024-03-09,Closed
CLM-002396,B,2022,2022-09-07,2022-10-24,,Open
CLM-002397,B,2022,2022-02-22,2022-05-06,2024-05-18,Closed
CLM-002398,B,2022,2022-08-11,2022-08-22,2025-06-19,Closed
CLM-002399,B,2022,2022-02-17,2022-03-16,,Open
CLM-002400,B,2022,2022-12-21,2023-03-10,,Open
CLM-002401,B,2022,2022-08-22,2022-09-05,2024-04-11,Closed
CLM-002402,B,2022,2022-02-20,2022-04-25,2023-11-06,Closed
CLM-002403,B,2022,2022-12-16,2023-02-07,,Open
CLM-002404,B,2022,2022-07-29,2022-09-04,,Open
CLM-002405,B,2022,2022-08-10,2022-09-02,,Open
CLM-002406,B,2022,2022-01-24,2022-02-06,2023-11-21,Closed
CLM-002407,B,2022,2022-03-10,2022-07-12,2024-01-10,Closed
CLM-002408,B,2022,2022-10-22,2022-12-10,2025-03-31,Closed
CLM-002409,B,2022,2022-06-20,2022-07-29,,Open
CLM-002410,B,2022,2022-08-13,2022-09-03,2024-11-07,Closed
CLM-002411,B,2022,2022-12-27,2023-01-26,2025-10-07,Closed
CLM-002412,B,2022,2022-06-06,2022-07-10,2025-05-18,Closed
CLM-002413,B,2022,2022-05-20,2022-06-30,,Open
CLM-002414,B,2022,2022-10-20,2022-12-12,,Open
CLM-002415,B,2022,2022-01-25,2022-02-10,2023-10-18,Closed
CLM-002416,B,2022,2022-06-16,2022-06-25,2023-11-24,Closed
CLM-002417,B,2022,2022-11-09,2022-12-11,,Open
CLM-002418,B,2022,2022-03-25,2022-04-01,2023-01-28,Closed
CLM-002419,,2022,2022-04-21,2022-05-14,,Open
CLM-002420,B,2022,2022-06-22,2022-07-11,,Open
CLM-002421,B,2022,2022-01-28,2022-03-13,,Open
CLM-002422,B,2022,2022-01-26,2022-06-21,,Open
CLM-002423,B,2022,2022-04-02,2022-04-08,2024-09-18,Closed
CLM-002424,B,2022,2022-11-24,2023-05-28,2025-06-23,Closed
CLM-002425,B,2022,2022-03-22,2022-04-15,,Open
CLM-002426,B,2022,2022-09-24,2022-11-02,2024-03-10,Closed
CLM-002427,B,2022,2022-06-05,2022-06-14,2024-12-08,Closed
CLM-002428,B,2022,2022-10-05,2022-12-10,2024-01-17,Closed
CLM-002429,B,2022,2022-05-01,2022-06-01,,Open
CLM-002430,B,2022,2022-11-16,2022-12-14,2024-12-13,Closed
CLM-002431,B,2022,2022-05-16,2022-05-22,2024-03-27,Closed
CLM-002432,B,2022,2022-10-16,2022-11-16,,Open
CLM-002433,B,2022,2022-10-31,2022-12-29,,Open
CLM-002434,B,2022,2022-06-07,2022-07-01,2023-03-16,Closed
CLM-002435,B,2022,2022-09-01,2022-11-16,,Open
CLM-002436,B,2022,2022-02-13,2022-04-28,,Open
CLM-002437,B,2022,2022-07-01,2022-07-18,,Open
CLM-002438,B,2022,2022-05-17,2022-09-01,,Open
CLM-002439,B,2022,2022-12-15,2023-01-15,2024-06-07,Closed
CLM-002440,B,2022,2022-12-07,2023-01-07,,Open
CLM-002441,B,2022,2022-10-13,2022-11-14,,Open
CLM-002442,B,2022,2022-12-13,2023-01-13,2024-10-08,Closed
CLM-002443,B,2022,2022-12-23,2022-12-26,,Open
CLM-002444,B,2022,2022-10-08,2022-11-02,2024-12-20,Closed
CLM-002445,B,2022,2022-08-05,2022-08-15,2024-05-09,Closed
CLM-002446,B,2022,2022-03-16,2022-07-04,,Open
CLM-002447,B,2022,2022-10-25,2023-02-08,2025-04-30,Closed
CLM-002448,B,2022,2022-03-12,2022-05-10,2024-02-22,Closed
CLM-002449,B,2022,2022-03-09,2022-04-02,,Open
CLM-002450,B,2022,2022-11-18,2022-12-01,2023-09-12,Closed
CLM-002451,B,2022,2022-02-11,2022-02-28,2024-12-14,Closed
CLM-002452,B,2022,2022-02-21,2022-07-12,2024-05-10,Closed
CLM-002453,B,2022,2022-07-06,2022-07-23,2025-06-19,Closed
CLM-002454,B,2022,2022-08-02,2022-08-06,2025-03-05,Closed
CLM-002455,B,2022,2022-01-17,2022-03-26,,Open
CLM-002456,B,2022,2022-05-19,2022-08-26,,Open
CLM-002457,B,2022,2022-03-24,2022-07-15,2023-12-28,Closed
CLM-002458,B,2022,2022-04-21,2022-06-28,2025-03-26,Closed
CLM-002459,B,2022,2022-03-08,2022-05-25,2025-05-29,Closed
CLM-002460,B,2022,2022-09-05,2022-10-06,,Open
CLM-002461,B,2022,2022-06-22,2022-06-27,2025-06-09,Closed
CLM-002462,B,2022,2022-12-17,2023-01-16,,Open
CLM-002463,B,2022,2022-01-04,2022-02-22,2024-01-19,Closed
CLM-002464,B,2022,2022-10-11,2022-11-06,2023-12-07,Closed
CLM-002465,B,2022,2022-11-29,2022-12-24,,Open
CLM-002466,B,2022,2022-06-27,2022-07-10,2025-05-20,Closed
CLM-002467,B,2022,2022-09-13,2022-09-26,2025-08-30,Closed
CLM-002468,B,2022,2022-06-10,2022-10-18,,Open
CLM-002469,B,2022,2022-08-06,2022-12-18,,Open
CLM-002470,B,2022,2022-11-28,2022-12-27,,Open
CLM-002471,B,2023,2023-12-02,2024-02-26,,Open
CLM-002472,B,2023,2023-07-12,2023-09-29,,Open
CLM-002473,B,2023,2023-07-29,2023-09-13,,Open
CLM-002474,B,2023,2023-06-18,2023-07-27,2024-03-31,Closed
CLM-002475,B,2023,2023-02-02,2023-03-20,2025-08-16,Closed
CLM-002476,B,2023,2023-10-12,2023-12-05,,Open
CLM-002477,B,2023,2023-04-30,2023-05-16,,Open
CLM-002478,B,2023,2023-03-29,2023-05-21,2024-04-15,Closed
CLM-002479,B,2023,2023-10-13,2024-01-17,,Open
CLM-002480,B,2023,2023-03-14,2023-04-08,,Open
CLM-002481,B,2023,2023-09-07,2023-09-30,2024-10-02,Closed
CLM-002482,B,2023,2023-06-23,2023-08-05,2024-06-26,Closed
CLM-002483,B,2023,2023-10-19,2023-11-05,,Open
CLM-002484,B,2023,2023-01-19,2023-01-29,,Open
CLM-002485,B,2023,2023-10-10,2023-12-24,2024-06-23,Closed
CLM-002486,B,2023,2023-03-25,2023-04-14,2025-04-30,Closed
CLM-002487,B,2023,2023-11-14,2023-12-14,2025-08-20,Closed
CLM-002488,B,2023,2023-05-10,2023-05-28,,Open
CLM-002489,B,2023,2023-01-03,2023-03-27,2025-02-07,Closed
CLM-002490,B,2023,2023-06-27,2023-08-25,,Open
CLM-002491,B,2023,2023-01-20,2023-02-13,2025-11-11,Closed
CLM-002492,B,2023,2023-04-09,2023-04-20,2025-12-11,Closed
CLM-002493,B,2023,2023-09-19,2023-10-11,2025-03-10,Closed
CLM-002494,B,2023,2023-07-24,2023-09-09,,Open
CLM-002495,B,2023,2023-09-16,2023-10-20,,Open
CLM-002496,B,2023,2023-11-17,2023-12-19,,Open
CLM-002497,B,2023,2023-06-20,2023-07-25,2025-06-21,Closed
CLM-002498,B,2023,2023-07-18,2023-09-11,2024-11-11,Closed
CLM-002499,B,2023,2023-01-22,2023-02-20,2024-08-10,Closed
CLM-002500,B,2023,2023-04-15,2023-05-28,,Open
CLM-002501,B,2023,2023-09-22,2023-10-05,,Open
CLM-002502,B,2023,2023-01-23,2023-09-11,2024-02-14,Closed
CLM-002503,B,2023,2023-05-12,2023-06-04,,Open
CLM-002504,B,2023,2023-02-19,2023-03-26,2024-04-15,Closed
CLM-002505,B,2023,2023-11-09,2023-12-26,,Open
CLM-002506,B,2023,2023-07-24,2023-08-14,,Open
CLM-002507,B,2023,2023-08-24,2023-09-23,2025-12-01,Closed
CLM-002508,B,2023,2023-09-07,2023-10-06,2025-03-25,Closed
CLM-002509,B,2023,2023-03-23,2023-04-06,2024-03-29,Closed
CLM-002510,B,2023,2023-01-19,2023-03-02,2025-11-20,Closed
CLM-002511,B,2023,2023-05-26,2023-06-03,2025-04-10,Closed
CLM-002512,B,2023,2023-03-09,2023-07-08,,Open
CLM-002513,B,2023,2023-04-28,2023-06-23,,Open
CLM-002514,B,2023,2023-04-27,2023-06-16,,Open
CLM-002515,B,2023,2023-10-13,2023-10-20,2025-03-30,Closed
CLM-002516,B,2023,2023-04-27,2023-05-12,,Open
CLM-002517,B,2023,2023-02-25,2023-05-27,,Open
CLM-002519,B,2023,2023-01-18,2023-04-06,,Open
CLM-002520,B,2023,2023-03-16,2023-05-23,,Open
CLM-002521,B,2023,2023-05-07,2023-06-21,2024-05-12,Closed
CLM-002522,B,2023,2023-01-23,2023-02-07,,Open
CLM-002523,B,2023,2023-11-25,2024-01-30,,Open
CLM-002524,B,2023,2023-05-09,2023-05-21,2024-06-29,Closed
CLM-002525,B,2023,2023-10-13,2023-10-24,,Open
CLM-002526,B,2023,2023-02-19,2023-03-01,2023-11-29,Closed
CLM-002527,B,2023,2023-07-10,2023-09-13,2024-05-25,Closed
CLM-002528,B,2023,2023-02-16,2023-03-16,2024-06-07,Closed
CLM-002529,B,2023,2023-03-26,2023-04-27,,Open
CLM-002530,B,2023,2023-05-29,2023-06-27,,Open
CLM-002531,B,2023,2023-11-11,2023-11-23,2025-05-26,Closed
CLM-002532,B,2023,2023-04-22,2023-05-09,,Open
CLM-002533,B,2023,2023-10-03,2023-10-21,2024-11-22,Closed
CLM-002534,B,2023,2023-02-03,2023-02-12,2024-09-27,Closed
CLM-002535,B,2023,2023-04-02,2023-04-22,,Open
CLM-002536,B,2023,2023-08-09,2023-08-21,,Open
CLM-002537,B,2023,2023-06-20,2023-08-06,2025-01-24,Closed
CLM-002538,B,2023,2023-07-03,2023-08-22,,Open
CLM-002539,B,2023,2023-09-05,2023-09-15,2025-11-02,Closed
CLM-002540,B,2023,2023-01-29,2023-02-21,2025-11-01,Closed
CLM-002541,B,2023,2023-09-11,2024-01-21,,Open
CLM-002542,B,2023,2023-11-11,2023-11-24,,Open
CLM-002543,B,2023,2023-10-07,2023-11-18,,Open
CLM-002544,B,2023,2023-04-14,2023-05-16,,Open
CLM-002545,B,2023,2023-05-09,2023-07-19,2025-12-21,Closed
CLM-002546,B,2023,2023-12-17,2024-01-23,,Open
CLM-002547,B,2023,2023-10-16,2023-11-06,,Open
CLM-002548,B,2023,2023-12-07,2024-01-07,,Open
CLM-002549,B,2023,2023-11-30,2024-01-01,,Open
CLM-002550,B,2023,2023-06-08,2023-07-05,2024-02-17,Closed
CLM-002551,B,2023,2023-02-17,2023-02-27,2025-07-07,Closed
CLM-002552,B,2023,2023-03-25,2023-06-14,2025-09-18,Closed
CLM-002553,B,2023,2023-04-18,2023-06-27,,Open
CLM-002554,B,2023,2023-11-01,2023-11-14,,Open
CLM-002555,B,2023,2023-04-11,2023-05-04,,Open
CLM-002556,B,2023,2023-05-12,2023-06-06,2025-07-24,Closed
CLM-002557,B,2023,2023-11-07,2023-11-18,,Open
CLM-002558,B,2023,2023-03-01,2023-03-07,,Open
CLM-002559,B,2023,2023-08-31,2023-09-17,2024-12-14,Closed
CLM-002560,B,2023,2023-07-21,2023-08-12,,Open
CLM-002561,B,2023,2023-12-26,2024-01-04,,Open
CLM-002562,B,2023,2023-06-28,2023-08-01,2024-10-02,Closed
CLM-002563,B,2023,2023-07-10,2023-09-24,,Open
CLM-002564,B,2023,2023-11-07,2024-01-04,2025-09-24,Closed
CLM-002565,B,2023,2023-12-28,2024-01-24,,Open
CLM-002566,B,2023,2023-09-24,2023-09-30,,Open
CLM-002567,B,2023,2023-09-12,2023-11-04,2025-02-20,Closed
CLM-002568,B,2023,2023-11-16,2023-12-19,,Open
CLM-002569,B,2023,2023-12-24,2024-02-04,,Open
CLM-002570,B,2023,2023-09-26,2024-02-14,2025-02-25,Closed
CLM-002571,B,2023,2023-04-17,2023-05-02,,Open
CLM-002572,B,2023,2023-08-23,2023-08-26,,Open
CLM-002573,B,2023,2023-03-28,2023-04-09,2025-11-22,Closed
CLM-002574,B,2023,2023-07-02,2023-08-15,,Open
CLM-002575,B,2023,2023-06-12,2023-07-12,,Open
CLM-002576,B,2023,2023-12-27,2024-01-07,2025-03-21,Closed
CLM-002577,B,2023,2023-07-22,2023-07-31,,Open
CLM-002578,B,2023,2023-12-17,2024-01-08,,Open
CLM-002579,B,2023,2023-10-22,2023-11-02,,Open
CLM-002580,B,2023,2023-11-06,2023-12-21,,Open
CLM-002581,B,2023,2023-03-03,2023-03-24,,Open
CLM-002582,B,2023,2023-10-10,2023-10-28,,Open
CLM-002583,B,2023,2023-04-02,2023-04-18,,Open
CLM-002584,B,2023,2023-07-30,2023-09-05,2025-02-12,Closed
CLM-002585,B,2023,2023-06-27,2023-07-28,2025-04-22,Closed
CLM-002586,B,2023,2023-04-05,2023-05-10,2024-06-12,Closed
CLM-002587,B,2023,2023-12-26,2024-01-29,2025-07-30,Closed
CLM-002588,B,2023,2023-11-16,2023-12-14,,Open
CLM-002589,B,2023,2023-07-29,2023-08-11,2025-02-11,Closed
CLM-002590,B,2023,2023-01-04,2023-01-20,,Open
CLM-002591,B,2023,2023-03-08,2023-03-29,2025-10-27,Closed
CLM-002592,B,2023,2023-03-25,2023-08-28,,Open
CLM-002593,B,2023,2023-12-21,2023-12-31,2025-01-12,Closed
CLM-002594,B,2023,2023-05-28,2023-06-18,2024-10-04,Closed
CLM-002595,B,2023,2023-01-18,2023-02-19,,Open
CLM-002596,B,2023,2023-08-02,2023-08-25,,Open
CLM-002597,B,2023,2023-12-13,2024-02-21,,Open
CLM-002598,B,2023,2023-07-24,2023-08-16,,Open
CLM-002599,B,2023,2023-06-12,2023-07-06,2024-10-23,Closed
CLM-002600,B,2023,2023-03-06,2023-05-02,2023-06-10,Closed
CLM-002601,B,2023,2023-11-17,2024-03-23,2024-08-31,Closed
CLM-002602,B,2023,2023-02-08,2023-05-11,2025-11-28,Closed
CLM-002603,B,2023,2023-12-07,2024-01-02,2025-05-22,Closed
CLM-002604,B,2023,2023-03-23,2023-04-20,2024-10-05,Closed
CLM-002605,B,2023,2023-02-20,2023-03-23,2024-02-22,Closed
CLM-002606,B,2023,2023-05-08,2023-06-10,,Open
CLM-002607,B,2023,2023-01-02,2023-01-17,2024-03-26,Closed
CLM-002608,B,2023,2023-01-06,2023-03-10,,Open
CLM-002609,B,2023,2023-03-10,2023-04-14,,Open
CLM-002610,B,2023,2023-09-10,2023-10-08,2025-08-18,Closed
CLM-002611,B,2023,2023-10-25,2023-11-04,2025-10-31,Closed
CLM-002612,B,2023,2023-04-01,2023-05-02,2025-08-13,Closed
CLM-002613,B,2023,2023-08-24,2023-08-30,,Open
CLM-002614,B,2023,2023-05-09,2023-05-27,,Open
CLM-002615,B,2023,2023-06-08,2023-06-27,2025-08-24,Closed
CLM-002616,B,2023,2023-05-03,2023-06-09,2024-03-14,Closed
CLM-002617,B,2023,2023-11-22,2024-04-04,,Open
CLM-002618,B,2023,2023-07-06,2023-08-22,,Open
CLM-002619,B,2023,2023-07-04,2023-10-07,2025-04-26,Closed
CLM-002620,B,2023,2023-11-10,2023-12-30,,Open
CLM-002621,B,2023,2023-08-28,2023-11-09,,Open
CLM-002622,B,2023,2023-02-24,2023-07-06,2024-11-14,Closed
CLM-002623,B,2023,2023-03-10,2023-03-26,2025-07-31,Closed
CLM-002624,B,2023,2023-05-05,2023-05-20,,Open
CLM-002625,B,2023,2023-02-05,2023-03-28,,Open
CLM-002626,B,2023,2023-09-10,2023-10-09,,Open
CLM-002627,B,2023,2023-06-30,2023-08-04,,Open
CLM-002628,B,2023,2023-01-17,2023-02-10,,Open
CLM-002629,B,2023,2023-05-27,2023-06-14,,Open
CLM-002630,B,2023,2023-10-30,2024-02-16,,Open
CLM-002631,B,2024,2024-01-17,2024-02-07,,Open
CLM-002632,B,2024,2024-03-12,2024-04-14,,Open
CLM-002633,B,2024,2024-06-07,2024-08-25,,Open
CLM-002634,B,2024,2024-03-06,2024-04-15,,Open
CLM-002635,B,2024,2024-07-21,2024-10-08,2025-07-06,Closed
CLM-002636,B,2024,2024-04-20,2024-05-07,,Open
CLM-002637,B,2024,2024-04-16,2024-05-01,,Open
CLM-002638,B,2024,2024-02-09,2024-03-10,,Open
CLM-002639,B,2024,2024-07-03,2024-08-01,2025-04-08,Closed
CLM-002640,B,2024,2024-03-10,2024-04-04,,Open
CLM-002641,B,2024,2024-08-18,2024-08-31,,Open
CLM-002642,B,2024,2024-12-09,2025-02-25,,Open
CLM-002643,B,2024,2024-11-29,2024-12-21,,Open
CLM-002644,B,2024,2024-09-01,2024-12-03,,Open
CLM-002645,B,2024,2024-10-22,2024-11-21,,Open
CLM-002646,B,2024,2024-12-03,2025-01-22,,Open
CLM-002647,B,2024,2024-09-06,2024-10-22,,Open
CLM-002648,B,2024,2024-04-04,2024-04-19,,Open
CLM-002649,B,2024,2024-07-02,2024-08-11,,Open
CLM-002650,B,2024,2024-11-09,2025-03-29,,Open
CLM-002651,B,2024,2024-09-01,2024-10-07,2025-07-19,Closed
CLM-002652,B,2024,2024-05-12,2024-07-12,,Open
CLM-002653,B,2024,2024-03-02,2024-04-23,,Open
CLM-002654,B,2024,2024-02-22,2024-03-31,,Open
CLM-002655,B,2024,2024-05-17,2024-06-20,2025-02-08,Closed
CLM-002656,B,2024,2024-10-21,2024-12-06,,Open
CLM-002657,B,2024,2024-07-21,2024-09-14,,Open
CLM-002658,B,2024,2024-01-22,2024-02-01,2025-06-30,Closed
CLM-002659,B,2024,2024-12-02,2025-01-07,2025-12-08,Closed
CLM-002660,B,2024,2024-05-28,2024-06-22,,Open
CLM-002661,B,2024,2024-05-22,2024-06-12,2025-08-07,Closed
CLM-002662,B,2024,2024-10-26,2025-01-18,,Open
CLM-002663,B,2024,2024-05-17,2024-06-02,,Open
CLM-002664,B,2024,2024-08-13,2024-08-22,,Open
CLM-002665,B,2024,2024-12-03,2025-01-28,,Open
CLM-002666,B,2024,2024-07-08,2024-07-17,,Open
CLM-002667,B,2024,2024-08-12,2024-08-18,2025-09-19,Closed
CLM-002668,B,2024,2024-05-09,2024-07-10,2025-02-13,Closed
CLM-002669,B,2024,2024-11-21,2024-12-25,,Open
CLM-002670,B,2024,2024-01-28,2024-03-11,,Open
CLM-002671,B,2024,2024-04-11,2024-05-02,,Open
CLM-002672,B,2024,2024-12-28,2025-01-06,,Open
CLM-002673,B,2024,2024-06-26,2024-07-07,,Open
CLM-002674,B,2024,2024-03-04,2024-03-28,,Open
CLM-002675,B,2024,2024-05-31,2024-06-10,,Open
CLM-002676,B,2024,2024-04-03,2024-05-11,2025-11-21,Closed
CLM-002677,B,2024,2024-07-11,2024-07-31,,Open
CLM-002678,B,2024,2024-03-27,2024-04-30,2024-08-20,Closed
CLM-002679,B,2024,2024-05-26,2024-06-28,2025-09-07,Closed
CLM-002680,B,2024,2024-11-28,2025-01-07,,Open
CLM-002681,B,2024,2024-01-31,2024-03-15,2025-06-01,Closed
CLM-002682,B,2024,2024-10-06,2024-10-28,,Open
CLM-002683,B,2024,2024-01-29,2024-03-03,,Open
CLM-002684,B,2024,2024-06-16,2024-07-22,,Open
CLM-002685,B,2024,2024-09-01,2024-09-05,,Open
CLM-002686,B,2024,2024-12-15,2025-02-03,,Open
CLM-002687,B,2024,2024-04-01,2024-05-04,,Open
CLM-002688,,2024,2024-01-20,2024-03-07,,Open
CLM-002689,B,2024,2024-10-01,2024-10-11,,Open
CLM-002690,B,2024,2024-11-23,2024-12-16,,Open
CLM-002691,B,2024,2024-07-25,2024-08-06,2025-06-18,Closed
CLM-002692,B,2024,2024-01-23,2024-03-17,,Open
CLM-002693,B,2024,2024-07-02,2024-07-11,,Open
CLM-002694,B,2024,2024-05-23,2024-06-06,2025-06-09,Closed
CLM-002695,B,2024,2024-06-14,2024-07-30,,Open
CLM-002696,B,2024,2024-01-20,2024-02-07,,Open
CLM-002697,B,2024,2024-04-26,2024-05-10,,Open
CLM-002698,B,2024,2024-12-31,2025-03-02,,Open
CLM-002699,B,2024,2024-01-17,2024-03-21,2025-11-18,Closed
CLM-002700,B,2024,2024-11-30,2025-01-22,,Open
CLM-002701,B,2024,2024-07-08,2024-09-05,,Open
CLM-002702,B,2024,2024-08-02,2024-08-26,2025-01-06,Closed
CLM-002703,B,2024,2024-12-07,2025-01-01,,Open
CLM-002704,B,2024,2024-03-20,2024-04-06,,Open
CLM-002705,B,2024,2024-12-26,2025-01-29,,Open
CLM-002706,B,2024,2024-04-11,2024-04-30,,Open
CLM-002707,B,2024,2024-05-07,2024-05-28,,Open
CLM-002708,B,2024,2024-06-13,2024-07-31,2025-11-11,Closed
CLM-002709,B,2024,2024-08-08,2024-10-24,,Open
CLM-002710,B,2024,2024-04-28,2024-06-08,,Open
CLM-002711,B,2024,2024-10-17,2025-02-20,,Open
CLM-002712,B,2024,2024-01-08,2024-01-25,2025-07-26,Closed
CLM-002713,B,2024,2024-08-31,2024-09-06,2025-06-24,Closed
CLM-002714,B,2024,2024-08-28,2024-10-20,,Open
CLM-002715,B,2024,2024-07-14,2024-07-30,,Open
CLM-002716,B,2024,2024-08-12,2024-09-05,,Open
CLM-002717,B,2024,2024-09-30,2024-10-07,2025-08-18,Closed
CLM-002718,B,2024,2024-11-26,2024-12-10,,Open
CLM-002719,B,2024,2024-03-20,2024-03-29,,Open
CLM-002720,B,2024,2024-06-23,2024-07-14,2025-02-03,Closed
CLM-002721,B,2024,2024-07-24,2024-08-14,,Open
CLM-002722,B,2024,2024-05-06,2024-06-07,2025-12-22,Closed
CLM-002723,B,2024,2024-12-22,2025-03-12,,Open
CLM-002724,B,2024,2024-07-06,2024-08-26,,Open
CLM-002725,B,2024,2024-08-04,2024-08-12,,Open
CLM-002726,B,2024,2024-03-12,2024-04-29,,Open
CLM-002727,B,2024,2024-06-01,2024-07-03,,Open
CLM-002728,B,2024,2024-08-16,2024-09-12,2025-07-01,Closed
CLM-002729,B,2024,2024-06-05,2024-07-04,,Open
CLM-002730,B,2024,2024-10-08,2024-11-12,,Open
CLM-002731,B,2024,2024-02-20,2024-03-08,,Open
CLM-002732,B,2024,2024-02-26,2024-03-22,,Open
CLM-002733,B,2024,2024-05-04,2024-07-20,,Open
CLM-002734,B,2024,2024-04-26,2024-05-13,,Open
CLM-002735,B,2024,2024-10-25,2024-11-07,,Open
CLM-002736,B,2024,2024-11-13,2024-12-11,,Open
CLM-002737,B,2024,2024-06-21,2024-07-03,,Open
CLM-002738,B,2024,2024-07-04,2024-07-11,,Open
CLM-002739,B,2024,2024-04-17,2024-05-09,,Open
CLM-002740,B,2024,2024-07-13,2024-10-16,,Open
CLM-002741,B,2024,2024-09-15,2024-10-14,,Open
CLM-002742,B,2024,2024-09-21,2024-10-25,,Open
CLM-002743,B,2024,2024-12-20,2024-12-25,,Open
CLM-002744,B,2024,2024-07-30,2024-09-10,,Open
CLM-002745,B,2024,2024-05-04,2024-06-05,,Open
CLM-002746,B,2024,2024-01-26,2024-02-12,,Open
CLM-002747,B,2024,2024-09-08,2024-10-12,,Open
CLM-002748,B,2024,2024-10-21,2024-11-24,,Open
CLM-002749,B,2024,2024-07-21,,,Open
CLM-002750,B,2024,2024-12-03,2025-01-11,2025-12-30,Closed
CLM-002751,B,2024,2024-04-25,2024-07-12,,Open
CLM-002752,B,2024,2024-01-20,2024-02-13,,Open
CLM-002753,B,2024,2024-08-19,2024-09-02,,Open
CLM-002754,B,2024,2024-02-14,2024-03-11,,Open
CLM-002755,B,2024,2024-01-31,2024-03-30,,Open
CLM-002756,B,2024,2024-09-13,2024-09-24,,Open
CLM-002757,B,2024,2024-06-07,2024-07-24,,Open
CLM-002758,B,2024,2024-08-09,2024-08-26,,Open
CLM-002759,B,2024,2024-09-30,2024-11-05,,Open
CLM-002760,B,2024,2024-05-20,2024-06-08,,Open
CLM-002761,B,2024,2024-08-11,2024-08-30,,Open
CLM-002762,B,2024,2024-07-16,2024-10-25,,Open
CLM-002763,B,2024,2024-07-31,2024-08-09,,Open
CLM-002764,B,2024,2024-09-14,2024-10-28,,Open
CLM-002765,B,2024,2024-05-19,2024-09-15,,Open
CLM-002766,B,2024,2024-07-03,2024-08-23,,Open
CLM-002767,B,2024,2024-08-04,2024-08-14,,Open
CLM-002768,B,2024,2024-02-21,2024-03-02,,Open
CLM-002769,B,2024,2024-03-18,2024-04-03,,Open
CLM-002770,B,2024,2024-02-02,2024-03-07,,Open
CLM-002771,B,2024,2024-03-13,2024-04-17,,Open
CLM-002772,B,2024,2024-06-09,2024-06-19,,Open
CLM-002773,B,2024,2024-12-09,2024-12-23,,Open
CLM-002774,B,2024,2024-12-03,2024-12-18,,Open
CLM-002775,B,2024,2024-10-06,2024-10-31,,Open
CLM-002776,B,2024,2024-07-23,2024-12-16,,Open
CLM-002777,B,2024,2024-03-15,2024-03-29,2025-10-06,Closed
CLM-002778,B,2024,2024-05-11,2024-05-24,,Open
CLM-002779,B,2024,2024-10-07,2024-10-19,2025-08-01,Closed
CLM-002780,B,2024,2024-11-28,2025-01-16,,Open
CLM-002781,B,2024,2024-12-18,2025-01-16,,Open
CLM-002782,B,2024,2024-05-22,2024-06-05,,Open
CLM-002783,B,2024,2024-06-27,2024-07-19,,Open
CLM-002784,B,2024,2024-07-05,2024-07-20,,Open
CLM-002785,B,2024,2024-01-21,2024-02-28,,Open
CLM-002786,B,2024,2024-02-12,2024-10-25,,Open
CLM-002787,B,2024,2024-01-17,2024-03-03,2025-02-07,Closed
CLM-002788,B,2024,2024-09-26,2024-10-23,2025-11-04,Closed
CLM-002789,B,2024,2024-03-23,2024-04-09,,Open
CLM-002790,B,2024,2024-09-13,2024-09-23,,Open
CLM-002791,B,2024,2024-05-17,2024-07-09,,Open
CLM-002792,B,2024,2024-10-17,2024-12-07,,Open
CLM-002793,B,2024,2024-02-12,2024-03-03,2025-04-20,Closed
CLM-002794,B,2024,2024-04-29,2024-07-17,,Open
CLM-002795,B,2024,2024-03-15,2024-04-14,2025-10-16,Closed
CLM-002796,B,2024,2024-06-08,2024-08-02,,Open
CLM-002797,B,2024,2024-07-24,2024-08-31,,Open
CLM-002798,B,2024,2024-03-02,2024-03-28,,Open
CLM-002799,B,2024,2024-09-01,2024-09-14,2025-11-30,Closed
CLM-002800,B,2024,2024-12-19,2025-01-14,,Open
CLM-002801,B,2024,2024-01-16,2024-03-14,,Open
CLM-002802,B,2024,2024-02-01,2024-02-20,,Open
CLM-002803,B,2024,2024-12-14,2025-01-25,,Open
CLM-002804,B,2024,2024-08-25,2024-09-06,,Open
CLM-002805,B,2024,2024-12-02,2025-01-26,,Open
CLM-002806,B,2025,2025-09-15,2025-11-06,,Open
CLM-002807,B,2025,2025-05-06,2025-06-07,,Open
CLM-002808,B,2025,2025-01-06,2025-03-19,,Open
CLM-002809,B,2025,2025-04-11,2025-05-03,,Open
CLM-002810,B,2025,2025-06-21,2025-06-30,,Open
CLM-002811,B,2025,2025-08-17,2025-09-29,,Open
CLM-002812,B,2025,2025-10-07,2025-11-09,,Open
CLM-002813,B,2025,2025-07-10,2025-08-23,,Open
CLM-002814,B,2025,2025-02-06,2025-02-16,,Open
CLM-002815,B,2025,2025-05-23,2025-09-25,,Open
CLM-002816,B,2025,2025-09-26,2025-11-17,,Open
CLM-002817,B,2025,2025-08-22,2025-09-14,,Open
CLM-002818,B,2025,2025-08-02,2025-08-16,,Open
CLM-002819,B,2025,2025-07-05,2025-09-14,,Open
CLM-002820,B,2025,2025-07-04,2025-07-16,,Open
CLM-002822,B,2025,2025-08-07,2025-08-25,,Open
CLM-002823,B,2025,2025-08-06,2025-12-02,,Open
CLM-002824,B,2025,2025-05-03,2025-05-28,,Open
CLM-002825,B,2025,2025-06-28,2025-10-12,,Open
CLM-002826,B,2025,2025-09-17,2025-10-03,,Open
CLM-002827,B,2025,2025-11-10,2025-12-10,,Open
CLM-002828,B,2025,2025-10-12,2025-12-08,,Open
CLM-002829,B,2025,2025-08-30,2025-10-19,,Open
CLM-002830,B,2025,2025-10-12,2025-12-23,,Open
CLM-002831,B,2025,2025-01-13,2025-02-02,,Open
CLM-002832,B,2025,2025-04-09,2025-05-11,,Open
CLM-002833,B,2025,2025-03-30,2025-06-19,,Open
CLM-002834,B,2025,2025-08-27,2025-09-13,,Open
CLM-002835,B,2025,2025-10-02,2025-11-18,,Open
CLM-002836,B,2025,2025-02-24,2025-03-21,2025-07-19,Closed
CLM-002837,B,2025,2025-03-12,2025-04-16,,Open
CLM-002838,B,2025,2025-06-30,2025-08-01,,Open
CLM-002840,B,2025,2025-01-01,2025-01-25,,Open
CLM-002841,B,2025,2025-11-18,2025-12-21,,Open
CLM-002842,B,2025,2025-03-12,2025-04-08,,Open
CLM-002843,B,2025,2025-04-09,2025-07-23,,Open
CLM-002844,B,2025,2025-08-19,2025-10-25,,Open
CLM-002845,B,2025,2025-09-24,2025-10-31,,Open
CLM-002846,B,2025,2025-11-16,2025-12-02,,Open
CLM-002847,B,2025,2025-01-03,2025-01-18,,Open
CLM-002848,B,2025,2025-01-18,2025-06-12,,Open
CLM-002849,B,2025,2025-06-24,2025-07-07,,Open
CLM-002850,B,2025,2025-07-23,2025-08-24,,Open
CLM-002851,B,2025,2025-04-06,2025-05-16,,Open
CLM-002852,B,2025,2025-08-21,2025-09-13,,Open
CLM-002853,B,2025,2025-04-07,2025-04-20,,Open
CLM-002854,B,2025,2025-12-07,2025-12-23,,Open
CLM-002855,B,2025,2025-03-06,2025-03-25,,Open
CLM-002856,B,2025,2025-08-28,2025-09-14,,Open
CLM-002857,B,2025,2025-07-13,2025-10-07,,Open
CLM-002858,B,2025,2025-02-07,2025-03-08,,Open
CLM-002859,B,2025,2025-08-09,2025-08-28,,Open
CLM-002860,B,2025,2025-02-23,2025-03-27,,Open
CLM-002861,B,2025,2025-07-16,2025-09-05,,Open
CLM-002862,B,2025,2025-08-21,2025-09-12,,Open
CLM-002863,B,2025,2025-01-27,2025-03-29,,Open
CLM-002864,B,2025,2025-03-20,2025-03-30,,Open
CLM-002865,B,2025,2025-04-18,2025-07-03,,Open
CLM-002867,B,2025,2025-03-22,2025-04-19,,Open
CLM-002868,B,2025,2025-12-03,2025-12-20,,Open
CLM-002869,B,2025,2025-07-14,2025-07-25,,Open
CLM-002870,B,2025,2025-12-13,2025-12-20,,Open
CLM-002871,B,2025,2025-10-31,2025-11-16,,Open
CLM-002872,B,2025,2025-04-17,2025-06-04,,Open
CLM-002873,B,2025,2025-07-24,2025-08-06,,Open
CLM-002874,B,2025,2025-09-19,2025-09-27,,Open
CLM-002875,B,2025,2025-01-29,2025-02-12,,Open
CLM-002876,B,2025,2025-08-31,2025-09-22,,Open
CLM-002877,B,2025,2025-06-17,2025-07-09,,Open
CLM-002878,B,2025,2025-01-13,2025-02-09,,Open
CLM-002880,B,2025,2025-04-07,2025-06-27,,Open
CLM-002882,B,2025,2025-03-17,2025-03-25,,Open
CLM-002883,B,2025,2025-07-17,2025-08-01,,Open
CLM-002884,B,2025,2025-05-16,2025-07-07,,Open
CLM-002885,B,2025,2025-11-22,2025-12-12,,Open
CLM-002887,B,2025,2025-10-09,2025-11-13,,Open
CLM-002889,B,2025,2025-10-08,2025-12-16,,Open
CLM-002890,B,2025,2025-04-18,2025-06-27,,Open
CLM-002891,B,2025,2025-12-02,2025-12-23,,Open
CLM-002892,B,2025,2025-07-13,2025-08-09,,Open
CLM-002893,B,2025,2025-05-06,2025-05-29,,Open
CLM-002894,B,2025,2025-03-12,2025-03-20,,Open
CLM-002895,B,2025,2025-09-17,2025-12-23,,Open
CLM-002896,B,2025,2025-04-12,2025-06-05,,Open
CLM-002897,B,2025,2025-08-27,2025-09-18,,Open
CLM-002898,B,2025,2025-01-24,2025-04-19,,Open
CLM-002899,B,2025,2025-08-20,2025-09-07,,Open
CLM-002900,B,2025,2025-08-23,2025-08-29,,Open
CLM-002901,B,2025,2025-07-11,2025-09-16,,Open
CLM-002902,B,2025,2025-08-28,2025-09-07,,Open
CLM-002904,B,2025,2025-11-03,2025-12-08,,Open
CLM-002905,B,2025,2025-06-10,2025-07-20,,Open
CLM-002908,B,2025,2025-02-28,2025-04-15,,Open
CLM-002909,B,2025,2025-05-12,2025-05-27,,Open
CLM-002910,B,2025,2025-09-29,2025-11-05,,Open
CLM-002911,B,2025,2025-07-07,2025-07-15,,Open
CLM-002912,B,2025,2025-02-19,2025-06-03,,Open
CLM-002913,B,2025,2025-06-22,2025-07-01,,Open
CLM-002914,B,2025,2025-05-17,2025-06-08,,Open
CLM-002915,B,2025,2025-09-27,2025-10-07,,Open
CLM-002916,B,2025,2025-07-08,2025-07-24,,Open
CLM-002917,B,2025,2025-02-21,2025-03-23,,Open
CLM-002918,B,2025,2025-01-19,2025-02-07,,Open
CLM-002919,B,2025,2025-04-15,2025-06-28,,Open
CLM-002920,B,2025,2025-02-27,2025-04-03,,Open
CLM-002921,B,2025,2025-11-16,2025-12-06,,Open
CLM-002922,B,2025,2025-04-09,2025-05-05,,Open
CLM-002923,B,2025,2025-08-20,2025-11-07,,Open
CLM-002924,B,2025,2025-02-16,2025-04-19,,Open
CLM-002925,B,2025,2025-06-11,2025-06-23,,Open
CLM-002926,B,2025,2025-12-07,2025-12-24,,Open
CLM-002927,B,2025,2025-08-23,2025-10-05,,Open
CLM-002928,B,2025,2025-04-16,2025-05-25,,Open
CLM-002929,B,2025,2025-09-30,2025-10-12,,Open
CLM-002930,B,2025,2025-07-02,2025-08-25,,Open
CLM-002931,B,2025,2025-03-27,2025-04-10,,Open
CLM-002934,B,2025,2025-07-26,2025-08-07,,Open
CLM-002935,B,2025,2025-01-13,2025-02-01,,Open
CLM-002936,B,2025,2025-05-31,2025-06-19,,Open
CLM-002937,B,2025,2025-07-07,2025-08-10,,Open
CLM-002938,B,2025,2025-12-06,2025-12-31,,Open
CLM-002939,B,2025,2025-09-25,2025-10-06,,Open
CLM-002940,B,2025,2025-03-23,2025-04-01,2025-05-31,Closed
CLM-002941,B,2025,2025-07-06,2025-08-21,,Open
CLM-002942,B,2025,2025-03-07,2025-04-13,,Open
CLM-002943,B,2025,2025-06-22,2025-07-24,,Open
CLM-002944,B,2025,2025-07-15,2025-08-21,,Open
CLM-002945,B,2025,2025-07-06,2025-07-24,,Open
CLM-002946,B,2025,2025-06-05,2025-07-09,,Open
CLM-002949,B,2025,2025-07-04,2025-07-27,,Open
CLM-002950,B,2025,2025-01-16,2025-02-04,,Open
CLM-002951,B,2025,2025-09-28,2025-10-01,,Open
CLM-002952,B,2025,2025-08-14,2025-10-23,,Open
CLM-002953,,2025,2025-09-11,2025-11-06,,Open
CLM-002954,B,2025,2025-09-17,2025-10-06,,Open
CLM-002955,B,2025,2025-03-05,2025-03-14,,Open
CLM-002958,B,2025,2025-02-23,2025-03-22,,Open
CLM-002959,B,2025,2025-03-21,2025-05-12,,Open
CLM-002960,B,2025,2025-03-31,2025-05-02,,Open
CLM-002963,B,2025,2025-04-07,2025-06-04,,Open
CLM-002964,B,2025,2025-08-19,2025-08-24,,Open
CLM-002965,B,2025,2025-03-30,2025-04-10,,Open
CLM-002966,B,2025,2025-01-14,2025-02-05,,Open
CLM-002967,B,2025,2025-03-26,2025-06-05,2025-12-18,Closed
CLM-002968,B,2025,2025-01-29,2025-06-13,,Open
CLM-002969,B,2025,2025-11-06,2025-12-02,,Open
CLM-002970,B,2025,2025-10-14,2025-11-01,,Open
CLM-002971,B,2025,2025-03-09,2025-03-15,2025-11-15,Closed
CLM-002972,B,2025,2025-07-27,2025-09-24,,Open
CLM-002973,B,2025,2025-03-16,2025-04-04,,Open
CLM-002975,B,2025,2025-11-24,2025-12-10,,Open
CLM-002977,B,2025,2025-11-01,2025-12-25,,Open
CLM-002978,B,2025,2025-03-30,2025-04-12,,Open
CLM-002979,B,2025,2025-03-11,2025-04-16,,Open
CLM-002980,B,2025,2025-02-28,2025-04-24,,Open
CLM-002981,B,2025,2025-02-16,2025-03-13,,Open
CLM-002982,B,2025,2025-08-13,2025-10-10,,Open
CLM-002983,B,2025,2025-08-29,2025-10-25,,Open
CLM-002985,B,2025,2025-02-02,2025-03-03,,Open
CLM-002986,B,2025,2025-04-07,2025-04-18,,Open
CLM-002987,B,2025,2025-09-23,2025-10-21,,Open
CLM-002988,B,2025,2025-09-06,2025-10-10,,Open
CLM-002989,B,2025,2025-06-06,2025-06-12,,Open
CLM-002990,B,2025,2025-02-25,2025-03-31,,Open
CLM-002991,B,2025,2025-06-26,2025-07-23,,Open
CLM-002992,B,2025,2025-03-04,2025-03-14,,Open
CLM-002993,B,2025,2025-07-15,2025-08-06,,Open
CLM-002994,B,2025,2025-11-26,2025-12-19,,Open
CLM-002995,B,2025,2025-03-13,2025-07-31,,Open
CLM-002996,C,2020,2020-02-13,2020-05-30,,Open
CLM-002997,C,2020,2020-02-25,2020-04-06,2024-05-29,Closed
CLM-002998,C,2020,2020-10-17,2022-02-07,,Open
CLM-002999,C,2020,2020-12-01,2020-12-29,2025-06-22,Closed
CLM-003000,C,2020,2020-08-16,2020-12-04,2023-07-19,Closed
CLM-003001,C,2020,2020-10-04,2021-01-01,,Open
CLM-003002,C,2020,2020-10-05,2020-10-28,2022-12-29,Closed
CLM-003003,C,2020,2020-11-17,2020-12-17,,Open
CLM-003004,C,2020,2020-02-05,2020-05-27,,Open
CLM-003005,C,2020,2020-12-30,2021-02-19,2024-11-16,Closed
CLM-003006,C,2020,2020-06-16,2020-08-16,,Open
CLM-003007,C,2020,2020-07-17,2020-07-27,2024-07-11,Closed
CLM-003008,C,2020,2020-10-18,2021-01-07,,Open
CLM-003009,C,2020,2020-06-29,2020-08-26,2023-05-03,Closed
CLM-003010,C,2020,2020-04-07,2020-05-19,2023-10-26,Closed
CLM-003011,C,2020,2020-01-07,2020-03-09,2024-02-03,Closed
CLM-003012,C,2020,2020-03-02,2020-04-02,,Open
CLM-003013,C,2020,2020-01-31,2020-02-26,2025-09-28,Closed
CLM-003014,C,2020,2020-05-19,2020-06-24,,Open
CLM-003015,C,2020,2020-10-12,2020-11-10,2024-08-17,Closed
CLM-003016,C,2020,2020-05-02,2021-03-18,2025-09-05,Closed
CLM-003017,C,2020,2020-08-06,2020-11-16,2025-03-31,Closed
CLM-003018,C,2020,2020-03-08,2020-03-26,2024-05-29,Closed
CLM-003019,C,2020,2020-08-04,2021-05-12,2023-07-08,Closed
CLM-003020,C,2020,2020-12-15,2021-01-14,2023-12-15,Closed
CLM-003021,C,2020,2020-04-25,2020-06-10,,Open
CLM-003022,C,2020,2020-06-25,2020-10-03,,Open
CLM-003023,C,2020,2020-12-18,2020-12-25,2023-12-24,Closed
CLM-003024,C,2020,2020-08-10,2020-09-15,2021-07-21,Closed
CLM-003025,C,2020,2020-05-26,2020-06-21,2023-03-18,Closed
CLM-003026,C,2020,2020-02-14,2020-04-08,,Open
CLM-003027,C,2020,2020-12-09,2021-02-09,,Open
CLM-003028,C,2020,2020-08-11,2020-09-21,,Open
CLM-003029,C,2020,2020-01-21,2020-03-01,2022-01-25,Closed
CLM-003030,C,2020,2020-07-22,2020-11-16,2025-05-17,Closed
CLM-003031,C,2020,2020-12-20,2021-02-17,2023-12-28,Closed
CLM-003032,C,2020,2020-12-07,2021-01-22,2025-11-20,Closed
CLM-003033,C,2020,2020-03-12,2020-05-02,2025-05-11,Closed
CLM-003034,C,2020,2020-05-30,2021-01-19,2025-01-04,Closed
CLM-003035,C,2020,2020-12-27,2021-02-17,,Open
CLM-003036,C,2020,2020-10-13,2020-11-10,2024-11-25,Closed
CLM-003037,C,2020,2020-07-23,2020-07-31,2024-07-03,Closed
CLM-003038,C,2020,2020-04-21,2020-05-03,2022-05-14,Closed
CLM-003039,C,2020,2020-10-06,2020-11-04,2024-06-12,Closed
CLM-003040,C,2020,2020-07-30,2020-09-08,2023-06-12,Closed
CLM-003041,C,2020,2020-07-10,2020-08-06,2025-07-01,Closed
CLM-003042,C,2020,2020-12-05,2021-02-04,,Open
CLM-003043,C,2020,2020-05-18,2020-06-13,2023-06-29,Closed
CLM-003044,C,2020,2020-08-16,2020-09-04,2022-12-15,Closed
CLM-003045,C,2020,2020-01-16,2020-04-03,,Open
CLM-003046,C,2020,2020-09-17,2021-02-18,2025-07-22,Closed
CLM-003047,C,2020,2020-07-19,2020-08-04,2023-12-18,Closed
CLM-003048,C,2020,2020-11-16,2021-01-11,,Open
CLM-003049,C,2020,2020-05-01,2020-05-09,2023-07-09,Closed
CLM-003050,C,2020,2020-12-04,2020-12-15,,Open
CLM-003051,C,2020,2020-07-29,2020-08-24,,Open
CLM-003052,C,2020,2020-03-17,2020-07-19,,Open
CLM-003053,C,2020,2020-02-28,2020-03-21,2022-07-27,Closed
CLM-003054,C,2020,2020-03-12,2020-04-02,2023-12-30,Closed
CLM-003055,C,2020,2020-04-20,2020-06-05,2025-07-20,Closed
CLM-003056,C,2021,2021-07-20,2021-10-24,,Open
CLM-003057,C,2021,2021-06-09,2021-07-08,,Open
CLM-003058,C,2021,2021-07-05,2021-08-08,2025-10-26,Closed
CLM-003059,C,2021,2021-06-12,2021-08-26,2024-02-20,Closed
CLM-003060,C,2021,2021-06-06,2021-07-13,2025-09-07,Closed
CLM-003061,C,2021,2021-09-02,2022-01-02,2025-08-26,Closed
CLM-003062,C,2021,2021-12-30,2022-01-18,,Open
CLM-003063,C,2021,2021-10-11,2021-10-27,2025-04-02,Closed
CLM-003064,C,2021,2021-09-01,2021-10-30,2024-02-09,Closed
CLM-003065,C,2021,2021-01-05,2021-03-10,,Open
CLM-003066,C,2021,2021-07-07,2021-07-27,2023-04-22,Closed
CLM-003067,C,2021,2021-12-15,2022-05-14,,Open
CLM-003068,C,2021,2021-05-26,2022-02-04,,Open
CLM-003069,C,2021,2021-07-20,2021-08-14,2024-04-10,Closed
CLM-003070,C,2021,2021-04-29,2021-10-17,2025-10-22,Closed
CLM-003071,C,2021,2021-03-11,2021-03-16,,Open
CLM-003072,C,2021,2021-09-15,2022-01-11,2023-01-19,Closed
CLM-003073,C,2021,2021-04-25,2021-05-15,,Open
CLM-003074,C,2021,2021-08-03,2021-11-19,,Open
CLM-003075,C,2021,2021-08-05,2021-08-23,,Open
CLM-003076,C,2021,2021-11-06,2021-12-18,2025-08-12,Closed
CLM-003077,C,2021,2021-12-09,2021-12-30,,Open
CLM-003078,C,2021,2021-07-22,2021-08-28,,Open
CLM-003079,C,2021,2021-01-19,2021-09-09,2023-07-29,Closed
CLM-003080,C,2021,2021-08-01,2021-09-10,2025-04-15,Closed
CLM-003081,C,2021,2021-11-19,2022-09-15,,Open
CLM-003082,C,2021,2021-06-24,2021-07-25,2022-07-17,Closed
CLM-003083,C,2021,2021-07-26,2022-01-14,,Open
CLM-003084,C,2021,2021-10-06,2021-10-16,2024-06-15,Closed
CLM-003085,C,2021,2021-06-10,2021-07-14,2022-04-29,Closed
CLM-003086,C,2021,2021-06-01,2021-06-28,,Open
CLM-003087,C,2021,2021-06-25,2021-12-21,,Open
CLM-003088,C,2021,2021-11-07,2021-12-30,,Open
CLM-003089,C,2021,2021-06-28,2021-07-04,,Open
CLM-003090,C,2021,2021-04-30,2021-05-13,,Open
CLM-003091,C,2021,2021-08-06,2021-08-24,2025-06-17,Closed
CLM-003092,C,2021,2021-09-10,2021-12-23,,Open
CLM-003093,C,2021,2021-11-30,2022-03-02,2024-06-07,Closed
CLM-003094,C,2021,2021-11-22,2021-12-26,2023-02-23,Closed
CLM-003095,C,2021,2021-10-13,2021-11-09,2023-09-17,Closed
CLM-003096,C,2021,2021-10-08,2022-01-01,,Open
CLM-003097,C,2021,2021-06-14,2021-06-30,,Open
CLM-003098,C,2021,2021-05-06,2021-07-12,,Open
CLM-003099,C,2021,2021-07-25,2021-09-25,,Open
CLM-003100,C,2021,2021-09-15,2021-10-20,,Open
CLM-003101,C,2021,2021-07-09,2021-09-11,2024-04-01,Closed
CLM-003102,C,2021,2021-03-17,2021-05-05,2025-08-05,Closed
CLM-003103,C,2021,2021-01-06,2021-03-17,2025-06-20,Closed
CLM-003104,C,2021,2021-01-22,2021-02-04,,Open
CLM-003105,C,2021,2021-06-05,2021-08-22,,Open
CLM-003106,C,2021,2021-10-16,2022-02-06,,Open
CLM-003107,C,2021,2021-10-16,2021-12-15,,Open
CLM-003108,C,2021,2021-10-22,2022-01-07,2025-12-17,Closed
CLM-003109,C,2021,2021-09-16,2021-10-26,2024-04-08,Closed
CLM-003110,C,2021,2021-01-09,2021-04-19,2025-05-28,Closed
CLM-003111,C,2021,2021-11-19,2022-01-05,,Open
CLM-003112,C,2021,2021-12-12,2021-12-28,2023-07-29,Closed
CLM-003113,C,2021,2021-11-07,2022-02-09,2025-10-19,Closed
CLM-003114,C,2021,2021-06-12,2021-06-22,,Open
CLM-003115,C,2021,2021-03-20,2021-05-17,2025-06-06,Closed
CLM-003116,C,2021,2021-11-27,2021-12-28,,Open
CLM-003117,C,2021,2021-03-09,2021-04-08,,Open
CLM-003118,C,2021,2021-10-15,2021-12-06,,Open
CLM-003119,C,2021,2021-12-19,2022-01-11,,Open
CLM-003120,C,2022,2022-11-25,2022-12-23,,Open
CLM-003121,C,2022,2022-04-17,2022-10-02,,Open
CLM-003122,C,2022,2022-04-28,2022-07-13,,Open
CLM-003123,C,2022,2022-07-24,2022-11-27,,Open
CLM-003124,C,2022,2022-11-17,2022-12-13,2025-09-05,Closed
CLM-003125,C,2022,2022-02-11,2022-03-30,2023-11-10,Closed
CLM-003126,C,2022,2022-08-30,2022-11-02,,Open
CLM-003127,C,2022,2022-11-10,2022-12-07,2024-09-05,Closed
CLM-003128,C,2022,2022-09-26,2022-11-06,,Open
CLM-003129,C,2022,2022-12-24,2023-01-19,,Open
CLM-003130,C,2022,2022-01-05,2022-03-10,,Open
CLM-003131,C,2022,2022-05-13,2022-05-26,2025-06-12,Closed
CLM-003132,C,2022,2022-06-06,2022-08-20,,Open
CLM-003133,C,2022,2022-07-15,2022-09-12,,Open
CLM-003134,C,2022,2022-04-27,2022-06-03,,Open
CLM-003135,C,2022,2022-04-03,2022-06-09,,Open
CLM-003136,C,2022,2022-11-07,2022-12-09,2025-08-14,Closed
CLM-003137,C,2022,2022-03-26,2022-04-19,,Open
CLM-003138,C,2022,2022-12-15,2023-02-26,,Open
CLM-003139,C,2022,2022-01-14,2022-03-31,,Open
CLM-003140,C,2022,2022-06-04,2022-07-02,,Open
CLM-003141,C,2022,2022-08-11,2022-09-06,2025-12-10,Closed
CLM-003142,C,2022,2022-12-22,2023-01-29,,Open
CLM-003143,C,2022,2022-10-07,2022-11-03,,Open
CLM-003144,C,2022,2022-01-06,2022-07-02,,Open
CLM-003145,C,2022,2022-10-01,2022-11-29,,Open
CLM-003146,C,2022,2022-04-29,2022-06-13,,Open
CLM-003147,C,2022,2022-11-10,2022-11-29,,Open
CLM-003148,C,2022,2022-10-10,2023-01-05,,Open
CLM-003149,C,2022,2022-03-12,2022-04-06,,Open
CLM-003150,C,2022,2022-05-12,2022-06-06,,Open
CLM-003151,C,2022,2022-10-27,2023-01-25,,Open
CLM-003152,C,2022,2022-12-03,2023-02-04,2025-04-02,Closed
CLM-003153,C,2022,2022-08-09,2022-08-13,2025-04-29,Closed
CLM-003154,C,2022,2022-03-21,2022-04-29,,Open
CLM-003155,C,2022,2022-05-23,2022-07-12,,Open
CLM-003156,C,2022,2022-10-18,2022-11-20,,Open
CLM-003157,C,2022,2022-08-07,2022-09-27,,Open
CLM-003158,C,2022,2022-03-15,2022-03-23,,Open
CLM-003159,C,2022,2022-04-15,2022-04-18,,Open
CLM-003160,C,2022,2022-03-13,2022-03-31,2024-04-07,Closed
CLM-003161,C,2022,2022-06-21,2022-08-18,2024-11-16,Closed
CLM-003162,C,2022,2022-06-12,2022-06-14,2025-08-09,Closed
CLM-003163,C,2022,2022-07-17,2022-08-07,2024-04-19,Closed
CLM-003164,C,2022,2022-12-11,2022-12-18,2025-02-08,Closed
CLM-003165,C,2022,2022-08-26,2022-10-01,,Open
CLM-003166,C,2022,2022-08-02,2023-04-21,,Open
CLM-003167,C,2022,2022-05-14,2022-06-20,2025-12-16,Closed
CLM-003168,C,2022,2022-08-20,2022-09-29,,Open
CLM-003169,C,2022,2022-12-15,2023-03-20,,Open
CLM-003170,C,2022,2022-01-04,2022-02-18,,Open
CLM-003171,C,2022,2022-05-08,2022-06-14,,Open
CLM-003172,C,2022,2022-01-21,2022-05-04,,Open
CLM-003173,C,2022,2022-03-16,2022-05-23,,Open
CLM-003174,C,2022,2022-01-25,2022-03-24,2025-09-17,Closed
CLM-003175,C,2022,2022-08-05,2022-09-13,,Open
CLM-003176,C,2022,2022-10-27,2022-11-28,,Open
CLM-003177,C,2022,2022-12-10,2023-03-22,2024-06-27,Closed
CLM-003178,C,2022,2022-03-28,2022-04-30,2025-08-01,Closed
CLM-003179,C,2022,2022-09-13,2023-01-27,,Open
CLM-003180,C,2022,2022-05-01,2022-05-18,,Open
CLM-003181,C,2022,2022-04-26,2022-10-06,,Open
CLM-003182,C,2022,2022-08-11,2022-10-18,,Open
CLM-003183,C,2022,2022-09-05,2022-09-23,2025-08-22,Closed
CLM-003184,C,2022,2022-08-02,2022-10-12,,Open
CLM-003185,C,2022,2022-02-06,2022-03-03,2024-03-30,Closed
CLM-003186,C,2022,2022-05-30,2022-07-15,,Open
CLM-003187,C,2022,2022-04-15,2022-05-14,,Open
CLM-003188,C,2023,2023-01-02,2023-02-14,2024-10-13,Closed
CLM-003189,C,2023,2023-08-31,2023-09-24,,Open
CLM-003190,C,2023,2023-11-19,2023-11-25,,Open
CLM-003191,C,2023,2023-04-15,2023-04-27,,Open
CLM-003192,C,2023,2023-03-21,2023-04-13,,Open
CLM-003193,C,2023,2023-08-23,2023-09-12,,Open
CLM-003194,C,2023,2023-02-26,2023-04-25,2025-08-23,Closed
CLM-003195,C,2023,2023-02-10,2023-05-14,2025-09-23,Closed
CLM-003196,C,2023,2023-03-19,2023-04-28,,Open
CLM-003197,C,2023,2023-04-09,2023-09-15,,Open
CLM-003198,C,2023,2023-02-05,2023-02-27,2023-12-08,Closed
CLM-003199,C,2023,2023-09-23,2023-11-01,,Open
CLM-003200,C,2023,2023-08-01,2023-09-12,,Open
CLM-003201,C,2023,2023-03-15,2023-07-13,,Open
CLM-003202,C,2023,2023-04-14,2023-06-02,,Open
CLM-003203,C,2023,2023-12-06,2024-01-25,,Open
CLM-003204,C,2023,2023-11-30,2023-12-10,,Open
CLM-003205,C,2023,2023-02-14,2023-03-06,2025-12-08,Closed
CLM-003206,C,2023,2023-08-12,2023-12-10,,Open
CLM-003207,C,2023,2023-04-28,2023-05-04,,Open
CLM-003208,C,2023,2023-05-12,2023-10-09,2025-09-20,Closed
CLM-003209,C,2023,2023-08-07,2023-10-16,,Open
CLM-003210,C,2023,2023-12-26,2024-01-17,,Open
CLM-003211,C,2023,2023-08-01,2023-08-22,,Open
CLM-003212,C,2023,2023-12-14,2024-08-17,,Open
CLM-003213,C,2023,2023-10-27,2024-04-04,,Open
CLM-003214,C,2023,2023-10-12,2023-11-21,,Open
CLM-003215,C,2023,2023-10-16,2023-12-05,,Open
CLM-003216,C,2023,2023-10-16,2023-11-10,,Open
CLM-003217,C,2023,2023-04-04,2023-05-24,,Open
CLM-003218,C,2023,2023-12-23,2024-01-16,2024-12-05,Closed
CLM-003219,C,2023,2023-12-02,2024-01-12,,Open
CLM-003220,C,2023,2023-08-08,2024-03-24,2025-06-07,Closed
CLM-003221,C,2023,2023-09-17,2023-10-28,,Open
CLM-003222,C,2023,2023-11-18,2023-12-05,,Open
CLM-003223,C,2023,2023-02-25,2023-03-10,,Open
CLM-003224,C,2023,2023-01-24,2023-03-15,,Open
CLM-003225,C,2023,2023-12-30,2024-01-21,,Open
CLM-003226,C,2023,2023-07-22,2023-09-16,,Open
CLM-003227,C,2023,2023-09-21,2023-10-01,2025-04-08,Closed
CLM-003228,C,2023,2023-07-03,2023-09-24,,Open
CLM-003229,C,2023,2023-07-08,2023-07-25,,Open
CLM-003230,C,2023,2023-01-14,2023-03-01,,Open
CLM-003231,C,2023,2023-04-16,2023-05-19,,Open
CLM-003232,C,2023,2023-02-01,2023-08-31,,Open
CLM-003233,C,2023,2023-06-07,2023-07-29,2025-02-07,Closed
CLM-003234,C,2023,2023-01-08,2023-09-24,,Open
CLM-003235,C,2023,2023-10-20,2024-01-02,,Open
CLM-003236,C,2023,2023-04-18,2023-09-27,,Open
CLM-003237,C,2023,2023-09-28,2023-11-04,,Open
CLM-003238,C,2023,2023-01-20,2023-03-22,,Open
CLM-003239,C,2023,2023-01-13,2023-05-27,,Open
CLM-003240,C,2023,2023-06-04,2023-09-13,2025-01-18,Closed
CLM-003241,C,2023,2023-10-15,2023-12-26,,Open
CLM-003242,C,2023,2023-10-24,2023-11-26,2025-12-30,Closed
CLM-003243,C,2023,2023-07-18,2023-08-26,,Open
CLM-003244,C,2023,2023-08-13,2023-12-16,,Open
CLM-003245,C,2023,2023-09-09,2024-02-07,,Open
CLM-003246,C,2023,2023-09-03,2023-09-29,,Open
CLM-003247,C,2023,2023-09-28,2023-10-21,,Open
CLM-003248,C,2023,2023-01-12,2023-01-31,,Open
CLM-003249,C,2023,2023-06-06,2023-09-08,,Open
CLM-003250,C,2023,2023-11-03,2023-11-22,2025-09-17,Closed
CLM-003251,C,2023,2023-06-10,2023-09-11,,Open
CLM-003252,C,2023,2023-02-23,2023-05-07,,Open
CLM-003253,C,2023,2023-08-31,2023-09-27,,Open
CLM-003254,C,2023,2023-04-21,2023-10-21,,Open
CLM-003255,C,2023,2023-07-06,2023-07-18,,Open
CLM-003256,C,2023,2023-07-08,2024-01-24,,Open
CLM-003257,C,2023,2023-09-12,2023-11-10,,Open
CLM-003258,C,2023,2023-12-06,2023-12-12,,Open
CLM-003259,C,2023,2023-09-11,2024-03-17,,Open
CLM-003260,C,2024,2024-12-31,2025-02-14,,Open
CLM-003261,C,2024,2024-11-20,2024-12-18,,Open
CLM-003262,C,2024,2024-09-07,2024-10-04,,Open
CLM-003263,C,2024,2024-10-22,2024-11-08,,Open
CLM-003264,C,2024,2024-04-11,2024-05-12,,Open
CLM-003265,C,2024,2024-06-07,2024-10-06,,Open
CLM-003266,C,2024,2024-11-08,2025-01-03,,Open
CLM-003267,C,2024,2024-08-10,2024-11-24,,Open
CLM-003268,C,2024,2024-08-11,2024-10-21,,Open
CLM-003269,C,2024,2024-10-07,2024-11-01,,Open
CLM-003270,C,2024,2024-08-12,2024-08-22,,Open
CLM-003271,C,2024,2024-02-16,2024-03-06,,Open
CLM-003272,C,2024,2024-03-18,2024-04-11,,Open
CLM-003273,C,2024,2024-10-11,2024-11-02,,Open
CLM-003274,C,2024,2024-03-29,2024-07-15,2025-08-17,Closed
CLM-003275,C,2024,2024-08-31,2024-12-16,,Open
CLM-003276,C,2024,2024-06-22,2025-05-17,,Open
CLM-003277,C,2024,2024-08-15,2024-09-06,,Open
CLM-003278,C,2024,2024-03-28,2024-10-03,,Open
CLM-003279,C,2024,2024-04-23,2024-10-28,,Open
CLM-003280,C,2024,2024-09-08,2024-10-14,,Open
CLM-003281,C,2024,2024-03-03,2024-05-10,,Open
CLM-003282,C,2024,2024-04-22,2024-09-06,,Open
CLM-003283,C,2024,2024-12-31,2025-02-11,,Open
CLM-003284,C,2024,2024-02-25,2024-04-04,,Open
CLM-003285,C,2024,2024-07-30,2024-08-24,,Open
CLM-003286,C,2024,2024-02-25,2024-03-01,,Open
CLM-003287,C,2024,2024-09-15,2024-11-01,,Open
CLM-003288,C,2024,2024-02-16,2024-03-10,2025-12-15,Closed
CLM-003289,C,2024,2024-07-29,2024-08-15,,Open
CLM-003290,C,2024,2024-06-09,2024-08-13,,Open
CLM-003291,C,2024,2024-09-10,2024-09-22,,Open
CLM-003292,C,2024,2024-01-02,2024-04-03,,Open
CLM-003293,C,2024,2024-07-07,2024-09-14,,Open
CLM-003294,C,2024,2024-07-17,2024-08-17,,Open
CLM-003295,C,2024,2024-03-29,2024-05-10,,Open
CLM-003296,C,2024,2024-04-19,2024-05-04,,Open
CLM-003297,C,2024,2024-09-15,2024-12-12,,Open
CLM-003298,C,2024,2024-07-21,2024-09-12,,Open
CLM-003299,C,2024,2024-07-30,2024-09-24,,Open
CLM-003300,C,2024,2024-12-08,2025-02-16,,Open
CLM-003301,C,2024,2024-05-28,2024-06-22,,Open
CLM-003302,C,2024,2024-11-14,2024-11-25,,Open
CLM-003303,C,2024,2024-12-22,2025-04-07,,Open
CLM-003304,C,2024,2024-07-29,2024-10-20,,Open
CLM-003305,C,2024,2024-03-18,2024-04-14,,Open
CLM-003306,C,2024,2024-06-02,2024-08-06,,Open
CLM-003307,C,2024,2024-01-18,2024-06-05,,Open
CLM-003308,C,2024,2024-09-12,2025-01-15,,Open
CLM-003309,C,2024,2024-04-10,2024-05-07,,Open
CLM-003310,C,2024,2024-12-03,2024-12-14,,Open
CLM-003311,C,2024,2024-08-27,2024-09-09,,Open
CLM-003312,C,2024,2024-06-28,2024-07-31,2025-07-06,Closed
CLM-003313,C,2024,2024-03-09,2024-08-23,,Open
CLM-003314,C,2024,2024-02-06,2024-02-29,,Open
CLM-003315,C,2024,2024-09-03,2024-09-29,,Open
CLM-003316,C,2024,2024-10-07,2024-11-01,,Open
CLM-003317,C,2024,2024-04-07,2024-05-04,,Open
CLM-003318,C,2024,2024-01-04,2024-02-17,,Open
CLM-003319,C,2024,2024-04-27,2024-05-11,,Open
CLM-003320,C,2024,2024-10-06,2025-02-02,,Open
CLM-003321,C,2024,2024-07-31,2024-09-08,,Open
CLM-003322,C,2024,2024-02-01,2025-03-26,,Open
CLM-003323,C,2024,2024-02-12,2024-02-27,,Open
CLM-003324,C,2024,2024-02-09,2024-08-15,2025-01-31,Closed
CLM-003325,C,2024,2024-10-04,2025-03-10,,Open
CLM-003326,C,2024,2024-10-13,2024-11-13,,Open
CLM-003327,C,2024,2024-05-29,2024-06-29,,Open
CLM-003328,C,2024,2024-09-09,2024-09-28,,Open
CLM-003329,C,2024,2024-01-08,2024-01-27,,Open
CLM-003330,C,2024,2024-07-24,2024-09-06,,Open
CLM-003331,C,2024,2024-04-09,2024-05-24,,Open
CLM-003332,C,2024,2024-10-27,2024-11-06,,Open
CLM-003333,C,2024,2024-06-27,2025-06-16,,Open
CLM-003334,C,2024,2024-11-07,2024-12-12,,Open
CLM-003335,C,2024,2024-07-25,2024-09-10,,Open
CLM-003336,C,2024,2024-06-16,2024-07-11,2025-08-23,Closed
CLM-003337,C,2024,2024-12-12,2025-01-16,,Open
CLM-003338,C,2024,2024-12-30,2025-01-31,,Open
CLM-003339,C,2024,2024-06-15,2024-07-29,,Open
CLM-003340,C,2025,2025-05-11,2025-06-09,,Open
CLM-003341,C,2025,2025-08-19,2025-10-01,,Open
CLM-003342,C,2025,2025-07-02,2025-08-11,,Open
CLM-003343,C,2025,2025-07-29,2025-08-23,,Open
CLM-003344,C,2025,2025-03-09,2025-06-04,,Open
CLM-003345,C,2025,2025-06-24,2025-08-25,,Open
CLM-003346,C,2025,2025-08-25,2025-10-15,,Open
CLM-003347,C,2025,2025-09-05,2025-11-06,,Open
CLM-003348,C,2025,2025-09-06,2025-11-23,,Open
CLM-003350,C,2025,2025-07-02,2025-07-23,,Open
CLM-003351,C,2025,2025-06-06,2025-09-14,,Open
CLM-003352,C,2025,2025-07-17,2025-09-11,,Open
CLM-003353,C,2025,2025-05-01,2025-05-31,,Open
CLM-003354,C,2025,2025-04-25,2025-06-19,,Open
CLM-003355,C,2025,2025-09-09,2025-11-09,,Open
CLM-003356,C,2025,2025-04-25,2025-08-22,,Open
CLM-003357,C,2025,2025-10-01,2025-10-18,,Open
CLM-003360,C,2025,2025-02-18,2025-03-18,,Open
CLM-003361,C,2025,2025-05-13,2025-06-09,,Open
CLM-003362,C,2025,2025-10-09,2025-10-27,,Open
CLM-003363,C,2025,2025-06-06,2025-06-15,,Open
CLM-003364,C,2025,2025-08-28,2025-11-18,,Open
CLM-003366,C,2025,2025-11-19,2025-11-29,,Open
CLM-003367,C,2025,2025-03-24,2025-04-12,,Open
CLM-003368,C,2025,2025-04-05,2025-07-02,,Open
CLM-003369,C,2025,2025-06-21,2025-08-03,2025-12-06,Closed
CLM-003370,C,2025,2025-07-04,2025-10-07,,Open
CLM-003372,C,2025,2025-01-15,2025-02-10,,Open
CLM-003373,C,2025,2025-03-31,2025-05-06,,Open
CLM-003374,C,2025,2025-11-30,2025-12-05,,Open
CLM-003375,C,2025,2025-08-13,2025-08-29,,Open
CLM-003376,C,2025,2025-09-04,2025-12-18,,Open
CLM-003377,C,2025,2025-04-02,2025-08-11,,Open
CLM-003379,C,2025,2025-05-15,2025-07-20,,Open
CLM-003380,C,2025,2025-09-25,2025-09-30,,Open
CLM-003381,C,2025,2025-02-03,2025-02-28,,Open
CLM-003382,C,2025,2025-04-14,2025-09-09,,Open
CLM-003385,C,2025,2025-11-03,2025-12-09,,Open
CLM-003386,C,2025,2025-10-20,2025-11-02,,Open
CLM-003387,C,2025,2025-01-06,2025-02-18,,Open
CLM-003388,C,2025,2025-02-02,2025-03-19,,Open
CLM-003389,C,2025,2025-05-10,2025-11-10,,Open
CLM-003391,C,2025,2025-06-24,2025-08-08,,Open
CLM-003393,C,2025,2025-01-22,2025-03-27,,Open
CLM-003395,C,2025,2025-01-23,2025-02-15,,Open
CLM-003396,C,2025,2025-10-23,2025-11-09,,Open
CLM-003398,C,2025,2025-04-18,2025-04-28,,Open
CLM-003399,C,2025,2025-04-20,2025-11-02,,Open
CLM-003400,C,2025,2025-08-01,2025-08-09,,Open
CLM-003401,C,2025,2025-09-21,2025-10-17,,Open
CLM-003402,C,2025,2025-02-13,2025-05-31,,Open
CLM-003403,C,2025,2025-03-28,2025-05-12,,Open
CLM-003404,C,2025,2025-10-03,2025-10-16,,Open
CLM-003405,C,2025,2025-10-22,2025-12-27,,Open
CLM-003406,C,2025,2025-02-26,2025-04-14,,Open
CLM-003407,C,2025,2025-11-21,2025-12-28,,Open
CLM-003408,C,2025,2025-11-13,2025-12-08,,Open
CLM-003409,C,2025,2025-11-13,2025-12-26,,Open
CLM-003410,C,2025,2025-03-29,2025-04-24,,Open
CLM-003412,C,2025,2025-02-28,2025-04-05,,Open
CLM-003413,C,2025,2025-03-13,2025-04-14,,Open
CLM-003414,C,2025,2025-01-26,2025-02-22,,Open
CLM-003416,C,2025,2025-09-17,2025-09-27,,Open
CLM-003417,C,2025,2025-03-14,2025-05-15,,Open
CLM-003418,C,2025,2025-03-09,2025-04-14,,Open
CLM-003419,C,2025,2025-04-12,2025-04-24,,Open
CLM-003420,C,2025,2025-03-14,2025-04-04,,Open
CLM-003421,C,2025,2025-11-01,2025-12-30,,Open
CLM-003422,C,2025,2025-03-03,2025-03-23,,Open
CLM-003423,C,2025,2025-04-12,2025-06-07,,Open
CLM-003424,C,2025,2025-04-22,2025-11-21,,Open
CLM-003425,C,2025,2025-03-15,2025-05-06,,Open
