claim_id,rating_group,accident_year,accident_date,report_date,true_ultimate,close_date,status
CLM-000001,A,2020,2020-02-02,2020-02-16,13516.06,2022-05-03,Closed
CLM-000002,A,2020,2020-10-10,2020-11-07,6711.01,2022-10-25,Closed
CLM-000003,A,2020,2020-08-27,2020-09-09,5262.39,2022-05-05,Closed
CLM-000004,A,2020,2020-06-09,2020-06-28,2677.91,2021-06-22,Closed
CLM-000005,A,2020,2020-06-07,2020-07-16,1636.91,2021-07-08,Closed
CLM-000006,A,2020,2020-11-10,2020-11-23,4088.53,2022-07-14,Closed
CLM-000007,A,2020,2020-02-01,2020-03-07,5705.04,2021-05-12,Closed
CLM-000008,A,2020,2020-09-12,2020-10-14,23209.79,2021-12-02,Closed
CLM-000009,A,2020,2020-03-14,2020-03-24,6574.02,2021-01-19,Closed
CLM-000010,A,2020,2020-02-04,2020-03-14,12676.63,2022-04-05,Closed
CLM-000011,A,2020,2020-07-11,2020-08-12,4047.83,2021-12-06,Closed
CLM-000012,A,2020,2020-12-23,2021-01-13,2387.01,2025-12-15,Closed
CLM-000013,A,2020,2020-09-26,2020-10-07,2827.44,2022-06-12,Closed
CLM-000014,A,2020,2020-10-05,2020-10-15,3401.28,2022-06-16,Closed
CLM-000015,A,2020,2020-09-19,2020-10-02,30639.49,2022-09-23,Closed
CLM-000016,A,2020,2020-10-14,2020-11-12,3158.45,2022-01-25,Closed
CLM-000017,A,2020,2020-07-06,2020-07-16,11343.53,2023-08-26,Closed
CLM-000018,A,2020,2020-02-16,2020-03-14,2966.18,2021-10-04,Closed
CLM-000019,A,2020,2020-11-03,2020-11-11,12186.73,2022-07-02,Closed
CLM-000020,A,2020,2020-06-13,2020-06-30,7998.84,2022-04-14,Closed
CLM-000021,A,2020,2020-07-02,2020-07-23,5270.49,2021-11-01,Closed
CLM-000022,A,2020,2020-05-15,2020-09-02,5762.55,2022-07-14,Closed
CLM-000023,A,2020,2020-03-07,2020-03-14,3590.93,2020-11-14,Closed
CLM-000024,A,2020,2020-12-05,2021-01-30,8384.44,2024-05-05,Closed
CLM-000025,A,2020,2020-10-13,2020-11-04,4188.38,2021-04-08,Closed
CLM-000026,A,2020,2020-08-23,2020-09-18,2313.41,2021-12-29,Closed
CLM-000027,A,2020,2020-05-27,2020-06-17,2222.01,2022-07-24,Closed
CLM-000028,A,2020,2020-10-28,2020-11-24,6791.82,2022-04-24,Closed
CLM-000029,A,2020,2020-07-18,2020-08-04,20067.79,2023-08-19,Closed
CLM-000030,A,2020,2020-06-11,2020-08-05,6726.24,2023-12-03,Closed
CLM-000031,A,2020,2020-06-13,2020-06-27,5427.04,2025-03-21,Closed
CLM-000032,A,2020,2020-03-24,2020-05-07,7410.84,2022-07-21,Closed
CLM-000033,A,2020,2020-02-03,2020-02-15,16260.87,2022-11-19,Closed
CLM-000034,A,2020,2020-07-21,2020-08-09,7732.26,2023-12-18,Closed
CLM-000035,A,2020,2020-11-20,2020-11-29,4332.96,2021-11-02,Closed
CLM-000036,A,2020,2020-01-24,2020-02-20,13942.29,2021-09-09,Closed
CLM-000037,A,2020,2020-11-10,2021-01-03,8273.35,2023-05-17,Closed
CLM-000038,A,2020,2020-10-29,2020-11-16,19408.98,2022-04-21,Closed
CLM-000039,A,2020,2020-04-11,2020-04-28,6847.75,2021-06-02,Closed
CLM-000040,A,2020,2020-08-19,2020-08-28,2315.44,2021-02-16,Closed
CLM-000041,A,2020,2020-03-01,2020-03-18,2072.83,2021-02-12,Closed
CLM-000042,A,2020,2020-10-04,2020-10-10,21209.52,2023-07-22,Closed
CLM-000043,A,2020,2020-09-13,2020-09-23,22431.77,2021-04-28,Closed
CLM-000044,A,2020,2020-05-09,2020-06-01,5178.41,2023-02-21,Closed
CLM-000045,A,2020,2020-01-25,2020-03-15,4426.54,2021-02-05,Closed
CLM-000046,A,2020,2020-12-21,2021-05-12,18329.2,2022-10-08,Closed
CLM-000047,A,2020,2020-06-12,2020-06-25,2534.63,2022-02-15,Closed
CLM-000048,A,2020,2020-11-22,2021-01-15,2984.97,2021-10-01,Closed
CLM-000049,A,2020,2020-09-05,2020-09-28,9760.25,2024-08-27,Closed
CLM-000050,A,2020,2020-10-11,2020-10-28,4387.78,2023-11-15,Closed
CLM-000051,A,2020,2020-10-05,2020-11-01,5922.94,2022-02-08,Closed
CLM-000052,A,2020,2020-03-12,2020-04-01,5242.94,2021-04-28,Closed
CLM-000053,A,2020,2020-05-13,2020-06-03,7712.2,2021-10-11,Closed
CLM-000054,A,2020,2020-06-19,2020-07-04,17582.94,2022-02-14,Closed
CLM-000055,A,2020,2020-07-01,2020-07-08,6376.08,2021-08-31,Closed
CLM-000056,A,2020,2020-01-17,2020-01-23,9764.85,2021-10-02,Closed
CLM-000057,A,2020,2020-07-19,2020-08-19,1225.78,2021-10-05,Closed
CLM-000058,A,2020,2020-02-26,2020-03-13,5727.34,2021-02-02,Closed
CLM-000059,A,2020,2020-09-29,2020-10-12,3105.76,2021-11-14,Closed
CLM-000060,A,2020,2020-09-06,2020-09-26,2325.54,2022-12-23,Closed
CLM-000061,A,2020,2020-12-03,2021-01-06,3023.33,2023-02-03,Closed
CLM-000062,A,2020,2020-09-29,2020-10-21,4597.03,2021-06-23,Closed
CLM-000063,A,2020,2020-05-14,2020-05-26,12040.51,2023-03-01,Closed
CLM-000064,A,2020,2020-12-20,2021-02-05,2140.6,2022-08-29,Closed
CLM-000065,A,2020,2020-05-30,2020-07-29,6088.32,2021-12-01,Closed
CLM-000066,A,2020,2020-04-29,2020-05-27,4095.27,2023-01-02,Closed
CLM-000067,A,2020,2020-11-27,2021-01-05,4619.93,2023-01-05,Closed
CLM-000068,A,2020,2020-05-15,2020-07-01,12873.61,2021-06-23,Closed
CLM-000069,A,2020,2020-01-28,2020-03-12,9000.46,2021-01-20,Closed
CLM-000070,A,2020,2020-06-20,2020-07-20,16658.91,2021-09-27,Closed
CLM-000071,A,2020,2020-10-18,2020-11-17,5279.15,2022-02-25,Closed
CLM-000072,A,2020,2020-03-10,2020-04-07,3478.88,2020-09-24,Closed
CLM-000073,A,2020,2020-06-18,2020-06-27,5004.54,2021-06-15,Closed
CLM-000074,A,2020,2020-02-17,2020-03-20,7167.58,2022-01-29,Closed
CLM-000075,A,2020,2020-09-08,2020-09-15,6812.7,2020-12-03,Closed
CLM-000076,A,2020,2020-06-23,2020-07-04,2579.25,2021-12-27,Closed
CLM-000077,A,2020,2020-04-30,2020-06-18,6375.61,2021-11-27,Closed
CLM-000078,A,2020,2020-03-24,2020-04-29,7089.23,2022-09-12,Closed
CLM-000079,A,2020,2020-07-25,2020-09-19,41344.14,2022-02-08,Closed
CLM-000080,A,2020,2020-09-02,2020-09-18,25240.97,2022-02-24,Closed
CLM-000081,A,2020,2020-12-10,2020-12-18,3081.89,2023-08-04,Closed
CLM-000082,A,2020,2020-06-08,2020-06-24,4765.55,2021-08-24,Closed
CLM-000083,A,2020,2020-02-28,2020-03-20,1926.15,2022-10-04,Closed
CLM-000084,A,2020,2020-10-31,2020-11-21,3772.62,2022-09-07,Closed
CLM-000085,A,2020,2020-08-18,2020-10-01,7582.79,2022-03-24,Closed
CLM-000086,A,2020,2020-09-13,2020-09-28,15053.64,2022-07-13,Closed
CLM-000087,A,2020,2020-02-05,2020-03-01,3391.19,2022-09-28,Closed
CLM-000088,A,2020,2020-04-24,2020-05-04,3592.7,2021-02-26,Closed
CLM-000089,A,2020,2020-10-08,2020-11-04,1137.43,2022-08-08,Closed
CLM-000090,A,2020,2020-10-31,2020-11-20,5246.08,2023-03-24,Closed
CLM-000091,A,2020,2020-06-08,2020-06-19,2623.28,2021-11-25,Closed
CLM-000092,A,2020,2020-10-21,2020-11-06,3954.93,2021-11-13,Closed
CLM-000093,A,2020,2020-11-04,2020-11-21,3026.34,2021-09-09,Closed
CLM-000094,A,2020,2020-05-21,2020-06-06,5529.9,2022-11-09,Closed
CLM-000095,A,2020,2020-11-24,2021-02-01,1535.48,2022-04-26,Closed
CLM-000096,A,2020,2020-04-15,2020-05-03,1920.81,2022-03-03,Closed
CLM-000097,A,2020,2020-03-28,2020-04-13,30657.84,2021-09-05,Closed
CLM-000098,A,2020,2020-09-06,2020-09-10,2205.83,2022-10-20,Closed
CLM-000099,A,2020,2020-08-21,2020-08-31,2554.74,2022-05-29,Closed
CLM-000100,A,2020,2020-02-21,2020-03-08,24476.43,2021-07-04,Closed
CLM-000101,A,2020,2020-10-31,2020-11-12,55728.12,2022-07-20,Closed
CLM-000102,A,2020,2020-03-14,2020-05-05,2411.74,2022-05-27,Closed
CLM-000103,A,2020,2020-10-21,2020-11-07,4477.77,2022-06-23,Closed
CLM-000104,A,2020,2020-01-03,2020-02-21,7735.89,2021-04-18,Closed
CLM-000105,A,2020,2020-10-18,2020-11-07,22518.89,2023-03-16,Closed
CLM-000106,A,2020,2020-10-15,2020-11-04,2780.48,2022-04-17,Closed
CLM-000107,A,2020,2020-10-12,2020-10-30,4922.65,2021-09-29,Closed
CLM-000108,A,2020,2020-08-31,2020-09-20,10821.59,2021-12-01,Closed
CLM-000109,A,2020,2020-06-21,2020-08-26,8311.74,2022-01-29,Closed
CLM-000110,A,2020,2020-09-15,2020-09-18,4450.58,2022-05-23,Closed
CLM-000111,A,2020,2020-04-11,2020-04-15,5363.93,2021-09-26,Closed
CLM-000112,A,2020,2020-10-12,2020-10-25,2062.11,2021-09-18,Closed
CLM-000113,A,2020,2020-07-22,2020-08-11,4949.66,2023-01-13,Closed
CLM-000114,A,2020,2020-06-16,2020-07-18,4843.25,2022-02-17,Closed
CLM-000115,A,2020,2020-07-04,2020-07-31,7110.79,2021-08-20,Closed
CLM-000116,A,2020,2020-07-27,2020-08-11,3876.85,2021-02-12,Closed
CLM-000117,A,2020,2020-01-14,2020-02-23,8550.53,2021-03-15,Closed
CLM-000118,A,2020,2020-02-21,2020-04-02,12972.74,2023-04-14,Closed
CLM-000119,A,2020,2020-03-30,2020-04-21,6702.64,2021-09-19,Closed
CLM-000120,A,2020,2020-02-11,2020-03-21,7796.91,2020-10-04,Closed
CLM-000121,A,2020,2020-06-09,2020-07-03,6194.88,2021-09-28,Closed
CLM-000122,A,2020,2020-09-01,2020-09-14,5946.74,2022-08-15,Closed
CLM-000123,A,2020,2020-08-27,2020-09-28,3410.91,2023-02-20,Closed
CLM-000124,A,2020,2020-06-21,2020-07-12,7587.99,2022-01-03,Closed
CLM-000125,A,2020,2020-11-08,2020-11-28,5517.03,2023-01-07,Closed
CLM-000126,A,2020,2020-07-25,2020-09-19,29817.57,2021-10-05,Closed
CLM-000127,A,2020,2020-01-29,2020-02-01,19979.31,2022-06-28,Closed
CLM-000128,A,2020,2020-10-06,2020-10-13,8004.36,2021-12-10,Closed
CLM-000129,A,2020,2020-07-29,2020-08-06,3303.6,2021-05-26,Closed
CLM-000130,A,2020,2020-08-20,2020-09-04,2524.17,2022-11-17,Closed
CLM-000131,A,2020,2020-07-25,2020-08-10,14884.02,2023-05-05,Closed
CLM-000132,A,2020,2020-07-21,2020-07-27,7280.27,2022-11-28,Closed
CLM-000133,A,2020,2020-02-03,2020-02-13,8607.39,2022-05-14,Closed
CLM-000134,A,2020,2020-07-23,2020-08-02,1551.1,2022-06-06,Closed
CLM-000135,A,2020,2020-10-17,2021-02-05,12147.98,2021-08-19,Closed
CLM-000136,A,2020,2020-04-21,2020-06-30,8438.53,2022-04-30,Closed
CLM-000137,A,2020,2020-08-08,2020-08-22,2528.03,2022-04-30,Closed
CLM-000138,A,2020,2020-01-12,2020-01-27,4135.36,2021-10-15,Closed
CLM-000139,A,2020,2020-05-07,2020-05-15,7285.7,2022-01-06,Closed
CLM-000140,A,2020,2020-06-08,2020-06-13,6191.59,2023-12-30,Closed
CLM-000141,A,2020,2020-12-25,2021-01-12,4748.01,2023-04-10,Closed
CLM-000142,A,2020,2020-03-19,2020-03-28,5490.74,2021-05-26,Closed
CLM-000143,A,2020,2020-04-11,2020-04-29,4897.31,2020-11-24,Closed
CLM-000144,A,2020,2020-05-29,2020-06-04,6687.86,2021-10-24,Closed
CLM-000145,A,2020,2020-12-29,2021-01-09,18471.61,2024-03-04,Closed
CLM-000146,A,2020,2020-11-08,2020-11-30,823.44,2022-05-14,Closed
CLM-000147,A,2020,2020-01-13,2020-02-07,4954.71,2022-01-31,Closed
CLM-000148,A,2020,2020-03-26,2020-04-21,6812.38,2021-08-10,Closed
CLM-000149,A,2020,2020-10-27,2020-11-03,7469.11,2021-11-06,Closed
CLM-000150,A,2020,2020-01-22,2020-02-27,4465.14,2020-11-01,Closed
CLM-000151,A,2020,2020-11-09,2020-11-20,1603.65,2024-01-06,Closed
CLM-000152,A,2020,2020-04-12,2020-05-13,7655.51,2022-08-10,Closed
CLM-000153,A,2020,2020-12-01,2020-12-20,22495.53,2023-03-24,Closed
CLM-000154,A,2020,2020-04-17,2020-04-24,1824.45,2021-06-09,Closed
CLM-000155,A,2020,2020-06-07,2020-06-23,11567.1,2022-06-30,Closed
CLM-000156,A,2020,2020-08-30,2020-09-24,4616.9,2023-01-30,Closed
CLM-000157,A,2020,2020-02-16,2020-03-17,5672.0,2020-12-13,Closed
CLM-000158,A,2020,2020-07-22,2020-08-09,2642.58,2021-12-02,Closed
CLM-000159,A,2020,2020-07-03,2020-08-30,4595.85,2021-11-27,Closed
CLM-000160,A,2020,2020-10-13,2020-11-22,16186.42,2022-06-28,Closed
CLM-000161,A,2020,2020-12-30,2021-01-15,9314.61,2022-01-30,Closed
CLM-000162,A,2020,2020-08-31,2020-10-03,22581.66,2022-10-18,Closed
CLM-000163,A,2020,2020-05-29,2020-08-14,14727.43,2022-02-25,Closed
CLM-000164,A,2020,2020-05-28,2020-08-14,8339.44,2023-09-08,Closed
CLM-000165,A,2020,2020-06-01,2020-06-09,22784.74,2021-04-11,Closed
CLM-000166,A,2020,2020-10-24,2020-11-03,8338.84,2021-05-08,Closed
CLM-000167,A,2020,2020-04-27,2020-06-22,11252.14,2023-05-04,Closed
CLM-000168,A,2020,2020-03-02,2020-03-11,4731.94,2021-05-31,Closed
CLM-000169,A,2020,2020-05-02,2020-05-09,6259.1,2021-07-18,Closed
CLM-000170,A,2020,2020-01-09,2020-01-23,3474.91,2023-03-08,Closed
CLM-000171,A,2020,2020-02-08,2020-03-05,12743.64,2023-03-14,Closed
CLM-000172,A,2020,2020-02-02,2020-02-20,2399.25,2021-05-18,Closed
CLM-000173,A,2020,2020-10-09,2020-10-21,10863.46,2023-09-04,Closed
CLM-000174,A,2020,2020-09-21,2020-10-03,5134.2,2021-06-04,Closed
CLM-000175,A,2020,2020-09-12,2020-09-24,14657.66,2022-12-04,Closed
CLM-000176,A,2020,2020-06-18,2020-06-28,10603.19,2021-10-07,Closed
CLM-000177,A,2020,2020-09-19,2020-12-26,24171.64,2023-01-06,Closed
CLM-000178,A,2020,2020-02-29,2020-03-24,10440.34,2021-10-04,Closed
CLM-000179,A,2020,2020-11-25,2021-01-01,1771.58,2022-12-11,Closed
CLM-000180,A,2020,2020-07-02,2020-07-16,5647.46,2021-04-21,Closed
CLM-000181,A,2020,2020-12-09,2020-12-26,2410.92,2023-03-28,Closed
CLM-000182,A,2020,2020-02-25,2020-03-08,3989.07,2021-09-24,Closed
CLM-000183,A,2020,2020-07-01,2020-07-04,19045.73,2021-01-31,Closed
CLM-000184,A,2020,2020-09-11,2020-09-18,9716.79,2021-04-22,Closed
CLM-000185,A,2020,2020-06-30,2020-07-05,3470.88,2022-05-16,Closed
CLM-000186,A,2020,2020-06-12,2020-06-16,2723.55,2021-02-27,Closed
CLM-000187,A,2020,2020-03-01,2020-03-09,6098.42,2021-05-03,Closed
CLM-000188,A,2020,2020-05-19,2020-07-08,2329.58,2021-09-08,Closed
CLM-000189,A,2020,2020-03-28,2020-04-16,3545.98,2021-05-27,Closed
CLM-000190,A,2020,2020-04-20,2020-06-08,8044.849999999999,2023-04-08,Closed
CLM-000191,A,2020,2020-09-07,2020-10-03,14478.84,2021-05-07,Closed
CLM-000192,A,2020,2020-08-18,2020-09-21,9503.81,2023-08-03,Closed
CLM-000193,A,2020,2020-08-10,2020-08-20,1018.01,2023-03-10,Closed
CLM-000194,A,2020,2020-05-12,2020-06-09,7517.43,2021-10-23,Closed
CLM-000195,A,2020,2020-12-17,2021-01-19,6285.62,2022-11-24,Closed
CLM-000196,A,2020,2020-02-02,2020-02-15,8179.15,2022-06-23,Closed
CLM-000197,A,2020,2020-05-05,2020-06-03,20649.84,2022-01-29,Closed
CLM-000198,A,2020,2020-02-13,2020-03-13,1213.51,2021-01-22,Closed
CLM-000199,A,2020,2020-05-04,2020-05-17,4009.71,2023-03-02,Closed
CLM-000200,A,2020,2020-12-18,2020-12-27,9374.0,2022-08-15,Closed
CLM-000201,A,2020,2020-05-14,2020-05-22,1758.59,2021-12-07,Closed
CLM-000202,A,2020,2020-11-28,2020-12-19,18535.13,2023-03-24,Closed
CLM-000203,A,2020,2020-06-30,2020-07-25,7897.25,2022-05-24,Closed
CLM-000204,A,2020,2020-09-13,2020-09-24,11414.48,2022-03-01,Closed
CLM-000205,A,2020,2020-06-16,2020-07-06,3830.49,2022-07-24,Closed
CLM-000206,A,2020,2020-04-07,2020-05-06,11129.53,2021-10-01,Closed
CLM-000207,A,2020,2020-10-06,2020-11-05,13542.02,2021-06-06,Closed
CLM-000208,A,2020,2020-12-20,2021-02-17,7114.67,2021-08-27,Closed
CLM-000209,A,2020,2020-04-06,2020-05-24,7123.02,2021-09-15,Closed
CLM-000210,A,2020,2020-10-12,2020-10-21,7322.98,2025-04-04,Closed
CLM-000211,A,2020,2020-04-05,2020-06-08,3058.01,2021-06-19,Closed
CLM-000212,A,2020,2020-09-19,2020-10-02,5307.6,2021-07-06,Closed
CLM-000213,A,2020,2020-10-15,2020-11-25,5287.22,2023-04-17,Closed
CLM-000214,A,2020,2020-06-13,2020-07-03,7989.26,2022-08-06,Closed
CLM-000215,A,2020,2020-09-26,2020-10-10,12844.55,2023-12-25,Closed
CLM-000216,A,2020,2020-04-09,2020-04-14,2631.13,2020-08-19,Closed
CLM-000217,A,2020,2020-01-30,2020-02-16,5400.47,2021-09-05,Closed
CLM-000218,A,2020,2020-02-05,2020-02-11,18613.92,2022-02-03,Closed
CLM-000219,A,2020,2020-06-12,2020-07-21,3353.52,2021-08-05,Closed
CLM-000220,A,2020,2020-11-26,2021-01-22,3156.35,2022-04-20,Closed
CLM-000221,A,2020,2020-02-16,2020-02-27,6949.08,2021-06-11,Closed
CLM-000222,A,2020,2020-06-15,2020-07-09,11395.16,2023-04-16,Closed
CLM-000223,A,2020,2020-09-14,2020-09-26,5998.92,2021-05-07,Closed
CLM-000224,A,2020,2020-03-15,2020-03-27,16550.99,2022-05-05,Closed
CLM-000225,A,2020,2020-09-21,2020-10-25,11504.6,2021-10-26,Closed
CLM-000226,A,2020,2020-04-21,2020-05-10,11372.67,2022-08-11,Closed
CLM-000227,A,2020,2020-10-22,2020-12-28,9112.08,2021-08-04,Closed
CLM-000228,A,2020,2020-07-30,2020-08-13,35720.19,2021-09-15,Closed
CLM-000229,A,2020,2020-07-19,2020-08-28,5077.13,2023-04-25,Closed
CLM-000230,A,2020,2020-03-05,2020-03-26,1270.63,2021-11-25,Closed
CLM-000231,A,2020,2020-06-18,2020-07-22,20460.55,2022-07-01,Closed
CLM-000232,A,2020,2020-11-09,2020-11-23,4179.63,2021-06-20,Closed
CLM-000233,A,2020,2020-01-08,2020-01-27,6461.59,2020-10-11,Closed
CLM-000234,A,2020,2020-10-04,2020-10-22,16305.38,2022-07-22,Closed
CLM-000235,A,2020,2020-06-29,2020-07-10,1730.82,2022-12-31,Closed
CLM-000236,A,2020,2020-09-20,2020-10-21,2267.47,2022-01-30,Closed
CLM-000237,A,2020,2020-08-30,2020-09-30,1732.13,2022-05-31,Closed
CLM-000238,A,2020,2020-06-07,2020-07-07,3225.45,2023-07-28,Closed
CLM-000239,A,2020,2020-04-22,2020-06-19,8342.98,2021-10-04,Closed
CLM-000240,A,2020,2020-08-17,2020-10-11,8904.42,2022-05-08,Closed
CLM-000241,A,2020,2020-02-21,2020-03-07,7356.51,2020-09-04,Closed
CLM-000242,A,2020,2020-08-01,2020-08-26,2002.82,2022-01-24,Closed
CLM-000243,A,2020,2020-02-04,2020-02-16,1003.36,2020-12-23,Closed
CLM-000244,A,2020,2020-08-25,2020-09-14,6200.6,2022-08-06,Closed
CLM-000245,A,2020,2020-08-18,2020-08-31,4134.56,2021-10-14,Closed
CLM-000246,A,2020,2020-01-31,2020-04-02,8470.86,2022-05-19,Closed
CLM-000247,A,2020,2020-10-04,2020-10-29,10211.12,2023-10-02,Closed
CLM-000248,A,2020,2020-06-01,2020-06-18,6614.49,2022-07-20,Closed
CLM-000249,A,2020,2020-10-15,2020-11-30,10679.13,2022-03-04,Closed
CLM-000250,A,2020,2020-01-16,2020-01-20,7094.6,2022-03-23,Closed
CLM-000251,A,2020,2020-03-06,2020-03-10,8944.82,2021-06-10,Closed
CLM-000252,A,2020,2020-06-29,2020-08-02,3455.56,2021-11-02,Closed
CLM-000253,A,2020,2020-03-09,2020-03-29,5178.04,2021-11-20,Closed
CLM-000254,A,2020,2020-04-30,2020-05-23,6919.55,2020-10-17,Closed
CLM-000255,A,2020,2020-08-29,2020-09-05,11187.67,2022-05-22,Closed
CLM-000256,A,2020,2020-02-22,2020-03-12,4390.7,2021-06-08,Closed
CLM-000257,A,2020,2020-09-05,2020-11-25,8883.73,2023-07-29,Closed
CLM-000258,A,2020,2020-02-07,2020-03-13,4845.3,2022-03-24,Closed
CLM-000259,A,2020,2020-03-05,2020-03-27,5431.62,2023-01-03,Closed
CLM-000260,A,2020,2020-08-03,2020-08-17,11265.42,2021-08-28,Closed
CLM-000261,A,2020,2020-10-17,2020-11-01,1280.91,2022-12-10,Closed
CLM-000262,A,2020,2020-03-03,2020-03-07,2190.51,2021-07-11,Closed
CLM-000263,A,2020,2020-04-19,2020-05-12,1898.54,2022-09-18,Closed
CLM-000264,A,2020,2020-12-04,2021-01-09,985.36,2021-11-02,Closed
CLM-000265,A,2020,2020-12-28,2021-01-03,3526.57,2022-09-03,Closed
CLM-000266,A,2020,2020-07-31,2020-08-12,10591.48,2022-12-12,Closed
CLM-000267,A,2020,2020-06-12,2020-06-20,4774.73,2022-02-06,Closed
CLM-000268,A,2020,2020-05-06,2020-05-16,6924.95,2023-01-11,Closed
CLM-000269,A,2020,2020-08-12,2020-09-01,13760.16,2023-11-29,Closed
CLM-000270,A,2020,2020-08-04,2020-08-08,16534.75,2022-04-07,Closed
CLM-000271,A,2020,2020-04-17,2020-05-17,5637.96,2020-08-21,Closed
CLM-000272,A,2020,2020-01-09,2020-02-11,16867.93,2021-12-27,Closed
CLM-000273,A,2020,2020-02-25,2020-03-12,6383.66,2021-03-29,Closed
CLM-000274,A,2020,2020-12-16,2020-12-19,10217.68,2024-08-23,Closed
CLM-000275,A,2020,2020-06-02,2020-06-11,4158.38,2022-04-25,Closed
CLM-000276,A,2020,2020-06-25,2020-08-11,1900.95,2022-01-07,Closed
CLM-000277,A,2020,2020-06-19,2020-06-21,14967.04,2022-03-17,Closed
CLM-000278,A,2020,2020-10-13,2020-10-28,4513.2,2023-09-29,Closed
CLM-000279,A,2020,2020-01-24,2020-02-01,11042.61,2022-01-10,Closed
CLM-000280,A,2020,2020-01-31,2020-03-06,22381.79,2022-06-05,Closed
CLM-000281,A,2020,2020-04-10,2020-04-22,2050.56,2021-07-17,Closed
CLM-000282,A,2020,2020-06-27,2020-07-23,8047.52,2020-12-18,Closed
CLM-000283,A,2020,2020-09-02,2020-10-01,2667.84,2021-07-30,Closed
CLM-000284,A,2020,2020-06-28,2020-09-08,8571.36,2021-09-02,Closed
CLM-000285,A,2020,2020-06-10,2020-06-27,5375.25,2020-09-24,Closed
CLM-000286,A,2020,2020-12-09,2021-01-04,1451.32,2022-02-09,Closed
CLM-000287,A,2020,2020-02-28,2020-03-06,12156.01,2022-06-01,Closed
CLM-000288,A,2020,2020-07-28,2020-09-12,3731.31,2022-12-23,Closed
CLM-000289,A,2020,2020-07-17,2020-07-28,3941.36,2023-04-12,Closed
CLM-000290,A,2020,2020-06-22,2020-07-05,2608.49,2022-01-11,Closed
CLM-000291,A,2020,2020-10-22,2020-11-10,3592.32,2022-02-08,Closed
CLM-000292,A,2020,2020-04-07,2020-04-13,8267.83,2022-01-05,Closed
CLM-000293,A,2020,2020-12-15,2021-01-07,5139.77,2021-09-16,Closed
CLM-000294,A,2020,2020-05-01,2020-06-09,7659.44,2022-01-07,Closed
CLM-000295,A,2020,2020-07-18,2020-08-11,7858.21,2022-01-19,Closed
CLM-000296,A,2020,2020-07-09,2020-07-15,16445.53,2022-11-15,Closed
CLM-000297,A,2020,2020-11-07,2020-11-25,4566.46,2023-06-22,Closed
CLM-000298,A,2020,2020-06-09,2020-07-12,1906.35,2021-12-14,Closed
CLM-000299,A,2020,2020-04-14,2020-04-19,13528.99,2021-08-15,Closed
CLM-000300,A,2020,2020-01-08,2020-01-17,4606.37,2021-10-01,Closed
CLM-000301,A,2021,2021-07-06,2021-07-19,7199.41,2022-05-19,Closed
CLM-000302,A,2021,2021-12-12,2021-12-31,3902.44,2023-09-13,Closed
CLM-000303,A,2021,2021-03-14,2021-05-24,6164.73,2023-06-05,Closed
CLM-000304,A,2021,2021-05-28,2021-06-03,3883.71,2022-09-22,Closed
CLM-000305,A,2021,2021-03-23,2021-05-03,2747.83,2022-08-11,Closed
CLM-000306,A,2021,2021-10-23,2021-11-01,4777.6,2023-04-11,Closed
CLM-000307,A,2021,2021-06-01,2021-06-22,2680.33,2024-01-23,Closed
CLM-000308,A,2021,2021-12-22,2022-01-07,8044.29,2023-11-11,Closed
CLM-000309,A,2021,2021-03-31,2021-04-10,2586.83,2022-04-24,Closed
CLM-000310,A,2021,2021-01-30,2021-02-09,10856.22,2022-11-03,Closed
CLM-000311,A,2021,2021-08-01,2021-08-25,2525.03,2022-04-28,Closed
CLM-000312,A,2021,2021-08-26,2021-10-05,4055.67,2023-03-11,Closed
CLM-000313,A,2021,2021-12-28,2022-01-15,3877.54,2022-10-12,Closed
CLM-000314,A,2021,2021-11-15,2021-12-06,17410.08,2023-12-13,Closed
CLM-000315,A,2021,2021-11-19,2021-12-18,8090.85,2024-04-18,Closed
CLM-000316,A,2021,2021-08-20,2021-08-30,5329.33,2023-05-19,Closed
CLM-000317,A,2021,2021-05-12,2021-06-14,9211.67,,Open
CLM-000318,A,2021,2021-06-06,2021-07-11,1237.63,2023-01-14,Closed
CLM-000319,A,2021,2021-02-18,2021-06-21,6068.39,2023-08-15,Closed
CLM-000320,A,2021,2021-06-07,2021-06-22,29223.07,2024-02-12,Closed
CLM-000321,A,2021,2021-05-14,2021-05-28,6946.67,2022-02-19,Closed
CLM-000322,A,2021,2021-01-14,2021-02-17,6610.31,2022-09-27,Closed
CLM-000323,A,2021,2021-03-16,2021-04-20,9569.01,2023-03-19,Closed
CLM-000324,A,2021,2021-07-15,2021-07-28,12505.68,2022-06-14,Closed
CLM-000325,A,2021,2021-05-15,2021-05-30,1346.78,2023-12-08,Closed
CLM-000326,A,2021,2021-12-29,2022-01-27,1716.8,2023-10-08,Closed
CLM-000327,A,2021,2021-06-24,2021-07-05,7376.52,2023-02-01,Closed
CLM-000328,A,2021,2021-12-16,2021-12-31,3617.08,2023-08-23,Closed
CLM-000329,A,2021,2021-08-30,2021-09-20,17235.0,2024-06-17,Closed
CLM-000330,A,2021,2021-01-15,2021-02-24,4921.17,2022-10-15,Closed
CLM-000331,A,2021,2021-03-16,2021-03-29,1413.68,2021-12-16,Closed
CLM-000332,A,2021,2021-09-15,2021-09-20,2362.21,2022-09-22,Closed
CLM-000333,A,2021,2021-07-18,2021-07-23,754.5,2023-03-21,Closed
CLM-000334,A,2021,2021-04-21,2021-04-29,5238.2,2022-07-11,Closed
CLM-000335,A,2021,2021-07-10,2021-07-17,5426.05,2024-02-01,Closed
CLM-000336,A,2021,2021-11-26,2021-12-13,4523.86,2023-02-01,Closed
CLM-000337,A,2021,2021-05-22,2021-05-30,14401.82,2022-07-31,Closed
CLM-000338,A,2021,2021-01-17,2021-01-29,15792.12,2022-06-05,Closed
CLM-000339,A,2021,2021-04-24,2021-05-05,5501.78,2022-07-20,Closed
CLM-000340,A,2021,2021-12-08,2021-12-22,1211.69,2022-02-01,Closed
CLM-000341,A,2021,2021-10-06,2021-11-25,10092.54,2022-06-06,Closed
CLM-000342,A,2021,2021-11-02,2021-12-03,9622.46,2023-08-09,Closed
CLM-000343,A,2021,2021-11-29,2021-12-19,7961.65,2025-06-19,Closed
CLM-000344,A,2021,2021-02-12,2021-02-26,13360.87,2022-06-22,Closed
CLM-000345,A,2021,2021-04-14,2021-04-28,2557.62,2023-03-28,Closed
CLM-000346,A,2021,2021-01-22,2021-02-16,29477.2,2022-09-05,Closed
CLM-000347,A,2021,2021-01-02,2021-02-01,2996.05,2022-04-19,Closed
CLM-000348,A,2021,2021-11-01,2021-11-11,11172.2,2024-05-08,Closed
CLM-000349,A,2021,2021-12-08,2021-12-28,1710.17,2023-09-27,Closed
CLM-000350,A,2021,2021-02-26,2021-03-02,3064.11,2022-12-06,Closed
CLM-000351,A,2021,2021-09-21,2021-10-14,20172.96,2023-05-30,Closed
CLM-000352,A,2021,2021-07-15,2021-08-18,5131.27,2023-02-05,Closed
CLM-000353,A,2021,2021-01-26,2021-02-11,11980.64,2021-09-11,Closed
CLM-000354,A,2021,2021-12-01,2022-02-10,7529.59,2023-01-30,Closed
CLM-000355,A,2021,2021-11-15,2021-11-25,5786.18,2024-04-29,Closed
CLM-000356,A,2021,2021-07-27,2021-08-19,17936.93,2022-05-16,Closed
CLM-000357,A,2021,2021-09-16,2021-10-05,5227.99,2023-07-05,Closed
CLM-000358,A,2021,2021-05-25,2021-06-12,1591.47,2022-11-06,Closed
CLM-000359,A,2021,2021-10-17,2021-11-04,3379.07,2023-06-11,Closed
CLM-000360,A,2021,2021-06-12,2021-07-03,9591.61,2022-08-29,Closed
CLM-000361,A,2021,2021-12-28,2022-02-02,8507.69,2023-06-17,Closed
CLM-000362,A,2021,2021-01-24,2021-03-17,1876.2,2023-08-08,Closed
CLM-000363,A,2021,2021-03-04,2021-03-23,3590.8,2024-04-07,Closed
CLM-000364,A,2021,2021-12-20,2022-01-24,4007.76,2022-11-19,Closed
CLM-000365,A,2021,2021-04-16,2021-04-28,4734.17,2023-06-03,Closed
CLM-000366,A,2021,2021-04-24,2021-05-28,2173.82,2023-05-17,Closed
CLM-000367,A,2021,2021-10-16,2021-10-27,3866.3,2022-10-13,Closed
CLM-000368,A,2021,2021-03-11,2021-04-22,3579.01,2024-04-20,Closed
CLM-000369,A,2021,2021-07-07,2021-10-08,11365.85,2024-11-21,Closed
CLM-000370,A,2021,2021-04-15,2021-05-03,11699.74,2021-11-24,Closed
CLM-000371,A,2021,2021-03-14,2021-03-18,5606.94,2022-09-05,Closed
CLM-000372,A,2021,2021-12-18,2021-12-31,4638.26,2023-12-06,Closed
CLM-000373,A,2021,2021-03-14,2021-04-30,6987.34,2022-07-04,Closed
CLM-000374,A,2021,2021-02-04,2021-03-05,3344.54,2022-02-04,Closed
CLM-000375,A,2021,2021-09-03,2021-09-26,2593.32,2022-12-19,Closed
CLM-000376,A,2021,2021-11-13,2021-12-23,3040.7,2024-04-14,Closed
CLM-000377,A,2021,2021-02-16,2021-03-16,3847.17,2022-10-18,Closed
CLM-000378,A,2021,2021-09-16,2021-11-01,2560.29,2024-02-15,Closed
CLM-000379,A,2021,2021-07-17,2021-08-24,7107.49,2022-02-25,Closed
CLM-000380,A,2021,2021-10-30,2021-12-27,11005.58,2025-06-29,Closed
CLM-000381,A,2021,2021-02-16,2021-03-13,1847.46,2023-10-08,Closed
CLM-000382,A,2021,2021-12-23,2022-01-29,6396.01,2023-01-07,Closed
CLM-000383,A,2021,2021-08-14,2021-08-30,5295.76,2022-12-11,Closed
CLM-000384,A,2021,2021-11-04,2021-11-17,8161.07,2024-01-14,Closed
CLM-000385,A,2021,2021-05-13,2021-07-18,6211.19,2022-06-30,Closed
CLM-000386,A,2021,2021-12-11,2022-01-03,2047.55,2023-06-06,Closed
CLM-000387,A,2021,2021-08-17,2021-09-21,2372.46,2023-01-11,Closed
CLM-000388,A,2021,2021-02-16,2021-03-09,6417.21,2022-03-13,Closed
CLM-000389,A,2021,2021-12-03,2021-12-16,13856.65,2023-05-19,Closed
CLM-000390,A,2021,2021-10-18,2021-11-07,1139.72,2024-12-23,Closed
CLM-000391,A,2021,2021-04-20,2021-06-13,8187.63,2023-01-24,Closed
CLM-000392,A,2021,2021-07-19,2021-08-17,15684.26,2023-02-20,Closed
CLM-000393,A,2021,2021-05-22,2021-05-28,5575.86,2022-09-09,Closed
CLM-000394,A,2021,2021-07-18,2021-08-04,9584.31,2022-11-11,Closed
CLM-000395,A,2021,2021-12-19,2022-02-26,3650.12,2023-12-07,Closed
CLM-000396,A,2021,2021-11-25,2021-12-12,5722.32,2023-05-08,Closed
CLM-000397,A,2021,2021-03-20,2021-03-25,1799.96,2022-08-29,Closed
CLM-000398,A,2021,2021-12-21,2022-03-06,1031.0,2023-04-20,Closed
CLM-000399,A,2021,2021-06-09,2021-07-11,12968.32,2024-08-12,Closed
CLM-000400,A,2021,2021-09-15,2021-10-04,2937.62,2022-05-06,Closed
CLM-000401,A,2021,2021-10-06,2021-10-21,4416.89,2023-07-03,Closed
CLM-000402,A,2021,2021-06-26,2021-08-07,2156.26,2022-10-05,Closed
CLM-000403,A,2021,2021-06-16,2021-06-29,2117.53,2023-10-16,Closed
CLM-000404,A,2021,2021-06-16,2021-07-30,5487.19,2022-09-07,Closed
CLM-000405,A,2021,2021-11-11,2021-12-10,3576.35,2023-10-02,Closed
CLM-000406,A,2021,2021-05-22,2021-06-14,8393.53,2022-05-12,Closed
CLM-000407,A,2021,2021-04-13,2021-05-05,8889.75,2023-07-27,Closed
CLM-000408,A,2021,2021-05-12,2021-05-29,8032.23,2024-02-09,Closed
CLM-000409,A,2021,2021-03-13,2021-04-23,7539.14,2022-12-19,Closed
CLM-000410,A,2021,2021-05-23,2021-06-02,21149.95,2023-03-13,Closed
CLM-000411,A,2021,2021-02-11,2021-02-17,2756.54,2022-05-18,Closed
CLM-000412,A,2021,2021-02-02,2021-03-04,6013.48,2023-07-18,Closed
CLM-000413,A,2021,2021-09-22,2021-10-23,15011.31,2022-12-08,Closed
CLM-000414,A,2021,2021-01-29,2021-02-25,16615.98,2022-12-15,Closed
CLM-000415,A,2021,2021-07-27,2021-08-22,2098.38,2022-11-09,Closed
CLM-000416,A,2021,2021-10-12,2021-10-27,4931.87,2023-01-17,Closed
CLM-000417,A,2021,2021-09-22,2021-10-26,17857.94,2023-09-07,Closed
CLM-000418,A,2021,2021-06-12,2021-07-01,9278.32,2023-07-30,Closed
CLM-000419,A,2021,2021-03-12,2021-03-26,7291.62,2023-06-29,Closed
CLM-000420,A,2021,2021-12-06,2021-12-22,5304.96,2023-09-01,Closed
CLM-000421,A,2021,2021-11-01,2022-01-22,4667.79,2022-12-12,Closed
CLM-000422,A,2021,2021-08-12,2021-08-17,7832.86,2022-04-30,Closed
CLM-000423,A,2021,2021-02-01,2021-03-01,5165.08,2023-07-18,Closed
CLM-000424,A,2021,2021-01-13,2021-01-19,6070.99,2022-03-15,Closed
CLM-000425,A,2021,2021-04-26,2021-05-14,6664.94,2023-12-03,Closed
CLM-000426,A,2021,2021-02-27,2021-03-13,3721.09,2021-12-30,Closed
CLM-000427,A,2021,2021-11-11,2021-11-15,9451.81,2022-10-09,Closed
CLM-000428,A,2021,2021-03-17,2021-04-12,59210.26,2023-10-08,Closed
CLM-000429,A,2021,2021-04-14,2021-04-29,1596.07,2024-12-08,Closed
CLM-000430,A,2021,2021-12-23,2021-12-27,8051.82,2025-01-01,Closed
CLM-000431,A,2021,2021-10-26,2021-11-30,3493.0,2023-06-17,Closed
CLM-000432,A,2021,2021-03-21,2021-05-14,9787.23,2022-04-29,Closed
CLM-000433,A,2021,2021-05-20,2021-07-15,6502.46,2024-01-03,Closed
CLM-000434,A,2021,2021-07-08,2021-08-02,11281.43,2024-02-01,Closed
CLM-000435,A,2021,2021-08-31,2021-09-20,15514.65,2023-08-31,Closed
CLM-000436,A,2021,2021-12-08,2022-01-27,7275.67,2024-11-04,Closed
CLM-000437,A,2021,2021-11-14,2022-01-17,15003.94,2023-04-25,Closed
CLM-000438,A,2021,2021-12-23,2022-02-05,1031.03,2023-05-02,Closed
CLM-000439,A,2021,2021-01-15,2021-01-25,21357.61,2022-07-29,Closed
CLM-000440,A,2021,2021-03-28,2021-04-20,8374.75,2023-02-05,Closed
CLM-000441,A,2021,2021-07-25,2021-08-21,14390.34,2023-03-19,Closed
CLM-000442,A,2021,2021-01-18,2021-01-23,2451.44,2024-03-16,Closed
CLM-000443,A,2021,2021-05-10,2021-06-06,3308.17,2022-04-22,Closed
CLM-000444,A,2021,2021-02-26,2021-06-04,7019.78,2022-07-25,Closed
CLM-000445,A,2021,2021-12-07,2022-01-07,6191.61,2023-12-26,Closed
CLM-000446,A,2021,2021-01-24,2021-03-21,7801.84,2023-05-23,Closed
CLM-000447,A,2021,2021-02-24,2021-03-18,14464.48,2022-12-19,Closed
CLM-000448,A,2021,2021-03-13,2021-04-01,1610.61,2022-06-05,Closed
CLM-000449,A,2021,2021-02-24,2021-03-22,13282.26,2024-05-25,Closed
CLM-000450,A,2021,2021-07-27,2021-08-07,6313.55,2022-09-13,Closed
CLM-000451,A,2021,2021-05-13,2021-05-23,5362.07,2025-09-15,Closed
CLM-000452,A,2021,2021-11-30,2022-01-17,2020.11,2023-11-22,Closed
CLM-000453,A,2021,2021-04-06,2021-05-28,9242.44,2024-11-02,Closed
CLM-000454,A,2021,2021-07-16,2021-07-25,977.05,2024-06-02,Closed
CLM-000455,A,2021,2021-08-29,2021-10-07,10337.33,2023-03-16,Closed
CLM-000456,A,2021,2021-08-17,2021-09-04,1987.71,2023-05-29,Closed
CLM-000457,A,2021,2021-10-18,2021-11-12,6537.12,2023-10-08,Closed
CLM-000458,A,2021,2021-03-15,2021-04-11,5723.19,2022-12-28,Closed
CLM-000459,A,2021,2021-07-05,2021-08-14,15443.49,2024-01-30,Closed
CLM-000460,A,2021,2021-10-20,2021-11-10,5466.86,2023-10-14,Closed
CLM-000461,A,2021,2021-11-12,2022-01-04,3675.32,2024-07-31,Closed
CLM-000462,A,2021,2021-08-14,2021-09-07,4246.5,2023-06-06,Closed
CLM-000463,A,2021,2021-08-26,2021-09-25,16723.11,2023-03-16,Closed
CLM-000464,A,2021,2021-11-12,2021-11-23,9482.2,2024-08-09,Closed
CLM-000465,A,2021,2021-08-17,2021-11-15,4661.22,2022-11-08,Closed
CLM-000466,A,2021,2021-12-13,2022-01-09,5228.84,2022-07-23,Closed
CLM-000467,A,2021,2021-02-16,2021-03-20,1876.03,2022-05-03,Closed
CLM-000468,A,2021,2021-05-07,2021-05-13,8461.71,2022-01-17,Closed
CLM-000469,A,2021,2021-02-10,2021-02-21,1617.32,2022-10-14,Closed
CLM-000470,A,2021,2021-02-03,2021-03-22,11194.36,2022-03-13,Closed
CLM-000471,A,2021,2021-06-22,2021-07-16,6926.77,2024-11-30,Closed
CLM-000472,A,2021,2021-03-24,2021-03-29,39446.02,2022-07-21,Closed
CLM-000473,A,2021,2021-05-29,2021-07-09,2688.3,2022-05-25,Closed
CLM-000474,A,2021,2021-06-09,2021-06-22,5796.42,2022-06-04,Closed
CLM-000475,A,2021,2021-08-15,2021-10-07,25065.66,2022-07-03,Closed
CLM-000476,A,2021,2021-12-12,2021-12-30,15705.63,2024-03-23,Closed
CLM-000477,A,2021,2021-11-07,2021-11-30,3669.45,2023-04-20,Closed
CLM-000478,A,2021,2021-05-19,2021-07-03,7454.63,2021-11-30,Closed
CLM-000479,A,2021,2021-04-29,2021-05-09,6283.07,2022-09-16,Closed
CLM-000480,A,2021,2021-10-09,2021-10-18,7795.16,2025-03-03,Closed
CLM-000481,A,2021,2021-02-15,2021-03-04,3662.48,2022-03-06,Closed
CLM-000482,A,2021,2021-07-17,2021-08-21,5856.3,2022-05-21,Closed
CLM-000483,A,2021,2021-06-04,2021-06-11,1831.94,2023-08-18,Closed
CLM-000484,A,2021,2021-03-08,2021-03-14,6961.54,2022-01-22,Closed
CLM-000485,A,2021,2021-08-14,2021-09-18,8872.53,,Open
CLM-000486,A,2021,2021-04-28,2021-05-11,5265.33,2025-07-02,Closed
CLM-000487,A,2021,2021-03-09,2021-03-24,1808.11,2023-10-06,Closed
CLM-000488,A,2021,2021-08-27,2021-09-01,13433.64,2023-04-30,Closed
CLM-000489,A,2021,2021-03-05,2021-03-17,8307.05,2022-02-20,Closed
CLM-000490,A,2021,2021-09-03,2021-09-22,3586.17,2023-05-13,Closed
CLM-000491,A,2021,2021-03-01,2021-04-08,5053.99,2023-02-02,Closed
CLM-000492,A,2021,2021-06-08,2021-06-19,1974.64,2024-03-20,Closed
CLM-000493,A,2021,2021-10-22,2021-12-24,2847.58,2022-04-17,Closed
CLM-000494,A,2021,2021-03-25,2021-04-06,4145.63,2023-05-09,Closed
CLM-000495,A,2021,2021-10-08,2021-10-20,16160.07,2023-05-14,Closed
CLM-000496,A,2021,2021-09-21,2021-11-18,3833.29,2024-07-14,Closed
CLM-000497,A,2021,2021-11-26,2021-12-19,10272.4,2023-03-17,Closed
CLM-000498,A,2021,2021-03-03,2021-03-16,4144.02,2024-01-27,Closed
CLM-000499,A,2021,2021-09-19,2021-10-06,7593.61,2022-09-13,Closed
CLM-000500,A,2021,2021-12-08,2022-01-28,5626.04,2022-06-17,Closed
CLM-000501,A,2021,2021-10-06,2021-11-30,12290.35,2022-11-12,Closed
CLM-000502,A,2021,2021-03-10,2021-03-21,4155.22,2022-05-04,Closed
CLM-000503,A,2021,2021-10-28,2021-11-16,2078.7799999999997,2025-11-12,Closed
CLM-000504,A,2021,2021-02-09,2021-03-02,2163.73,2023-01-16,Closed
CLM-000505,A,2021,2021-08-03,2021-08-13,4164.62,2023-03-07,Closed
CLM-000506,A,2021,2021-07-01,2021-07-20,2396.95,2022-09-05,Closed
CLM-000507,A,2021,2021-07-13,2021-08-02,8604.59,2024-07-08,Closed
CLM-000508,A,2021,2021-07-09,2021-08-22,4382.19,2022-11-11,Closed
CLM-000509,A,2021,2021-01-12,2021-02-27,39072.7,2023-02-05,Closed
CLM-000510,A,2021,2021-07-05,2021-07-20,1645.09,2023-12-13,Closed
CLM-000511,A,2021,2021-12-08,2021-12-25,7338.78,2022-10-18,Closed
CLM-000512,A,2021,2021-06-09,2021-07-10,2631.31,2022-05-23,Closed
CLM-000513,A,2021,2021-04-12,2021-04-25,4289.9,2022-02-19,Closed
CLM-000514,A,2021,2021-12-30,2022-01-29,6995.39,2023-07-25,Closed
CLM-000515,A,2021,2021-02-06,2021-02-24,1046.17,2022-09-22,Closed
CLM-000516,A,2021,2021-06-27,2021-07-07,7528.84,2023-05-18,Closed
CLM-000517,A,2021,2021-07-07,2021-07-17,27169.23,2022-12-25,Closed
CLM-000518,A,2021,2021-06-24,2021-08-18,4424.01,2024-05-16,Closed
CLM-000519,A,2021,2021-12-03,2021-12-20,7663.3,2024-04-18,Closed
CLM-000520,A,2021,2021-06-03,2021-08-05,13815.52,2022-03-28,Closed
CLM-000521,A,2021,2021-12-22,2022-01-04,5529.12,2023-03-15,Closed
CLM-000522,A,2021,2021-01-25,2021-02-18,4010.11,2023-01-21,Closed
CLM-000523,A,2021,2021-09-25,2022-01-09,1086.95,2023-09-25,Closed
CLM-000524,A,2021,2021-08-05,2021-08-14,10278.55,2021-12-30,Closed
CLM-000525,A,2021,2021-03-29,2021-04-03,5749.7,2022-09-26,Closed
CLM-000526,A,2021,2021-03-25,2021-05-13,2875.63,2022-04-05,Closed
CLM-000527,A,2021,2021-09-20,2021-10-01,6915.97,2023-05-11,Closed
CLM-000528,A,2021,2021-08-21,2021-09-09,4001.72,2022-10-04,Closed
CLM-000529,A,2021,2021-08-12,2021-08-25,4175.71,2023-03-28,Closed
CLM-000530,A,2021,2021-01-19,2021-02-12,10007.46,2025-04-05,Closed
CLM-000531,A,2021,2021-08-07,2021-08-17,2237.58,2023-03-20,Closed
CLM-000532,A,2021,2021-12-25,2022-01-11,14055.9,2023-02-08,Closed
CLM-000533,A,2021,2021-01-07,2021-02-03,2137.66,2023-06-02,Closed
CLM-000534,A,2021,2021-06-21,2021-06-30,3765.4,2023-11-07,Closed
CLM-000535,A,2021,2021-06-30,2021-07-12,27591.85,2022-12-14,Closed
CLM-000536,A,2021,2021-11-24,2021-12-09,14949.75,2024-04-17,Closed
CLM-000537,A,2021,2021-04-14,2021-04-21,6763.23,2023-12-03,Closed
CLM-000538,A,2021,2021-06-23,2021-07-07,3039.98,2023-03-12,Closed
CLM-000539,A,2021,2021-09-19,2021-10-10,4172.99,2023-06-27,Closed
CLM-000540,A,2021,2021-01-23,2021-02-07,6637.67,2022-02-14,Closed
CLM-000541,A,2021,2021-10-20,2021-11-05,6457.37,2023-12-22,Closed
CLM-000542,A,2021,2021-10-28,2021-11-16,5849.31,2022-09-04,Closed
CLM-000543,A,2021,2021-09-20,2021-10-02,6126.17,2023-07-25,Closed
CLM-000544,A,2021,2021-08-25,2021-09-26,5318.5,2025-06-18,Closed
CLM-000545,A,2021,2021-09-30,2021-11-23,2065.96,2023-03-21,Closed
CLM-000546,A,2021,2021-10-13,2021-10-27,4214.21,2022-11-09,Closed
CLM-000547,A,2021,2021-11-26,2021-12-24,12690.24,2025-10-23,Closed
CLM-000548,A,2021,2021-06-06,2021-06-22,2186.54,2023-02-09,Closed
CLM-000549,A,2021,2021-06-16,2021-07-11,5421.15,2022-03-14,Closed
CLM-000550,A,2021,2021-08-21,2021-10-19,3336.36,2024-02-12,Closed
CLM-000551,A,2021,2021-03-12,2021-04-09,6835.23,2022-04-18,Closed
CLM-000552,A,2021,2021-11-09,2021-11-14,4650.45,2023-12-08,Closed
CLM-000553,A,2021,2021-10-09,2021-11-05,19576.33,2023-04-15,Closed
CLM-000554,A,2021,2021-08-19,2021-10-05,9267.64,2023-04-10,Closed
CLM-000555,A,2021,2021-04-21,2021-05-08,2283.86,2022-10-03,Closed
CLM-000556,A,2021,2021-05-07,2021-06-16,10520.76,2022-09-19,Closed
CLM-000557,A,2021,2021-06-08,2021-06-20,3454.31,2023-02-20,Closed
CLM-000558,A,2021,2021-08-30,2021-09-06,4022.37,2022-06-03,Closed
CLM-000559,A,2021,2021-10-11,2021-11-02,7988.85,2022-12-06,Closed
CLM-000560,A,2021,2021-09-03,2021-09-08,4295.37,2023-06-05,Closed
CLM-000561,A,2021,2021-12-06,2021-12-22,12479.23,2024-10-11,Closed
CLM-000562,A,2021,2021-12-17,2022-02-04,3454.69,2024-05-13,Closed
CLM-000563,A,2021,2021-09-15,2021-09-20,3894.47,2022-05-13,Closed
CLM-000564,A,2021,2021-05-16,2021-05-24,3783.81,2024-05-15,Closed
CLM-000565,A,2021,2021-08-07,2021-08-16,4057.72,2024-08-01,Closed
CLM-000566,A,2021,2021-06-05,2021-06-24,14628.93,2023-09-13,Closed
CLM-000567,A,2021,2021-08-18,2021-09-02,10182.46,2021-10-26,Closed
CLM-000568,A,2021,2021-10-24,2021-12-16,23416.7,2024-05-20,Closed
CLM-000569,A,2021,2021-05-15,2021-06-23,35982.52,2023-05-20,Closed
CLM-000570,A,2021,2021-07-04,2021-08-01,2835.96,2022-08-24,Closed
CLM-000571,A,2021,2021-01-17,2021-02-08,6623.08,2022-04-04,Closed
CLM-000572,A,2021,2021-09-26,2021-10-22,2535.32,2023-09-23,Closed
CLM-000573,A,2021,2021-06-28,2021-07-08,3446.46,2023-07-27,Closed
CLM-000574,A,2021,2021-06-17,2021-07-23,3861.21,2023-11-06,Closed
CLM-000575,A,2021,2021-07-14,2021-07-23,2778.79,2022-01-23,Closed
CLM-000576,A,2021,2021-03-20,2021-04-24,2790.09,2021-10-17,Closed
CLM-000577,A,2021,2021-08-07,2021-09-21,5613.53,2021-12-24,Closed
CLM-000578,A,2021,2021-09-29,2021-10-22,2457.41,2023-11-07,Closed
CLM-000579,A,2021,2021-05-08,2021-05-25,12001.0,2022-09-12,Closed
CLM-000580,A,2021,2021-02-17,2021-03-15,3093.78,2022-06-10,Closed
CLM-000581,A,2021,2021-05-22,2021-05-24,54623.58,2023-03-18,Closed
CLM-000582,A,2021,2021-03-14,2021-04-07,4431.01,2024-12-05,Closed
CLM-000583,A,2021,2021-05-17,2021-06-04,6631.24,2022-08-17,Closed
CLM-000584,A,2021,2021-08-17,2021-09-05,2313.0,2023-11-20,Closed
CLM-000585,A,2021,2021-02-11,2021-03-15,23347.32,2022-07-06,Closed
CLM-000586,A,2021,2021-09-30,2021-10-18,14859.58,2022-12-14,Closed
CLM-000587,A,2021,2021-03-23,2021-04-01,7885.51,2022-07-04,Closed
CLM-000588,A,2021,2021-11-23,2021-12-11,2223.11,2023-05-09,Closed
CLM-000589,A,2021,2021-09-25,2021-10-15,7378.65,2023-07-23,Closed
CLM-000590,A,2021,2021-04-10,2021-05-01,2644.56,2024-05-02,Closed
CLM-000591,A,2021,2021-07-25,2021-08-16,19350.88,2024-05-05,Closed
CLM-000592,A,2021,2021-02-10,2021-03-23,11700.4,2024-04-28,Closed
CLM-000593,A,2021,2021-02-06,2021-02-15,6751.96,2021-12-08,Closed
CLM-000594,A,2021,2021-12-15,2022-01-06,960.44,2023-08-03,Closed
CLM-000595,A,2021,2021-10-20,2021-12-08,2941.2,2022-05-22,Closed
CLM-000596,A,2021,2021-02-26,2021-03-03,10655.6,2021-09-10,Closed
CLM-000597,A,2021,2021-04-14,2021-05-06,15967.82,2022-07-29,Closed
CLM-000598,A,2021,2021-03-14,2021-03-27,14741.8,2023-09-27,Closed
CLM-000599,A,2021,2021-05-25,2021-06-09,1840.48,2024-01-05,Closed
CLM-000600,A,2021,2021-04-17,2021-04-27,7913.72,2022-07-08,Closed
CLM-000601,A,2021,2021-04-30,2021-05-17,13715.78,2022-10-10,Closed
CLM-000602,A,2021,2021-07-13,2021-09-23,1748.82,2022-08-31,Closed
CLM-000603,A,2021,2021-03-11,2021-03-19,6235.32,2022-10-30,Closed
CLM-000604,A,2021,2021-11-19,2021-11-27,7746.6,2022-07-05,Closed
CLM-000605,A,2021,2021-09-23,2021-10-01,4976.1,2023-01-31,Closed
CLM-000606,A,2021,2021-10-05,2021-12-11,1506.28,2023-07-28,Closed
CLM-000607,A,2021,2021-03-03,2021-03-17,4881.44,2022-09-05,Closed
CLM-000608,A,2021,2021-09-16,2021-10-05,4875.4,2023-03-21,Closed
CLM-000609,A,2021,2021-11-02,2021-11-17,5597.18,2024-06-14,Closed
CLM-000610,A,2021,2021-03-05,2021-03-15,4064.5,2023-01-14,Closed
CLM-000611,A,2021,2021-10-02,2021-10-18,4459.68,2023-03-04,Closed
CLM-000612,A,2021,2021-05-11,2021-08-30,6084.44,2022-09-27,Closed
CLM-000613,A,2021,2021-10-15,2021-12-06,8820.97,2023-04-07,Closed
CLM-000614,A,2021,2021-06-24,2021-07-05,4962.08,2022-06-30,Closed
CLM-000615,A,2021,2021-10-20,2021-11-20,4575.77,2023-05-20,Closed
CLM-000616,A,2022,2022-02-23,2022-03-10,12337.77,2024-07-22,Closed
CLM-000617,A,2022,2022-08-10,2022-09-05,4298.04,2023-01-13,Closed
CLM-000618,A,2022,2022-02-13,2022-02-21,2239.97,2023-03-26,Closed
CLM-000619,A,2022,2022-04-12,2022-05-14,14533.9,2024-04-11,Closed
CLM-000620,A,2022,2022-03-31,2022-04-08,4376.05,2023-01-19,Closed
CLM-000621,A,2022,2022-08-22,2022-10-24,4830.23,2023-11-09,Closed
CLM-000622,A,2022,2022-05-01,2022-05-07,6831.74,2025-08-21,Closed
CLM-000623,A,2022,2022-07-28,2022-08-06,15958.16,2024-06-12,Closed
CLM-000624,A,2022,2022-09-24,2022-10-20,6721.38,2024-01-22,Closed
CLM-000625,A,2022,2022-10-19,2022-12-22,2627.96,2024-03-20,Closed
CLM-000626,A,2022,2022-03-09,2022-04-02,10062.3,,Open
CLM-000627,A,2022,2022-11-26,2022-12-25,4555.26,2024-03-13,Closed
CLM-000628,A,2022,2022-03-02,2022-03-22,28334.62,2023-05-14,Closed
CLM-000629,A,2022,2022-01-08,2022-01-17,6612.73,2023-03-24,Closed
CLM-000630,A,2022,2022-01-17,2022-01-31,1183.25,2023-08-17,Closed
CLM-000631,A,2022,2022-03-15,2022-03-23,8715.73,2023-03-16,Closed
CLM-000632,A,2022,2022-11-15,2022-11-23,29598.95,,Open
CLM-000633,A,2022,2022-03-17,2022-04-12,22281.46,2024-02-24,Closed
CLM-000634,A,2022,2022-09-11,2022-09-20,27118.11,2024-10-21,Closed
CLM-000635,A,2022,2022-06-02,2022-06-27,3017.3,2024-05-05,Closed
CLM-000636,A,2022,2022-01-15,2022-01-23,13362.73,2022-08-13,Closed
CLM-000637,A,2022,2022-06-12,2022-07-06,3795.15,2024-10-07,Closed
CLM-000638,A,2022,2022-01-11,2022-01-25,7866.59,2024-01-29,Closed
CLM-000639,A,2022,2022-06-23,2022-08-15,2482.67,2024-09-04,Closed
CLM-000640,A,2022,2022-07-23,2022-08-17,4028.73,2024-03-16,Closed
CLM-000641,A,2022,2022-07-10,2022-08-26,3931.27,2023-04-16,Closed
CLM-000642,A,2022,2022-04-14,2022-04-25,13223.51,2024-06-23,Closed
CLM-000643,A,2022,2022-10-07,2022-10-27,12263.6,2025-11-07,Closed
CLM-000644,A,2022,2022-08-06,2022-08-16,8191.42,2024-06-17,Closed
CLM-000645,A,2022,2022-04-03,2022-04-17,2338.85,2024-04-27,Closed
CLM-000646,A,2022,2022-06-08,2022-06-24,5206.0,2024-10-30,Closed
CLM-000647,A,2022,2022-02-09,2022-02-21,3725.28,2023-07-17,Closed
CLM-000648,A,2022,2022-12-04,2022-12-12,12932.6,2024-02-05,Closed
CLM-000649,A,2022,2022-10-02,2022-10-09,16401.76,2023-07-30,Closed
CLM-000650,A,2022,2022-04-16,2022-04-19,14932.94,2022-11-18,Closed
CLM-000651,A,2022,2022-09-04,2022-09-13,3699.25,2025-01-02,Closed
CLM-000652,A,2022,2022-09-05,2022-10-06,802.25,2024-03-04,Closed
CLM-000653,A,2022,2022-08-11,2022-08-17,1696.91,2024-10-25,Closed
CLM-000654,A,2022,2022-01-20,2022-01-27,19784.65,2023-03-26,Closed
CLM-000655,A,2022,2022-11-17,2023-01-26,4858.75,2025-07-04,Closed
CLM-000656,A,2022,2022-12-15,2022-12-27,3712.08,2024-07-07,Closed
CLM-000657,A,2022,2022-12-22,2023-01-16,23456.87,2024-08-24,Closed
CLM-000658,A,2022,2022-12-24,2023-01-24,17538.24,2025-01-09,Closed
CLM-000659,A,2022,2022-12-06,2023-01-06,6744.26,2024-12-20,Closed
CLM-000660,A,2022,2022-09-27,2022-10-03,5279.64,2024-07-24,Closed
CLM-000661,A,2022,2022-01-21,2022-02-07,5978.11,2023-10-26,Closed
CLM-000662,A,2022,2022-06-19,2022-06-25,7884.02,2024-05-11,Closed
CLM-000663,A,2022,2022-03-31,2022-07-19,22699.42,2024-04-20,Closed
CLM-000664,A,2022,2022-03-22,2022-03-28,9163.94,2024-04-27,Closed
CLM-000665,A,2022,2022-10-31,2022-11-09,11577.96,2025-02-07,Closed
CLM-000666,A,2022,2022-10-24,2022-11-02,16289.52,2024-09-12,Closed
CLM-000667,A,2022,2022-07-10,2022-07-17,2688.24,2023-08-07,Closed
CLM-000668,A,2022,2022-09-26,2022-11-16,11837.97,2024-06-05,Closed
CLM-000669,A,2022,2022-02-17,2022-06-06,5274.9,2024-03-04,Closed
CLM-000670,A,2022,2022-03-23,2022-04-06,952.91,2024-08-09,Closed
CLM-000671,A,2022,2022-11-11,2022-11-18,1284.77,2025-07-12,Closed
CLM-000672,A,2022,2022-06-14,2022-06-18,3021.12,2023-04-14,Closed
CLM-000673,A,2022,2022-07-19,2022-08-04,9964.7,2024-04-06,Closed
CLM-000674,A,2022,2022-06-18,2022-07-04,7224.78,2024-05-23,Closed
CLM-000675,A,2022,2022-03-15,2022-03-27,7628.36,2023-08-19,Closed
CLM-000676,A,2022,2022-10-29,2022-11-21,29743.98,2024-06-18,Closed
CLM-000677,A,2022,2022-10-04,2022-10-30,2490.07,2023-12-29,Closed
CLM-000678,A,2022,2022-09-07,2022-10-02,6480.05,2024-09-29,Closed
CLM-000679,A,2022,2022-05-09,2022-05-25,8367.54,2024-04-22,Closed
CLM-000680,A,2022,2022-08-23,2022-09-01,3753.64,2025-01-01,Closed
CLM-000681,A,2022,2022-12-14,2023-01-14,6764.44,2025-12-28,Closed
CLM-000682,A,2022,2022-08-26,2022-09-15,1929.88,2023-12-30,Closed
CLM-000683,A,2022,2022-06-30,2022-08-06,19606.83,2023-10-09,Closed
CLM-000684,A,2022,2022-04-09,2022-05-13,3915.05,2025-05-18,Closed
CLM-000685,A,2022,2022-07-10,2022-07-17,31645.65,2022-10-28,Closed
CLM-000686,A,2022,2022-05-16,2022-05-23,6454.94,2023-12-30,Closed
CLM-000687,A,2022,2022-08-12,2022-08-23,14610.58,2024-11-04,Closed
CLM-000688,A,2022,2022-01-17,2022-01-26,6352.2,2024-02-23,Closed
CLM-000689,A,2022,2022-03-11,2022-04-13,6463.55,2024-07-24,Closed
CLM-000690,A,2022,2022-10-15,2022-11-09,4220.68,2024-01-30,Closed
CLM-000691,A,2022,2022-05-19,2022-07-01,7254.47,2023-12-02,Closed
CLM-000692,A,2022,2022-06-08,2022-07-04,8455.41,2023-05-29,Closed
CLM-000693,A,2022,2022-07-18,2022-08-10,3617.43,2024-05-23,Closed
CLM-000694,A,2022,2022-06-09,2022-07-25,6010.7,2025-01-16,Closed
CLM-000695,A,2022,2022-10-04,2022-10-31,4136.77,2023-10-25,Closed
CLM-000696,A,2022,2022-03-31,2022-04-20,38909.49,2023-10-08,Closed
CLM-000697,A,2022,2022-10-04,2022-11-29,6176.44,2025-05-17,Closed
CLM-000698,A,2022,2022-03-18,2022-04-08,21760.94,2024-09-30,Closed
CLM-000699,A,2022,2022-05-16,2022-06-01,5692.65,2024-04-06,Closed
CLM-000700,A,2022,2022-08-03,2022-08-14,8081.54,2024-05-05,Closed
CLM-000701,A,2022,2022-11-20,2022-12-22,2391.79,2024-06-24,Closed
CLM-000702,A,2022,2022-03-26,2022-05-12,4690.27,2025-05-13,Closed
CLM-000703,A,2022,2022-08-03,2022-08-22,7783.68,2024-10-17,Closed
CLM-000704,A,2022,2022-01-24,2022-03-14,22455.2,2023-11-16,Closed
CLM-000705,A,2022,2022-01-28,2022-02-02,7852.63,2023-06-03,Closed
CLM-000706,A,2022,2022-10-08,2022-10-27,19215.32,2023-12-04,Closed
CLM-000707,A,2022,2022-09-20,2022-10-09,10841.69,2025-02-24,Closed
CLM-000708,A,2022,2022-05-18,2022-05-30,23182.78,2023-06-22,Closed
CLM-000709,A,2022,2022-08-16,2022-11-30,6324.18,2024-06-09,Closed
CLM-000710,A,2022,2022-05-19,2022-06-07,41720.54,2025-04-09,Closed
CLM-000711,A,2022,2022-04-12,2022-04-27,4553.84,2024-08-12,Closed
CLM-000712,A,2022,2022-06-07,2022-06-27,3667.36,2023-11-24,Closed
CLM-000713,A,2022,2022-04-24,2022-04-28,2605.91,2023-06-06,Closed
CLM-000714,A,2022,2022-10-25,2022-11-05,39860.85,2025-01-14,Closed
CLM-000715,A,2022,2022-05-31,2022-07-09,12441.8,2024-04-27,Closed
CLM-000716,A,2022,2022-04-28,2022-05-10,5116.62,2022-09-19,Closed
CLM-000717,A,2022,2022-07-15,2022-07-26,17321.58,2024-10-07,Closed
CLM-000718,A,2022,2022-10-04,2022-11-23,11241.06,,Open
CLM-000719,A,2022,2022-04-10,2022-05-31,30093.91,2024-07-04,Closed
CLM-000720,A,2022,2022-12-09,2023-01-06,2008.92,2024-10-22,Closed
CLM-000721,A,2022,2022-06-19,2022-07-03,5394.93,2025-01-16,Closed
CLM-000722,A,2022,2022-08-30,2022-09-15,4634.79,2023-08-14,Closed
CLM-000723,A,2022,2022-12-16,2022-12-27,1447.12,2024-08-28,Closed
CLM-000724,A,2022,2022-06-07,2022-06-16,14978.34,2024-02-18,Closed
CLM-000725,A,2022,2022-03-14,2022-03-23,5374.04,2024-08-13,Closed
CLM-000726,A,2022,2022-09-30,2022-10-12,11699.9,2024-01-27,Closed
CLM-000727,A,2022,2022-01-03,2022-01-12,40753.35,2023-04-26,Closed
CLM-000728,A,2022,2022-06-17,2022-06-23,5041.8,2023-06-20,Closed
CLM-000729,A,2022,2022-12-24,2023-01-16,4784.85,2025-09-12,Closed
CLM-000730,A,2022,2022-06-01,2022-06-24,7251.9,2023-09-18,Closed
CLM-000731,A,2022,2022-09-07,2022-11-11,14158.48,2023-07-21,Closed
CLM-000732,A,2022,2022-07-11,2022-07-23,4277.35,2024-07-03,Closed
CLM-000733,A,2022,2022-03-20,2022-04-13,4070.82,2023-11-14,Closed
CLM-000734,A,2022,2022-04-26,2022-05-20,14942.18,2023-07-12,Closed
CLM-000735,A,2022,2022-07-11,2022-07-27,8859.74,2024-06-23,Closed
CLM-000736,A,2022,2022-02-08,2022-03-13,1370.06,2023-11-04,Closed
CLM-000737,A,2022,2022-06-01,2022-07-05,2575.31,2024-02-26,Closed
CLM-000738,A,2022,2022-06-01,2022-06-26,21035.83,2022-10-29,Closed
CLM-000739,A,2022,2022-11-01,2022-11-17,9020.1,2024-01-16,Closed
CLM-000740,A,2022,2022-02-15,2022-03-02,3679.43,2023-03-04,Closed
CLM-000741,A,2022,2022-11-04,2022-11-11,5804.29,2024-02-21,Closed
CLM-000742,A,2022,2022-05-30,2022-06-10,6686.27,2022-09-15,Closed
CLM-000743,A,2022,2022-08-26,2022-09-07,11664.83,2025-04-09,Closed
CLM-000744,A,2022,2022-07-23,2022-08-01,2324.77,2024-01-23,Closed
CLM-000745,A,2022,2022-04-20,2022-05-17,3462.86,2025-05-07,Closed
CLM-000746,A,2022,2022-12-06,2023-01-21,8167.08,,Open
CLM-000747,A,2022,2022-03-23,2022-04-02,6128.56,2025-01-14,Closed
CLM-000748,A,2022,2022-01-14,2022-02-07,10281.54,2023-12-25,Closed
CLM-000749,A,2022,2022-10-01,2022-10-10,2567.15,2024-09-16,Closed
CLM-000750,A,2022,2022-08-15,2022-08-31,8714.15,2024-06-10,Closed
CLM-000751,A,2022,2022-11-22,2022-12-04,15343.34,2023-11-10,Closed
CLM-000752,A,2022,2022-06-17,2022-07-17,9629.63,2024-08-04,Closed
CLM-000753,A,2022,2022-01-07,2022-01-19,7367.03,2024-04-03,Closed
CLM-000754,A,2022,2022-01-08,2022-02-17,6147.24,2024-05-27,Closed
CLM-000755,A,2022,2022-06-08,2022-06-24,3479.17,2023-05-27,Closed
CLM-000756,A,2022,2022-04-02,2022-04-14,6261.38,2023-08-09,Closed
CLM-000757,A,2022,2022-12-03,2022-12-11,17464.71,2024-05-28,Closed
CLM-000758,A,2022,2022-02-13,2022-03-08,6038.62,2025-02-06,Closed
CLM-000759,A,2022,2022-11-18,2022-12-25,3334.97,2023-04-20,Closed
CLM-000760,A,2022,2022-03-21,2022-04-14,4529.87,2023-02-18,Closed
CLM-000761,A,2022,2022-02-13,2022-05-19,7725.84,2025-03-10,Closed
CLM-000762,A,2022,2022-04-11,2022-06-04,4963.69,2025-11-06,Closed
CLM-000763,A,2022,2022-02-22,2022-03-10,9618.4,2023-06-08,Closed
CLM-000764,A,2022,2022-05-27,2022-06-12,9900.59,2023-01-06,Closed
CLM-000765,A,2022,2022-05-01,2022-05-28,13126.37,2023-07-09,Closed
CLM-000766,A,2022,2022-07-13,2022-07-24,19814.12,2024-10-10,Closed
CLM-000767,A,2022,2022-07-16,2022-08-30,14252.71,2024-03-18,Closed
CLM-000768,A,2022,2022-01-01,2022-01-26,3222.76,2023-03-18,Closed
CLM-000769,A,2022,2022-02-15,2022-03-10,10674.39,2023-07-28,Closed
CLM-000770,A,2022,2022-03-01,2022-04-02,6243.21,2023-07-01,Closed
CLM-000771,A,2022,2022-03-13,2022-05-18,4675.47,2024-09-22,Closed
CLM-000772,A,2022,2022-02-04,2022-02-26,2753.94,2023-04-30,Closed
CLM-000773,A,2022,2022-04-25,2022-05-13,4709.75,2023-06-30,Closed
CLM-000774,A,2022,2022-07-20,2022-09-15,4592.17,2023-11-01,Closed
CLM-000775,A,2022,2022-04-23,2022-06-01,3944.61,2022-11-30,Closed
CLM-000776,A,2022,2022-05-01,2022-05-16,5189.38,2023-12-28,Closed
CLM-000777,A,2022,2022-06-21,2022-07-11,16405.12,2024-12-24,Closed
CLM-000778,A,2022,2022-07-20,2022-08-11,7716.25,2023-12-06,Closed
CLM-000779,A,2022,2022-05-01,2022-05-26,44426.57,2024-04-13,Closed
CLM-000780,A,2022,2022-03-22,2022-03-29,7547.36,2024-10-05,Closed
CLM-000781,A,2022,2022-05-30,2022-06-05,5293.23,2024-01-10,Closed
CLM-000782,A,2022,2022-01-09,2022-01-19,6639.54,2022-11-27,Closed
CLM-000783,A,2022,2022-06-29,2022-07-09,8064.16,,Open
CLM-000784,A,2022,2022-12-10,2022-12-22,9254.65,2024-06-09,Closed
CLM-000785,A,2022,2022-05-26,2022-06-26,32769.65,2023-01-19,Closed
CLM-000786,A,2022,2022-02-09,2022-02-26,3451.22,,Open
CLM-000787,A,2022,2022-09-16,2022-10-08,12827.14,2024-04-22,Closed
CLM-000788,A,2022,2022-02-16,2022-02-24,7767.01,2024-09-30,Closed
CLM-000789,A,2022,2022-03-12,2022-03-26,1973.24,,Open
CLM-000790,A,2022,2022-02-23,2022-03-25,11983.27,2025-03-27,Closed
CLM-000791,A,2022,2022-11-19,2022-12-19,17571.55,2024-01-31,Closed
CLM-000792,A,2022,2022-12-25,2023-01-06,3419.85,2025-09-01,Closed
CLM-000793,A,2022,2022-07-27,2022-08-18,6573.05,2024-04-06,Closed
CLM-000794,A,2022,2022-08-14,2022-11-15,1752.18,2024-09-01,Closed
CLM-000795,A,2022,2022-08-24,2022-09-12,2509.87,2023-03-03,Closed
CLM-000796,A,2022,2022-08-11,2022-08-23,14837.13,2023-11-05,Closed
CLM-000797,A,2022,2022-07-18,2022-08-04,4620.9,2023-10-04,Closed
CLM-000798,A,2022,2022-12-27,2023-01-17,2817.29,2025-06-24,Closed
CLM-000799,A,2022,2022-09-25,2022-10-12,7897.99,2023-05-23,Closed
CLM-000800,A,2022,2022-02-02,2022-02-21,4425.83,2025-03-13,Closed
CLM-000801,A,2022,2022-05-24,2022-05-31,4605.25,2023-11-26,Closed
CLM-000802,A,2022,2022-12-22,2023-01-01,11697.15,2025-03-18,Closed
CLM-000803,A,2022,2022-05-28,2022-06-15,2704.73,2023-09-11,Closed
CLM-000804,A,2022,2022-03-16,2022-04-02,3295.24,2023-10-21,Closed
CLM-000805,A,2022,2022-11-13,2022-11-26,7452.46,2023-12-31,Closed
CLM-000806,A,2022,2022-08-16,2022-09-02,13965.27,2024-01-17,Closed
CLM-000807,A,2022,2022-07-25,2022-08-14,17815.3,2024-05-21,Closed
CLM-000808,A,2022,2022-06-03,2022-07-10,16985.07,,Open
CLM-000809,A,2022,2022-02-15,2022-03-05,13624.91,2025-08-16,Closed
CLM-000810,A,2022,2022-05-21,2022-06-16,3617.75,2023-01-18,Closed
CLM-000811,A,2022,2022-06-09,2022-06-22,27019.18,2024-12-06,Closed
CLM-000812,A,2022,2022-12-06,2023-01-04,2763.62,2023-12-23,Closed
CLM-000813,A,2022,2022-04-23,2022-05-19,18414.83,2023-08-14,Closed
CLM-000814,A,2022,2022-02-24,2022-04-01,3991.57,2023-01-11,Closed
CLM-000815,A,2022,2022-06-06,2022-07-08,31206.22,2023-05-04,Closed
CLM-000816,A,2022,2022-12-30,2023-01-29,10436.83,2025-02-14,Closed
CLM-000817,A,2022,2022-06-26,2022-07-14,3026.01,2025-06-19,Closed
CLM-000818,A,2022,2022-05-19,2022-06-11,4426.42,,Open
CLM-000819,A,2022,2022-09-01,2022-10-13,48122.65,2023-08-03,Closed
CLM-000820,A,2022,2022-08-25,2022-09-06,14889.97,2024-07-03,Closed
CLM-000821,A,2022,2022-04-20,2022-05-02,6267.57,2022-10-12,Closed
CLM-000822,A,2022,2022-12-20,2023-01-11,6850.07,2023-07-31,Closed
CLM-000823,A,2022,2022-08-05,2022-08-31,11869.85,2023-07-05,Closed
CLM-000824,A,2022,2022-01-22,2022-02-02,7325.64,2024-02-06,Closed
CLM-000825,A,2022,2022-05-29,2022-06-16,2443.67,,Open
CLM-000826,A,2022,2022-12-03,2022-12-21,3538.29,,Open
CLM-000827,A,2022,2022-05-24,2022-05-28,7932.49,2022-12-23,Closed
CLM-000828,A,2022,2022-07-27,2022-08-13,16879.81,2023-09-29,Closed
CLM-000829,A,2022,2022-08-12,2022-08-29,22979.76,2023-12-11,Closed
CLM-000830,A,2022,2022-09-15,2022-10-02,12065.06,,Open
CLM-000831,A,2022,2022-11-15,2023-01-07,8257.76,2024-01-24,Closed
CLM-000832,A,2022,2022-02-24,2022-03-04,11782.95,2023-11-30,Closed
CLM-000833,A,2022,2022-07-08,2022-07-19,3960.13,2024-08-12,Closed
CLM-000834,A,2022,2022-07-14,2022-07-17,5881.6,2023-09-01,Closed
CLM-000835,A,2022,2022-02-25,2022-03-11,3508.02,2024-02-18,Closed
CLM-000836,A,2022,2022-09-03,2022-09-18,2529.4,2024-08-07,Closed
CLM-000837,A,2022,2022-02-13,2022-02-26,8557.3,2024-01-05,Closed
CLM-000838,A,2022,2022-06-16,2022-07-29,7635.1,2023-08-26,Closed
CLM-000839,A,2022,2022-05-01,2022-06-06,11240.72,2024-07-21,Closed
CLM-000840,A,2022,2022-02-26,2022-03-19,10079.64,2023-02-03,Closed
CLM-000841,A,2022,2022-10-28,2022-11-12,7978.6,2025-03-30,Closed
CLM-000842,A,2022,2022-03-31,2022-05-11,10161.53,2023-07-08,Closed
CLM-000843,A,2022,2022-04-04,2022-04-23,6404.38,2023-09-07,Closed
CLM-000844,A,2022,2022-11-08,2022-11-19,9096.6,2024-02-18,Closed
CLM-000845,A,2022,2022-11-17,2022-11-23,3783.04,2023-09-18,Closed
CLM-000846,A,2022,2022-01-13,2022-01-27,8798.98,2022-08-19,Closed
CLM-000847,A,2022,2022-04-12,2022-05-15,11075.4,2024-04-10,Closed
CLM-000848,A,2022,2022-09-16,2022-12-23,3951.2,2025-09-01,Closed
CLM-000849,A,2022,2022-10-12,2022-11-01,6888.03,2023-02-04,Closed
CLM-000850,A,2022,2022-12-31,2023-01-11,4093.96,2024-05-07,Closed
CLM-000851,A,2022,2022-07-22,2022-07-30,4411.89,,Open
CLM-000852,A,2022,2022-01-03,2022-02-01,2782.51,2023-10-21,Closed
CLM-000853,A,2022,2022-11-15,2022-11-20,17546.55,2025-03-16,Closed
CLM-000854,A,2022,2022-02-28,2022-03-29,15040.29,2023-08-05,Closed
CLM-000855,A,2022,2022-02-14,2022-03-21,10012.48,2023-04-05,Closed
CLM-000856,A,2022,2022-09-04,2022-10-01,30234.91,2024-07-30,Closed
CLM-000857,A,2022,2022-08-09,2022-08-26,5720.68,2025-05-31,Closed
CLM-000858,A,2022,2022-01-22,2022-02-20,68385.23,,Open
CLM-000859,A,2022,2022-03-03,2022-03-25,5554.45,2023-05-06,Closed
CLM-000860,A,2022,2022-08-04,2022-08-15,8056.1,2023-06-29,Closed
CLM-000861,A,2022,2022-04-04,2022-06-16,4871.79,2023-06-24,Closed
CLM-000862,A,2022,2022-09-07,2022-09-22,8816.75,2024-07-19,Closed
CLM-000863,A,2022,2022-05-31,2022-07-04,12597.71,2023-11-01,Closed
CLM-000864,A,2022,2022-08-03,2022-08-06,6062.44,2024-04-12,Closed
CLM-000865,A,2022,2022-06-23,2022-08-10,26008.58,2024-06-29,Closed
CLM-000866,A,2022,2022-05-14,2022-07-08,7957.15,2024-10-16,Closed
CLM-000867,A,2022,2022-05-05,2022-05-25,8151.55,2023-12-15,Closed
CLM-000868,A,2022,2022-09-12,2022-10-11,3286.03,2024-10-05,Closed
CLM-000869,A,2022,2022-07-07,2022-08-05,9135.97,2023-08-23,Closed
CLM-000870,A,2022,2022-08-05,2022-08-17,5969.25,2025-01-21,Closed
CLM-000871,A,2022,2022-07-30,2022-08-28,4142.69,2022-12-29,Closed
CLM-000872,A,2022,2022-03-17,2022-03-28,3639.18,2024-04-30,Closed
CLM-000873,A,2022,2022-11-30,2022-12-13,51824.23,2023-07-04,Closed
CLM-000874,A,2022,2022-07-25,2022-09-07,5402.76,2023-12-16,Closed
CLM-000875,A,2022,2022-09-20,2022-10-29,2154.54,2024-08-16,Closed
CLM-000876,A,2022,2022-11-18,2022-11-30,3865.29,2025-06-12,Closed
CLM-000877,A,2022,2022-12-04,2022-12-15,6360.7,2025-12-24,Closed
CLM-000878,A,2022,2022-09-01,2022-09-13,10083.95,2023-04-26,Closed
CLM-000879,A,2022,2022-10-15,2022-11-17,10147.29,2025-02-15,Closed
CLM-000880,A,2022,2022-06-22,2022-07-01,11145.55,2024-04-09,Closed
CLM-000881,A,2022,2022-09-27,2022-10-22,4027.47,2024-05-20,Closed
CLM-000882,A,2022,2022-04-28,2022-05-31,8602.85,2024-12-24,Closed
CLM-000883,A,2022,2022-09-17,2022-10-05,3370.47,2023-12-17,Closed
CLM-000884,A,2022,2022-02-01,2022-03-13,4106.47,2023-11-01,Closed
CLM-000885,A,2022,2022-11-30,2022-12-16,3264.05,2025-02-25,Closed
CLM-000886,A,2022,2022-03-31,2022-04-17,2649.76,2023-12-02,Closed
CLM-000887,A,2022,2022-08-28,2022-09-07,15023.2,2024-06-11,Closed
CLM-000888,A,2022,2022-01-05,2022-02-14,11249.03,2024-04-14,Closed
CLM-000889,A,2022,2022-02-26,2022-03-09,14043.54,2024-06-13,Closed
CLM-000890,A,2022,2022-12-27,2023-01-21,6821.92,2025-03-17,Closed
CLM-000891,A,2022,2022-11-01,2022-11-20,12039.79,2025-03-16,Closed
CLM-000892,A,2022,2022-03-23,2022-04-01,1704.34,2023-04-07,Closed
CLM-000893,A,2022,2022-02-17,2022-03-02,12867.13,2023-04-24,Closed
CLM-000894,A,2022,2022-10-25,2022-12-16,7585.9,2024-03-11,Closed
CLM-000895,A,2022,2022-12-28,2023-01-20,10728.54,2024-04-27,Closed
CLM-000896,A,2022,2022-03-03,2022-03-12,8869.18,2023-08-18,Closed
CLM-000897,A,2022,2022-08-31,2022-09-24,3094.28,2024-09-01,Closed
CLM-000898,A,2022,2022-04-14,2022-05-02,2087.47,2024-03-16,Closed
CLM-000899,A,2022,2022-09-29,2023-05-11,3824.32,2024-06-14,Closed
CLM-000900,A,2022,2022-06-02,2022-06-26,10226.71,2023-03-09,Closed
CLM-000901,A,2022,2022-02-15,2022-03-02,11261.85,2024-03-14,Closed
CLM-000902,A,2022,2022-04-29,2022-06-22,2307.5,2022-12-27,Closed
CLM-000903,A,2022,2022-07-16,2022-07-21,3108.5,2023-11-03,Closed
CLM-000904,A,2022,2022-10-19,2022-11-09,3791.52,2024-10-04,Closed
CLM-000905,A,2022,2022-01-08,2022-03-29,5026.06,2022-12-15,Closed
CLM-000906,A,2022,2022-12-16,2023-01-03,2318.0,2024-07-31,Closed
CLM-000907,A,2022,2022-08-26,2022-08-31,2213.3,2023-10-02,Closed
CLM-000908,A,2022,2022-11-16,2022-12-01,3514.22,2024-12-31,Closed
CLM-000909,A,2022,2022-12-06,2023-01-30,7073.1,2023-11-14,Closed
CLM-000910,A,2022,2022-02-26,2022-03-24,2665.72,2023-08-05,Closed
CLM-000911,A,2022,2022-02-04,2022-02-15,6053.63,2025-07-03,Closed
CLM-000912,A,2022,2022-10-11,2022-10-23,14957.89,2023-06-15,Closed
CLM-000913,A,2022,2022-03-10,2022-03-23,2428.15,2023-11-18,Closed
CLM-000914,A,2022,2022-02-24,2022-03-21,5645.39,2023-09-13,Closed
CLM-000915,A,2022,2022-06-21,2022-08-11,14573.52,2025-09-18,Closed
CLM-000916,A,2022,2022-11-30,2023-01-10,4795.5,2023-09-03,Closed
CLM-000917,A,2022,2022-10-18,2022-11-14,4254.49,2024-11-07,Closed
CLM-000918,A,2022,2022-07-09,2022-07-16,16217.22,2023-02-05,Closed
CLM-000919,A,2022,2022-03-13,2022-03-20,5227.85,2024-02-21,Closed
CLM-000920,A,2022,2022-05-03,2022-06-01,15496.7,2024-03-28,Closed
CLM-000921,A,2022,2022-09-09,2022-09-16,9209.93,2025-06-19,Closed
CLM-000922,A,2022,2022-02-27,2022-03-16,5082.35,2024-11-25,Closed
CLM-000923,A,2022,2022-07-11,2022-08-04,9576.9,2023-09-10,Closed
CLM-000924,A,2022,2022-01-05,2022-01-14,8471.39,2023-06-22,Closed
CLM-000925,A,2022,2022-04-29,2022-05-08,14530.1,2024-12-24,Closed
CLM-000926,A,2022,2022-04-01,2022-04-19,4338.3,2023-03-28,Closed
CLM-000927,A,2022,2022-09-06,2022-10-04,6831.88,2023-05-13,Closed
CLM-000928,A,2022,2022-11-30,2023-01-11,6312.14,2024-07-17,Closed
CLM-000929,A,2022,2022-02-23,2022-03-25,11384.46,2025-05-13,Closed
CLM-000930,A,2022,2022-10-19,2022-11-09,3004.73,2024-01-03,Closed
CLM-000931,A,2022,2022-08-28,2022-09-08,14486.45,2023-11-14,Closed
CLM-000932,A,2022,2022-12-20,2022-12-29,9478.84,2024-06-07,Closed
CLM-000933,A,2022,2022-11-29,2022-12-12,2399.98,2024-07-28,Closed
CLM-000934,A,2022,2022-02-06,2022-03-04,16786.2,2023-05-19,Closed
CLM-000935,A,2022,2022-09-29,2022-10-24,36993.06,2023-08-15,Closed
CLM-000936,A,2022,2022-08-05,2022-08-09,14318.46,2023-10-20,Closed
CLM-000937,A,2022,2022-02-11,2022-02-22,19866.47,2024-06-18,Closed
CLM-000938,A,2022,2022-04-04,2022-05-20,7068.29,2024-03-01,Closed
CLM-000939,A,2022,2022-12-05,2022-12-26,1840.51,2025-10-09,Closed
CLM-000940,A,2022,2022-07-18,2022-07-25,1599.0,2024-02-04,Closed
CLM-000941,A,2023,2023-02-16,2023-03-06,9554.41,2025-05-07,Closed
CLM-000942,A,2023,2023-08-13,2023-08-27,10415.07,2024-12-07,Closed
CLM-000943,A,2023,2023-10-13,2023-11-04,5987.23,2025-04-30,Closed
CLM-000944,A,2023,2023-02-17,2023-05-04,2884.05,2024-12-19,Closed
CLM-000945,A,2023,2023-01-15,2023-01-30,7477.55,2025-01-25,Closed
CLM-000946,A,2023,2023-11-24,2023-12-18,2259.86,2024-11-04,Closed
CLM-000947,A,2023,2023-12-07,2024-02-25,3164.98,2025-03-12,Closed
CLM-000948,A,2023,2023-02-27,2023-03-12,3916.33,2023-07-27,Closed
CLM-000949,A,2023,2023-11-26,2024-02-05,14336.33,,Open
CLM-000950,A,2023,2023-11-29,2023-12-19,5280.86,2025-09-28,Closed
CLM-000951,A,2023,2023-12-31,2024-03-09,4945.21,2024-12-25,Closed
CLM-000952,A,2023,2023-03-20,2023-04-22,31470.65,,Open
CLM-000953,A,2023,2023-07-31,2023-08-24,9160.44,2025-08-15,Closed
CLM-000954,A,2023,2023-12-29,2024-01-17,9065.9,2025-04-11,Closed
CLM-000955,A,2023,2023-11-26,2023-12-08,5252.1,2024-08-22,Closed
CLM-000956,A,2023,2023-08-09,2023-08-30,4410.68,2024-12-12,Closed
CLM-000957,A,2023,2023-03-13,2023-04-19,1295.97,2025-04-22,Closed
CLM-000958,A,2023,2023-01-31,2023-02-19,14725.77,2024-03-28,Closed
CLM-000959,A,2023,2023-04-05,2023-04-21,9862.34,2025-05-09,Closed
CLM-000960,A,2023,2023-01-24,2023-02-09,6082.36,2023-12-29,Closed
CLM-000961,A,2023,2023-03-13,2023-04-22,6282.06,2024-07-26,Closed
CLM-000962,A,2023,2023-01-28,2023-03-16,12310.29,2024-03-22,Closed
CLM-000963,A,2023,2023-10-06,2023-10-18,2108.22,2025-06-15,Closed
CLM-000964,A,2023,2023-08-04,2023-08-16,4432.79,2025-09-30,Closed
CLM-000965,A,2023,2023-07-09,2023-08-04,2909.94,2025-07-11,Closed
CLM-000966,A,2023,2023-10-23,2023-12-20,27329.14,2025-01-30,Closed
CLM-000967,A,2023,2023-05-30,2023-07-13,13706.88,2024-05-12,Closed
CLM-000968,A,2023,2023-05-28,2023-06-05,1279.82,2024-03-23,Closed
CLM-000969,A,2023,2023-03-17,2023-04-02,2175.77,2025-04-27,Closed
CLM-000970,A,2023,2023-06-12,2023-06-22,6305.72,2025-10-06,Closed
CLM-000971,A,2023,2023-03-05,2023-03-21,4852.48,,Open
CLM-000972,A,2023,2023-08-04,2023-10-04,2517.48,2025-11-16,Closed
CLM-000973,A,2023,2023-12-31,2024-01-07,31230.85,2025-12-03,Closed
CLM-000974,A,2023,2023-07-14,2023-07-20,8883.03,2025-03-05,Closed
CLM-000975,A,2023,2023-04-20,2023-05-01,10065.77,2025-06-16,Closed
CLM-000976,A,2023,2023-09-09,2023-10-03,4097.42,2025-02-19,Closed
CLM-000977,A,2023,2023-10-27,2023-11-26,12179.47,2025-04-30,Closed
CLM-000978,A,2023,2023-06-22,2023-07-19,5208.86,2024-12-14,Closed
CLM-000979,A,2023,2023-04-02,2023-05-17,5613.35,,Open
CLM-000980,A,2023,2023-09-18,2023-09-23,11179.05,,Open
CLM-000981,A,2023,2023-03-10,2023-04-24,1990.97,,Open
CLM-000982,A,2023,2023-12-31,2024-01-16,23892.26,2025-03-05,Closed
CLM-000983,A,2023,2023-04-27,2023-05-30,8035.67,2024-09-27,Closed
CLM-000984,A,2023,2023-05-08,2023-05-15,18729.17,2025-06-16,Closed
CLM-000985,A,2023,2023-09-23,2023-10-13,3049.66,2025-08-19,Closed
CLM-000986,A,2023,2023-01-05,2023-01-28,3429.13,2024-08-09,Closed
CLM-000987,A,2023,2023-03-16,2023-04-29,2853.13,2024-09-13,Closed
CLM-000988,A,2023,2023-02-15,2023-02-21,8467.19,2024-10-05,Closed
CLM-000989,A,2023,2023-05-23,2023-06-12,7346.51,2025-12-29,Closed
CLM-000990,A,2023,2023-07-22,2023-07-31,4882.58,2024-05-04,Closed
CLM-000991,A,2023,2023-03-07,2023-04-04,3197.23,2024-04-27,Closed
CLM-000992,A,2023,2023-05-06,2023-06-09,2632.07,,Open
CLM-000993,A,2023,2023-10-09,2023-11-27,6726.5,2025-06-13,Closed
CLM-000994,A,2023,2023-12-10,2023-12-23,4878.17,2025-01-11,Closed
CLM-000995,A,2023,2023-01-06,2023-02-13,4117.69,2023-09-30,Closed
CLM-000996,A,2023,2023-08-18,2023-10-08,22990.66,2025-07-11,Closed
CLM-000997,A,2023,2023-01-10,2023-01-16,6553.42,,Open
CLM-000998,A,2023,2023-07-09,2023-08-08,20551.66,,Open
CLM-000999,A,2023,2023-11-18,2023-12-27,4630.42,2025-04-03,Closed
CLM-001000,A,2023,2023-10-19,2023-11-04,8431.26,2024-07-02,Closed
CLM-001001,A,2023,2023-03-26,2023-04-03,6690.37,2024-12-07,Closed
CLM-001002,A,2023,2023-04-05,2023-05-13,1888.46,2024-12-19,Closed
CLM-001003,A,2023,2023-10-13,2023-10-21,20980.99,2025-11-19,Closed
CLM-001004,A,2023,2023-10-27,2023-11-13,6292.1,2025-06-19,Closed
CLM-001005,A,2023,2023-04-13,2023-05-02,12408.1,2024-12-02,Closed
CLM-001006,A,2023,2023-01-02,2023-02-04,3912.32,,Open
CLM-001007,A,2023,2023-06-12,2023-06-24,6149.83,2025-11-16,Closed
CLM-001008,A,2023,2023-08-15,2023-08-27,3581.15,2024-09-18,Closed
CLM-001009,A,2023,2023-06-11,2023-07-02,18091.85,2024-09-21,Closed
CLM-001010,A,2023,2023-12-08,2024-01-17,8875.3,2025-02-04,Closed
CLM-001011,A,2023,2023-10-24,2024-01-31,9263.98,2025-03-08,Closed
CLM-001012,A,2023,2023-10-15,2023-10-21,19877.3,2024-12-05,Closed
CLM-001013,A,2023,2023-01-08,2023-02-01,17015.14,2023-09-20,Closed
CLM-001014,A,2023,2023-11-08,2023-11-17,12590.29,2025-09-01,Closed
CLM-001015,A,2023,2023-10-03,2023-11-12,2335.62,,Open
CLM-001016,A,2023,2023-05-25,2023-06-04,4085.87,2025-03-30,Closed
CLM-001017,A,2023,2023-08-04,2023-08-16,3222.41,2024-10-25,Closed
CLM-001018,A,2023,2023-10-28,2023-11-10,12228.91,2024-11-07,Closed
CLM-001019,A,2023,2023-11-27,2023-12-15,7963.35,2024-04-23,Closed
CLM-001020,A,2023,2023-07-21,2023-08-15,2392.46,2024-02-02,Closed
CLM-001021,A,2023,2023-01-16,2023-02-13,6037.65,2025-03-10,Closed
CLM-001022,A,2023,2023-08-14,2023-09-02,2208.96,,Open
CLM-001023,A,2023,2023-09-06,2023-09-13,6702.33,2025-08-06,Closed
CLM-001024,A,2023,2023-01-22,2023-02-24,1950.93,2024-07-27,Closed
CLM-001025,A,2023,2023-10-26,2023-11-14,10493.38,,Open
CLM-001026,A,2023,2023-03-15,2023-04-29,9342.15,2024-11-24,Closed
CLM-001027,A,2023,2023-11-22,2023-12-04,30357.68,2025-03-11,Closed
CLM-001028,A,2023,2023-07-21,2023-07-27,13416.67,2025-03-30,Closed
CLM-001029,A,2023,2023-04-28,2023-05-17,5041.18,2024-08-22,Closed
CLM-001030,A,2023,2023-01-22,2023-03-12,13112.17,,Open
CLM-001031,A,2023,2023-01-07,2023-01-29,2379.31,2025-05-30,Closed
CLM-001032,A,2023,2023-09-28,2023-10-15,3326.86,2025-08-23,Closed
CLM-001033,A,2023,2023-05-18,2023-05-28,9025.13,,Open
CLM-001034,A,2023,2023-11-03,2024-01-10,1324.39,2025-07-10,Closed
CLM-001035,A,2023,2023-03-26,2023-04-04,6785.42,2025-08-05,Closed
CLM-001036,A,2023,2023-12-02,2023-12-14,3182.02,2025-03-31,Closed
CLM-001037,A,2023,2023-12-10,2024-01-08,7549.15,2025-01-03,Closed
CLM-001038,A,2023,2023-02-07,2023-02-12,3044.22,2025-03-20,Closed
CLM-001039,A,2023,2023-08-25,2023-10-12,9681.23,,Open
CLM-001040,A,2023,2023-12-09,2024-01-08,7087.18,2025-03-02,Closed
CLM-001041,A,2023,2023-04-28,2023-06-04,20533.76,2025-03-01,Closed
CLM-001042,A,2023,2023-01-25,2023-02-23,7018.77,2024-07-07,Closed
CLM-001043,A,2023,2023-11-16,2023-12-03,3862.57,,Open
CLM-001044,A,2023,2023-06-23,2023-07-02,5773.22,2025-09-03,Closed
CLM-001045,A,2023,2023-01-10,2023-01-28,2479.27,2025-03-28,Closed
CLM-001046,A,2023,2023-11-03,2023-11-13,9547.11,,Open
CLM-001047,A,2023,2023-09-05,2023-10-03,10998.39,2025-10-12,Closed
CLM-001048,A,2023,2023-01-26,2023-03-02,46775.78,2024-11-06,Closed
CLM-001049,A,2023,2023-04-05,2023-05-31,4325.01,2024-02-10,Closed
CLM-001050,A,2023,2023-01-07,2023-02-01,5680.98,2024-10-24,Closed
CLM-001051,A,2023,2023-12-15,2024-01-22,4481.27,,Open
CLM-001052,A,2023,2023-01-10,2023-01-26,8221.78,2024-06-03,Closed
CLM-001053,A,2023,2023-10-18,2023-11-01,9369.01,2025-04-23,Closed
CLM-001054,A,2023,2023-07-06,2023-08-02,6701.2,,Open
CLM-001055,A,2023,2023-08-01,2023-08-16,16121.8,2025-08-08,Closed
CLM-001056,A,2023,2023-10-24,2023-11-17,4341.22,2024-10-15,Closed
CLM-001057,A,2023,2023-11-23,2023-12-02,14924.85,,Open
CLM-001058,A,2023,2023-02-16,2023-02-26,10571.83,2024-12-31,Closed
CLM-001059,A,2023,2023-01-07,2023-02-07,6918.05,2025-07-16,Closed
CLM-001060,A,2023,2023-02-15,2023-03-24,5478.39,2024-05-22,Closed
CLM-001061,A,2023,2023-09-07,2023-09-17,45268.3,2025-11-17,Closed
CLM-001062,A,2023,2023-07-27,2023-08-27,3721.32,2024-08-18,Closed
CLM-001063,A,2023,2023-01-31,2023-02-13,8783.65,2024-09-02,Closed
CLM-001064,A,2023,2023-03-27,2023-04-16,3917.77,2023-09-24,Closed
CLM-001065,A,2023,2023-07-16,2023-09-07,27627.82,,Open
CLM-001066,A,2023,2023-09-24,2023-10-29,13825.33,2025-03-14,Closed
CLM-001067,A,2023,2023-05-06,2023-06-09,4140.78,2024-12-25,Closed
CLM-001068,A,2023,2023-12-13,2024-02-27,10362.99,2025-01-02,Closed
CLM-001069,A,2023,2023-12-29,2024-01-10,8515.58,,Open
CLM-001070,A,2023,2023-10-07,2023-10-17,4690.11,2025-12-19,Closed
CLM-001071,A,2023,2023-06-15,2023-06-27,12520.87,2024-07-18,Closed
CLM-001072,A,2023,2023-11-17,2023-12-03,9424.13,2025-03-30,Closed
CLM-001073,A,2023,2023-09-23,2023-09-26,8244.52,2024-09-01,Closed
CLM-001074,A,2023,2023-07-09,2023-07-26,6760.59,,Open
CLM-001075,A,2023,2023-06-11,2023-06-24,9732.12,2024-11-10,Closed
CLM-001076,A,2023,2023-10-31,2023-12-04,8331.91,,Open
CLM-001077,A,2023,2023-07-23,2023-08-17,7307.63,,Open
CLM-001078,A,2023,2023-03-08,2023-03-21,4261.58,,Open
CLM-001079,A,2023,2023-12-31,2024-01-30,25740.61,2025-01-31,Closed
CLM-001080,A,2023,2023-01-25,2023-02-27,3108.95,2024-08-18,Closed
CLM-001081,A,2023,2023-09-11,2023-09-22,9706.53,2023-12-10,Closed
CLM-001082,A,2023,2023-08-28,2023-09-11,5456.06,2025-06-24,Closed
CLM-001083,A,2023,2023-08-02,2023-08-06,27078.48,2025-02-04,Closed
CLM-001084,A,2023,2023-01-19,2023-01-28,3481.52,2023-06-22,Closed
CLM-001085,A,2023,2023-06-29,2023-07-10,3963.17,2025-08-20,Closed
CLM-001086,A,2023,2023-11-22,2023-12-13,3308.09,2025-10-17,Closed
CLM-001087,A,2023,2023-03-29,2023-04-08,8958.1,2025-01-22,Closed
CLM-001088,A,2023,2023-09-10,2023-09-23,2424.85,2024-07-14,Closed
CLM-001089,A,2023,2023-11-10,2023-11-18,4829.78,2024-12-24,Closed
CLM-001090,A,2023,2023-12-14,2024-01-05,1330.4,2025-10-02,Closed
CLM-001091,A,2023,2023-07-08,2023-08-03,8403.02,2025-09-03,Closed
CLM-001092,A,2023,2023-04-25,2023-05-21,4749.77,2025-05-01,Closed
CLM-001093,A,2023,2023-09-13,2023-10-03,2219.28,2025-07-12,Closed
CLM-001094,A,2023,2023-06-27,2023-07-03,16112.91,2024-03-25,Closed
CLM-001095,A,2023,2023-08-17,2023-08-29,2550.1,2024-08-25,Closed
CLM-001096,A,2023,2023-09-28,2023-10-13,12900.52,,Open
CLM-001097,A,2023,2023-09-17,2023-10-02,4069.03,2025-03-06,Closed
CLM-001098,A,2023,2023-03-30,2023-04-20,23976.02,2024-07-01,Closed
CLM-001099,A,2023,2023-10-03,2023-11-26,12438.07,2025-10-25,Closed
CLM-001100,A,2023,2023-07-17,2023-08-21,3212.1,2025-03-25,Closed
CLM-001101,A,2023,2023-12-06,2023-12-16,3445.24,2025-07-11,Closed
CLM-001102,A,2023,2023-08-29,2023-09-30,11131.99,,Open
CLM-001103,A,2023,2023-11-22,2023-12-23,5704.74,2024-12-09,Closed
CLM-001104,A,2023,2023-12-24,2024-01-04,6128.56,2024-06-10,Closed
CLM-001105,A,2023,2023-12-29,2024-02-03,18604.01,2025-10-01,Closed
CLM-001106,A,2023,2023-09-29,2023-10-16,3922.4,2025-08-29,Closed
CLM-001107,A,2023,2023-08-07,2023-08-14,7491.15,2024-11-22,Closed
CLM-001108,A,2023,2023-02-13,2023-03-12,14566.56,2024-12-09,Closed
CLM-001109,A,2023,2023-05-21,2023-06-13,13022.06,2025-05-26,Closed
CLM-001110,A,2023,2023-06-23,2023-07-10,6174.66,2024-10-16,Closed
CLM-001111,A,2023,2023-10-12,2023-10-31,5589.35,,Open
CLM-001112,A,2023,2023-08-03,2023-08-15,1829.48,2025-07-20,Closed
CLM-001113,A,2023,2023-06-10,2023-07-10,3095.03,,Open
CLM-001114,A,2023,2023-02-23,2023-03-14,8922.94,2024-09-20,Closed
CLM-001115,A,2023,2023-09-19,2023-10-11,6278.89,,Open
CLM-001116,A,2023,2023-06-07,2023-07-02,7397.3,2024-05-31,Closed
CLM-001117,A,2023,2023-01-14,2023-01-22,15547.72,2025-04-04,Closed
CLM-001118,A,2023,2023-04-14,2023-04-24,2797.8,2024-09-29,Closed
CLM-001119,A,2023,2023-11-18,2023-11-22,5821.02,2024-01-06,Closed
CLM-001120,A,2023,2023-02-13,2023-03-14,8074.9,2025-02-22,Closed
CLM-001121,A,2023,2023-05-29,2023-06-06,4059.27,2024-11-03,Closed
CLM-001122,A,2023,2023-07-06,2023-07-27,21031.78,,Open
CLM-001123,A,2023,2023-01-31,2023-02-25,14059.02,2025-08-04,Closed
CLM-001124,A,2023,2023-03-02,2023-04-01,8731.03,2023-11-08,Closed
CLM-001125,A,2023,2023-12-10,2023-12-18,27811.68,,Open
CLM-001126,A,2023,2023-08-04,2023-08-23,2200.83,2025-02-03,Closed
CLM-001127,A,2023,2023-03-18,2023-05-21,6941.02,,Open
CLM-001128,A,2023,2023-03-03,2023-05-08,9258.86,2025-10-12,Closed
CLM-001129,A,2023,2023-06-05,2023-07-14,3451.95,,Open
CLM-001130,A,2023,2023-09-22,2023-10-17,8802.48,,Open
CLM-001131,A,2023,2023-09-24,2023-10-03,2977.32,2025-05-16,Closed
CLM-001132,A,2023,2023-03-13,2023-04-15,11885.52,2025-03-23,Closed
CLM-001133,A,2023,2023-09-22,2023-10-09,15771.84,2024-10-22,Closed
CLM-001134,A,2023,2023-11-24,2023-12-23,8612.14,2024-08-24,Closed
CLM-001135,A,2023,2023-03-24,2023-04-05,1675.7,2023-12-19,Closed
CLM-001136,A,2023,2023-01-10,2023-01-27,3315.81,,Open
CLM-001137,A,2023,2023-12-16,2024-01-07,10787.45,,Open
CLM-001138,A,2023,2023-07-10,2023-08-02,7097.41,2024-07-02,Closed
CLM-001139,A,2023,2023-10-11,2023-11-08,876.58,2024-10-01,Closed
CLM-001140,A,2023,2023-04-27,2023-05-10,18187.31,2025-11-09,Closed
CLM-001141,A,2023,2023-04-20,2023-04-27,7757.53,2024-04-20,Closed
CLM-001142,A,2023,2023-03-24,2023-05-25,3715.4,,Open
CLM-001143,A,2023,2023-03-21,2023-07-13,15026.15,2024-02-08,Closed
CLM-001144,A,2023,2023-06-22,2023-07-19,4143.36,2024-07-05,Closed
CLM-001145,A,2023,2023-02-08,2023-02-15,4250.780000000001,2024-07-17,Closed
CLM-001146,A,2023,2023-11-04,2023-11-15,9202.1,,Open
CLM-001147,A,2023,2023-07-06,2023-08-03,27530.48,2024-07-13,Closed
CLM-001148,A,2023,2023-12-01,2024-01-21,24386.08,,Open
CLM-001149,A,2023,2023-07-03,2023-07-11,9211.73,,Open
CLM-001150,A,2023,2023-04-21,2023-05-09,9969.85,2025-03-12,Closed
CLM-001151,A,2023,2023-07-07,2023-07-29,12846.53,2025-10-22,Closed
CLM-001152,A,2023,2023-02-26,2023-04-03,2651.63,2024-08-11,Closed
CLM-001153,A,2023,2023-10-28,2023-11-12,11468.14,2024-11-21,Closed
CLM-001154,A,2023,2023-09-20,2023-09-26,3966.8,2024-08-02,Closed
CLM-001155,A,2023,2023-02-23,2023-03-25,8923.75,2023-07-21,Closed
CLM-001156,A,2023,2023-08-01,2023-09-13,5860.22,2024-03-31,Closed
CLM-001157,A,2023,2023-07-16,2023-08-03,10272.49,2024-08-03,Closed
CLM-001158,A,2023,2023-03-15,2023-04-10,7647.45,,Open
CLM-001159,A,2023,2023-02-14,2023-02-28,654.63,2024-07-22,Closed
CLM-001160,A,2023,2023-10-05,2023-10-16,8014.05,2025-08-16,Closed
CLM-001161,A,2023,2023-04-07,2023-05-18,11450.53,2025-12-25,Closed
CLM-001162,A,2023,2023-07-09,2023-08-04,9844.26,2024-11-28,Closed
CLM-001163,A,2023,2023-04-01,2023-04-29,6451.94,2024-09-19,Closed
CLM-001164,A,2023,2023-08-27,2023-10-23,24737.49,,Open
CLM-001165,A,2023,2023-01-18,2023-01-27,8875.05,,Open
CLM-001166,A,2023,2023-05-12,2023-05-25,9781.86,2024-12-28,Closed
CLM-001167,A,2023,2023-07-19,2023-08-10,15610.58,2025-01-07,Closed
CLM-001168,A,2023,2023-06-10,2023-06-23,9232.2,2024-12-25,Closed
CLM-001169,A,2023,2023-08-12,2023-09-15,3496.2,2025-01-05,Closed
CLM-001170,A,2023,2023-03-07,2023-03-24,1067.38,2025-04-22,Closed
CLM-001171,A,2023,2023-06-11,2023-06-20,4835.02,,Open
CLM-001172,A,2023,2023-10-04,2023-10-24,12547.72,2025-09-11,Closed
CLM-001173,A,2023,2023-05-02,2023-05-24,5319.71,2024-12-31,Closed
CLM-001174,A,2023,2023-02-27,2023-04-06,12942.67,2025-05-07,Closed
CLM-001175,A,2023,2023-11-06,2023-12-02,7830.0,,Open
CLM-001176,A,2023,2023-10-12,2023-11-08,18832.2,,Open
CLM-001177,A,2023,2023-09-06,2023-10-01,5562.24,2025-08-05,Closed
CLM-001178,A,2023,2023-10-19,2023-11-05,10010.09,2024-07-29,Closed
CLM-001179,A,2023,2023-10-12,2023-10-24,10309.57,2025-11-28,Closed
CLM-001180,A,2023,2023-09-30,2023-10-24,22199.06,2025-06-29,Closed
CLM-001181,A,2023,2023-07-05,2023-07-20,1875.39,,Open
CLM-001182,A,2023,2023-01-08,2023-03-14,4905.22,2025-06-04,Closed
CLM-001183,A,2023,2023-08-06,2023-09-26,13423.31,2025-05-27,Closed
CLM-001184,A,2023,2023-04-10,2023-05-11,22969.54,2025-04-30,Closed
CLM-001185,A,2023,2023-10-10,2023-11-05,8400.76,2024-06-07,Closed
CLM-001186,A,2023,2023-06-20,2023-07-08,5573.02,2025-07-22,Closed
CLM-001187,A,2023,2023-11-27,2023-12-05,12510.79,2025-01-30,Closed
CLM-001188,A,2023,2023-08-06,2023-08-23,13633.67,,Open
CLM-001189,A,2023,2023-07-20,2023-08-10,5292.87,,Open
CLM-001190,A,2023,2023-12-02,2023-12-25,9005.44,2025-11-19,Closed
CLM-001191,A,2023,2023-06-23,2023-07-20,17335.1,2024-12-16,Closed
CLM-001192,A,2023,2023-05-18,2023-06-25,29951.45,2025-05-22,Closed
CLM-001193,A,2023,2023-05-16,2023-05-28,12371.71,2025-04-07,Closed
CLM-001194,A,2023,2023-11-16,2023-11-28,7223.93,2025-05-10,Closed
CLM-001195,A,2023,2023-10-04,2023-11-28,6697.59,2025-09-25,Closed
CLM-001196,A,2023,2023-03-01,2023-04-04,10726.85,2024-12-07,Closed
CLM-001197,A,2023,2023-06-29,2023-07-14,6387.23,2024-02-11,Closed
CLM-001198,A,2023,2023-05-16,2023-06-03,8080.68,2024-12-19,Closed
CLM-001199,A,2023,2023-08-25,2023-09-12,3091.15,2024-12-12,Closed
CLM-001200,A,2023,2023-01-20,2023-02-09,18963.08,2024-01-18,Closed
CLM-001201,A,2023,2023-09-18,2023-10-15,2901.25,2024-11-07,Closed
CLM-001202,A,2023,2023-09-29,2024-01-24,5005.59,2025-07-02,Closed
CLM-001203,A,2023,2023-03-24,2023-04-15,7527.59,2024-10-06,Closed
CLM-001204,A,2023,2023-02-24,2023-03-27,32362.88,,Open
CLM-001205,A,2023,2023-08-18,2023-08-24,5042.07,2024-09-30,Closed
CLM-001206,A,2023,2023-04-04,2023-04-18,4180.3,2024-10-13,Closed
CLM-001207,A,2023,2023-12-10,2024-01-26,4568.2,,Open
CLM-001208,A,2023,2023-10-10,2023-11-05,25058.45,,Open
CLM-001209,A,2023,2023-12-15,2023-12-15,800.21,2025-06-23,Closed
CLM-001210,A,2023,2023-07-15,2023-08-16,3225.26,2024-05-29,Closed
CLM-001211,A,2023,2023-12-09,2024-02-23,57239.81,2025-06-14,Closed
CLM-001212,A,2023,2023-01-06,2023-01-10,11007.13,2024-10-16,Closed
CLM-001213,A,2023,2023-04-16,2023-06-12,2978.7,,Open
CLM-001214,A,2023,2023-01-01,2023-01-03,6760.6,2025-08-21,Closed
CLM-001215,A,2023,2023-09-05,2023-10-13,7354.84,2024-06-21,Closed
CLM-001216,A,2023,2023-07-06,2023-07-25,13398.61,2024-07-21,Closed
CLM-001217,A,2023,2023-04-15,2023-04-18,28798.6,2025-11-11,Closed
CLM-001218,A,2023,2023-04-22,2023-05-19,9418.66,2025-01-22,Closed
CLM-001219,A,2023,2023-08-23,2023-10-06,4607.17,,Open
CLM-001220,A,2023,2023-03-07,2023-04-01,12802.92,2025-05-14,Closed
CLM-001221,A,2023,2023-07-07,2023-08-06,4077.78,,Open
CLM-001222,A,2023,2023-08-12,2023-08-26,3150.13,2025-10-10,Closed
CLM-001223,A,2023,2023-03-29,2023-04-03,1799.99,2025-10-04,Closed
CLM-001224,A,2023,2023-03-25,2023-04-26,2091.37,2023-10-16,Closed
CLM-001225,A,2023,2023-05-10,2023-07-17,3500.44,2025-10-28,Closed
CLM-001226,A,2023,2023-08-05,2023-09-18,2818.42,2025-07-20,Closed
CLM-001227,A,2023,2023-04-03,2023-04-07,8887.8,2025-01-02,Closed
CLM-001228,A,2023,2023-05-19,2023-05-25,2771.89,,Open
CLM-001229,A,2023,2023-07-18,2023-07-29,619.96,2025-05-25,Closed
CLM-001230,A,2023,2023-03-10,2023-03-16,3124.58,2025-06-07,Closed
CLM-001231,A,2023,2023-07-27,2023-08-16,4854.65,2025-01-17,Closed
CLM-001232,A,2023,2023-02-20,2023-03-18,4379.95,2024-07-21,Closed
CLM-001233,A,2023,2023-02-22,2023-03-01,22507.66,2025-01-21,Closed
CLM-001234,A,2023,2023-03-28,2023-05-01,4352.73,2024-09-21,Closed
CLM-001235,A,2023,2023-04-15,2023-05-15,13762.61,2024-09-01,Closed
CLM-001236,A,2023,2023-01-11,2023-01-24,6881.1,2024-05-29,Closed
CLM-001237,A,2023,2023-12-17,2024-01-03,6758.59,2025-08-15,Closed
CLM-001238,A,2023,2023-04-23,2023-04-28,3669.03,2025-09-12,Closed
CLM-001239,A,2023,2023-10-21,2023-11-05,6673.35,2025-02-17,Closed
CLM-001240,A,2023,2023-11-26,2023-12-16,3873.14,2025-02-04,Closed
CLM-001241,A,2023,2023-10-20,2023-11-11,7959.5,2024-09-23,Closed
CLM-001242,A,2023,2023-10-31,2023-11-26,5820.71,2025-03-26,Closed
CLM-001243,A,2023,2023-02-06,2023-03-01,3372.91,2025-04-14,Closed
CLM-001244,A,2023,2023-05-16,2023-06-01,14990.76,2024-01-09,Closed
CLM-001245,A,2023,2023-09-30,2023-10-24,9700.58,,Open
CLM-001246,A,2023,2023-07-30,2023-09-08,4944.46,,Open
CLM-001247,A,2023,2023-01-03,2023-01-21,7810.51,2024-08-16,Closed
CLM-001248,A,2023,2023-07-27,2023-08-20,6545.87,2024-04-26,Closed
CLM-001249,A,2023,2023-10-21,2023-11-07,3579.11,2025-01-19,Closed
CLM-001250,A,2023,2023-10-30,2023-11-11,7372.1,2025-01-21,Closed
CLM-001251,A,2023,2023-05-21,2023-06-18,4327.76,2025-05-01,Closed
CLM-001252,A,2023,2023-03-28,2023-04-10,3372.11,2024-12-31,Closed
CLM-001253,A,2023,2023-04-23,2023-05-19,2000.55,2024-09-19,Closed
CLM-001254,A,2023,2023-04-19,2023-05-09,5297.17,2024-05-28,Closed
CLM-001255,A,2023,2023-05-07,2023-05-23,10806.25,,Open
CLM-001256,A,2023,2023-04-21,2023-05-06,4089.08,2023-11-22,Closed
CLM-001257,A,2023,2023-06-16,2023-06-30,48669.12,2025-04-30,Closed
CLM-001258,A,2023,2023-01-15,2023-01-21,13813.19,2025-03-02,Closed
CLM-001259,A,2023,2023-04-11,2023-05-07,19069.61,2023-12-10,Closed
CLM-001260,A,2023,2023-04-25,2023-05-18,12883.64,2024-11-11,Closed
CLM-001261,A,2023,2023-02-25,2023-04-02,29096.56,2024-09-26,Closed
CLM-001262,A,2023,2023-11-17,2023-11-30,3808.33,2025-10-28,Closed
CLM-001263,A,2023,2023-09-04,2023-11-18,971.34,,Open
CLM-001264,A,2023,2023-11-29,2023-12-14,4951.84,2025-01-06,Closed
CLM-001265,A,2023,2023-07-24,2023-08-03,10733.65,2024-07-02,Closed
CLM-001266,A,2023,2023-02-10,2023-02-19,7846.84,2025-11-11,Closed
CLM-001267,A,2023,2023-11-27,2023-12-02,8632.99,2025-12-23,Closed
CLM-001268,A,2023,2023-06-17,2023-08-14,19314.71,2024-10-31,Closed
CLM-001269,A,2023,2023-09-07,2023-10-29,9371.66,2024-12-14,Closed
CLM-001270,A,2023,2023-05-20,2023-06-19,12920.11,2024-08-24,Closed
CLM-001271,A,2023,2023-06-30,2023-07-10,3386.09,2025-07-16,Closed
CLM-001272,A,2023,2023-06-28,2023-09-07,3003.1,2024-04-26,Closed
CLM-001273,A,2023,2023-04-14,2023-04-29,24208.78,2024-12-17,Closed
CLM-001274,A,2023,2023-07-22,2023-08-07,7546.79,2025-03-13,Closed
CLM-001275,A,2023,2023-09-25,2023-11-18,4320.37,2025-09-08,Closed
CLM-001276,A,2023,2023-01-08,2023-02-08,4326.48,2023-03-21,Closed
CLM-001277,A,2023,2023-02-17,2023-05-21,4235.05,2024-10-09,Closed
CLM-001278,A,2023,2023-11-04,2023-11-27,4044.29,2025-12-07,Closed
CLM-001279,A,2023,2023-07-27,2023-08-11,2598.73,2025-02-20,Closed
CLM-001280,A,2023,2023-12-22,2024-01-04,2198.25,,Open
CLM-001281,A,2024,2024-11-28,2024-12-09,5003.64,,Open
CLM-001282,A,2024,2024-11-15,2024-11-19,4475.13,,Open
CLM-001283,A,2024,2024-11-20,2024-12-03,19763.64,,Open
CLM-001284,A,2024,2024-07-06,2024-07-31,17977.01,,Open
CLM-001285,A,2024,2024-11-19,2024-12-11,17618.24,2025-10-23,Closed
CLM-001286,A,2024,2024-06-22,2024-08-07,31931.75,2025-11-05,Closed
CLM-001287,A,2024,2024-01-28,2024-04-15,7082.84,,Open
CLM-001288,A,2024,2024-03-13,2024-04-16,7034.57,,Open
CLM-001289,A,2024,2024-04-09,2024-05-31,13459.66,2025-04-13,Closed
CLM-001290,A,2024,2024-05-17,2024-06-20,24376.43,,Open
CLM-001291,A,2024,2024-12-09,2025-02-13,9781.73,,Open
CLM-001292,A,2024,2024-05-01,2024-07-13,33722.14,2025-01-17,Closed
CLM-001293,A,2024,2024-08-12,2024-09-19,14702.68,,Open
CLM-001294,A,2024,2024-04-09,2024-05-11,6147.72,,Open
CLM-001295,A,2024,2024-08-23,2024-09-09,13947.2,,Open
CLM-001296,A,2024,2024-07-26,2024-08-14,27412.19,2025-12-25,Closed
CLM-001297,A,2024,2024-02-25,2024-03-11,34335.42,2025-01-11,Closed
CLM-001298,A,2024,2024-06-18,2024-07-18,18378.41,2025-07-09,Closed
CLM-001299,A,2024,2024-02-08,2024-02-20,7513.62,,Open
CLM-001300,A,2024,2024-11-21,2024-12-08,6234.06,,Open
CLM-001301,A,2024,2024-09-14,2024-09-17,11480.78,,Open
CLM-001302,A,2024,2024-12-10,2025-02-14,26745.48,,Open
CLM-001303,A,2024,2024-11-16,2024-12-03,10288.88,,Open
CLM-001304,A,2024,2024-03-21,2024-04-17,10454.75,,Open
CLM-001305,A,2024,2024-09-15,2024-11-09,7663.98,,Open
CLM-001306,A,2024,2024-02-06,2024-03-01,5722.32,2025-11-05,Closed
CLM-001307,A,2024,2024-12-17,2025-02-09,6501.63,2025-06-28,Closed
CLM-001308,A,2024,2024-10-14,2024-10-22,8176.44,,Open
CLM-001309,A,2024,2024-09-06,2024-12-22,27670.15,,Open
CLM-001310,A,2024,2024-12-30,2025-02-10,6124.49,,Open
CLM-001311,A,2024,2024-11-05,2024-11-28,8798.199999999999,,Open
CLM-001312,A,2024,2024-11-12,2025-01-05,3782.41,,Open
CLM-001313,A,2024,2024-02-06,2024-02-14,12793.61,,Open
CLM-001314,A,2024,2024-01-09,2024-01-25,21108.23,,Open
CLM-001315,A,2024,2024-12-17,2025-02-09,25745.37,,Open
CLM-001316,A,2024,2024-04-01,2024-04-06,8615.72,,Open
CLM-001317,A,2024,2024-06-05,2024-07-04,11465.62,2025-09-12,Closed
CLM-001318,A,2024,2024-01-16,2024-02-14,6544.76,,Open
CLM-001319,A,2024,2024-08-16,2024-11-03,11063.62,,Open
CLM-001320,A,2024,2024-10-27,2024-11-02,9381.89,2025-08-13,Closed
CLM-001321,A,2024,2024-11-04,2025-01-04,7704.63,,Open
CLM-001322,A,2024,2024-07-31,2024-08-13,8191.11,,Open
CLM-001323,A,2024,2024-08-30,2024-09-13,10433.76,2025-07-18,Closed
CLM-001324,A,2024,2024-07-07,2024-07-15,5872.98,,Open
CLM-001325,A,2024,2024-06-12,2024-06-21,6111.37,,Open
CLM-001326,A,2024,2024-07-21,2024-08-16,27442.23,2025-12-17,Closed
CLM-001327,A,2024,2024-12-08,2024-12-17,59430.84,2025-03-11,Closed
CLM-001328,A,2024,2024-04-02,2024-05-05,2913.18,2024-12-15,Closed
CLM-001329,A,2024,2024-06-21,2024-07-03,2792.11,2025-10-26,Closed
CLM-001330,A,2024,2024-08-08,2024-08-16,3524.25,,Open
CLM-001331,A,2024,2024-07-27,2024-08-09,6803.11,,Open
CLM-001332,A,2024,2024-01-12,2024-02-06,14686.67,2025-03-27,Closed
CLM-001333,A,2024,2024-04-15,2024-05-01,11615.84,2025-01-09,Closed
CLM-001334,A,2024,2024-08-24,2024-09-13,8410.26,,Open
CLM-001335,A,2024,2024-09-11,2024-10-13,11071.43,2025-12-11,Closed
CLM-001336,A,2024,2024-09-25,2024-11-06,4322.54,,Open
CLM-001337,A,2024,2024-12-28,2025-01-13,6103.72,,Open
CLM-001338,A,2024,2024-09-03,2024-09-12,7253.35,,Open
CLM-001339,A,2024,2024-07-31,2024-08-21,2174.19,2025-08-01,Closed
CLM-001340,A,2024,2024-05-01,2024-05-28,3011.42,2025-04-30,Closed
CLM-001341,A,2024,2024-05-15,2024-05-22,3105.03,2025-03-31,Closed
CLM-001342,A,2024,2024-10-29,2024-11-08,13270.14,,Open
CLM-001343,A,2024,2024-06-20,2024-07-02,8898.94,,Open
CLM-001344,A,2024,2024-09-18,2024-10-05,11794.43,,Open
CLM-001345,A,2024,2024-02-15,2024-02-26,1785.85,2025-06-24,Closed
CLM-001346,A,2024,2024-02-16,2024-03-19,2349.46,2025-01-09,Closed
CLM-001347,A,2024,2024-03-19,2024-03-25,12277.9,2025-04-13,Closed
CLM-001348,A,2024,2024-03-12,2024-03-18,866.4,2025-06-13,Closed
CLM-001349,A,2024,2024-08-10,2024-08-25,18920.48,,Open
CLM-001350,A,2024,2024-08-21,2024-09-07,1808.47,2025-11-13,Closed
CLM-001351,A,2024,2024-07-23,2024-07-30,14105.3,2025-07-05,Closed
CLM-001352,A,2024,2024-04-15,2024-04-28,3715.39,2025-06-28,Closed
CLM-001353,A,2024,2024-07-30,2024-08-14,16525.22,2025-11-08,Closed
CLM-001354,A,2024,2024-02-13,2024-02-28,87192.14,2024-10-27,Closed
CLM-001355,A,2024,2024-06-22,2024-07-14,1278.85,2025-08-08,Closed
CLM-001356,A,2024,2024-02-26,2024-03-09,12585.86,2025-04-27,Closed
CLM-001357,A,2024,2024-01-29,2024-03-25,1829.71,,Open
CLM-001358,A,2024,2024-03-01,2024-03-29,10233.55,,Open
CLM-001359,A,2024,2024-02-10,2024-02-21,6281.88,,Open
CLM-001360,A,2024,2024-06-23,2024-07-14,8140.97,,Open
CLM-001361,A,2024,2024-07-18,2024-08-08,3649.86,,Open
CLM-001362,A,2024,2024-08-10,2024-09-25,13439.18,,Open
CLM-001363,A,2024,2024-06-09,2024-06-22,2414.05,,Open
CLM-001364,A,2024,2024-03-05,2024-04-08,19169.99,2025-06-19,Closed
CLM-001365,A,2024,2024-01-08,2024-01-28,5374.71,2025-06-25,Closed
CLM-001366,A,2024,2024-09-17,2024-11-12,2500.47,2025-05-28,Closed
CLM-001367,A,2024,2024-12-25,2025-02-12,25165.76,,Open
CLM-001368,A,2024,2024-04-12,2024-05-04,6994.11,,Open
CLM-001369,A,2024,2024-03-15,2024-03-31,32019.64,2025-06-20,Closed
CLM-001370,A,2024,2024-04-24,2024-05-22,18872.84,2025-08-31,Closed
CLM-001371,A,2024,2024-03-19,2024-04-05,3983.45,,Open
CLM-001372,A,2024,2024-03-22,2024-05-25,6899.68,,Open
CLM-001373,A,2024,2024-06-30,2024-07-21,8086.32,,Open
CLM-001374,A,2024,2024-10-14,2024-10-29,23869.89,,Open
CLM-001375,A,2024,2024-09-17,2024-10-01,10318.63,,Open
CLM-001376,A,2024,2024-12-17,2024-12-25,8437.92,,Open
CLM-001377,A,2024,2024-05-10,2024-06-08,6315.32,2025-07-16,Closed
CLM-001378,A,2024,2024-06-29,2024-07-10,7085.13,,Open
CLM-001379,A,2024,2024-05-19,2024-07-01,20122.5,,Open
CLM-001380,A,2024,2024-01-16,2024-01-24,7387.54,2025-12-28,Closed
CLM-001381,A,2024,2024-05-22,2024-06-12,5434.05,,Open
CLM-001382,A,2024,2024-04-05,2024-05-19,4768.89,2025-01-31,Closed
CLM-001383,A,2024,2024-06-24,2024-06-28,4808.52,2024-12-09,Closed
CLM-001384,A,2024,2024-02-27,2024-05-19,2501.62,2025-06-14,Closed
CLM-001385,A,2024,2024-09-28,2024-10-12,4132.75,2025-07-29,Closed
CLM-001386,A,2024,2024-11-04,2024-11-26,23362.68,,Open
CLM-001387,A,2024,2024-12-17,2025-01-15,6282.72,,Open
CLM-001388,A,2024,2024-02-01,2024-03-05,12673.76,2024-11-15,Closed
CLM-001389,A,2024,2024-02-13,2024-03-08,1091.56,2024-09-09,Closed
CLM-001390,A,2024,2024-12-19,2025-01-28,11412.38,,Open
CLM-001391,A,2024,2024-11-06,2024-12-04,6505.54,2025-08-09,Closed
CLM-001392,A,2024,2024-08-03,2024-10-10,5084.0,2025-03-30,Closed
CLM-001393,A,2024,2024-04-27,2024-05-25,8468.31,2025-05-22,Closed
CLM-001394,A,2024,2024-07-08,2024-09-25,5027.98,,Open
CLM-001395,A,2024,2024-07-15,2024-08-21,1434.72,,Open
CLM-001396,A,2024,2024-11-06,2024-11-11,14989.17,,Open
CLM-001397,A,2024,2024-07-12,2024-11-13,8882.94,,Open
CLM-001398,A,2024,2024-01-11,2024-01-24,5784.13,2024-07-23,Closed
CLM-001399,A,2024,2024-09-13,2024-11-08,3499.82,,Open
CLM-001400,A,2024,2024-10-11,2024-10-31,2374.4,,Open
CLM-001401,A,2024,2024-04-19,2024-05-31,8753.04,,Open
CLM-001402,A,2024,2024-02-12,2024-02-24,25527.03,,Open
CLM-001403,A,2024,2024-02-22,2024-03-23,8614.4,,Open
CLM-001404,A,2024,2024-11-03,2024-11-19,2539.16,2025-12-17,Closed
CLM-001405,A,2024,2024-06-12,2024-08-11,8761.29,,Open
CLM-001406,A,2024,2024-07-12,2024-08-08,7069.94,2025-07-08,Closed
CLM-001407,A,2024,2024-12-17,2025-01-24,14331.99,,Open
CLM-001408,A,2024,2024-01-23,2024-01-27,11755.18,,Open
CLM-001409,A,2024,2024-03-16,2024-04-03,738.62,2025-11-11,Closed
CLM-001410,A,2024,2024-10-31,2024-11-26,11211.37,,Open
CLM-001411,A,2024,2024-07-16,2024-08-08,3400.71,,Open
CLM-001412,A,2024,2024-01-10,2024-02-18,2464.07,,Open
CLM-001413,A,2024,2024-09-14,2024-09-29,6371.05,,Open
CLM-001414,A,2024,2024-02-20,2024-03-11,10109.78,2025-05-03,Closed
CLM-001415,A,2024,2024-10-13,2024-11-27,2081.57,,Open
CLM-001416,A,2024,2024-10-19,2024-10-23,12675.36,,Open
CLM-001417,A,2024,2024-10-28,2024-11-27,13262.28,,Open
CLM-001418,A,2024,2024-06-19,2024-07-04,7637.92,,Open
CLM-001419,A,2024,2024-04-08,2024-04-18,3775.87,2025-05-28,Closed
CLM-001420,A,2024,2024-11-18,2024-12-13,3464.43,,Open
CLM-001421,A,2024,2024-07-23,2024-09-08,16235.39,2025-11-26,Closed
CLM-001422,A,2024,2024-08-20,2024-09-30,2299.94,,Open
CLM-001423,A,2024,2024-02-19,2024-03-08,16724.56,2025-05-24,Closed
CLM-001424,A,2024,2024-08-16,2024-09-21,6486.3,,Open
CLM-001425,A,2024,2024-07-31,2024-09-05,6842.29,,Open
CLM-001426,A,2024,2024-04-16,2024-05-04,1976.33,2025-01-08,Closed
CLM-001427,A,2024,2024-10-07,2024-10-19,6579.3,,Open
CLM-001428,A,2024,2024-02-18,2024-03-01,11817.39,,Open
CLM-001429,A,2024,2024-09-20,2024-10-25,2631.45,,Open
CLM-001430,A,2024,2024-12-17,2025-01-05,10816.03,,Open
CLM-001431,A,2024,2024-07-26,2024-08-04,7889.28,2025-01-25,Closed
CLM-001432,A,2024,2024-02-08,2024-02-14,4486.49,2024-12-22,Closed
CLM-001433,A,2024,2024-07-21,2024-08-25,14228.92,,Open
CLM-001434,A,2024,2024-07-12,2024-07-25,1350.66,,Open
CLM-001435,A,2024,2024-07-21,2024-08-15,9621.32,,Open
CLM-001436,A,2024,2024-04-09,2024-05-26,25645.16,2025-06-03,Closed
CLM-001437,A,2024,2024-08-17,2024-08-25,22333.69,,Open
CLM-001438,A,2024,2024-04-06,2024-04-25,9946.3,2024-09-17,Closed
CLM-001439,A,2024,2024-07-23,2024-08-09,5839.02,,Open
CLM-001440,A,2024,2024-08-05,2024-08-31,4514.06,,Open
CLM-001441,A,2024,2024-08-24,2024-10-10,5833.43,,Open
CLM-001442,A,2024,2024-10-19,2024-10-26,11198.99,2025-07-04,Closed
CLM-001443,A,2024,2024-11-19,2024-12-18,3955.63,,Open
CLM-001444,A,2024,2024-10-11,2024-11-21,13201.99,,Open
CLM-001445,A,2024,2024-10-18,2024-11-04,38094.35,,Open
CLM-001446,A,2024,2024-11-13,2024-12-01,7023.59,2025-12-15,Closed
CLM-001447,A,2024,2024-03-29,2024-04-24,2615.32,2025-07-02,Closed
CLM-001448,A,2024,2024-04-17,2024-05-12,2614.61,2025-06-12,Closed
CLM-001449,A,2024,2024-07-14,2024-08-13,13398.09,,Open
CLM-001450,A,2024,2024-06-19,2024-07-18,7035.16,,Open
CLM-001451,A,2024,2024-09-13,2024-09-23,14473.86,,Open
CLM-001452,A,2024,2024-01-04,2024-02-13,4883.66,,Open
CLM-001453,A,2024,2024-02-20,2024-04-05,13967.76,,Open
CLM-001454,A,2024,2024-09-30,2024-10-22,6520.86,2025-08-08,Closed
CLM-001455,A,2024,2024-10-27,2024-11-03,4190.04,,Open
CLM-001456,A,2024,2024-04-20,2024-05-08,5408.98,,Open
CLM-001457,A,2024,2024-04-23,2024-05-15,2929.63,2025-09-02,Closed
CLM-001458,A,2024,2024-07-24,2024-08-01,34100.07,2025-01-05,Closed
CLM-001459,A,2024,2024-06-23,2024-07-08,6839.4,2025-02-18,Closed
CLM-001460,A,2024,2024-03-02,2024-03-09,12102.3,2025-03-15,Closed
CLM-001461,A,2024,2024-07-02,2024-08-01,4871.51,,Open
CLM-001462,A,2024,2024-10-26,2024-11-17,3276.14,,Open
CLM-001463,A,2024,2024-09-24,2024-09-30,6152.07,,Open
CLM-001464,A,2024,2024-10-26,2024-11-20,17204.39,,Open
CLM-001465,A,2024,2024-08-23,2024-09-11,4932.44,,Open
CLM-001466,A,2024,2024-11-17,2024-12-15,3767.42,2025-10-01,Closed
CLM-001467,A,2024,2024-04-01,2024-04-16,8303.62,,Open
CLM-001468,A,2024,2024-01-17,2024-01-28,10819.25,,Open
CLM-001469,A,2024,2024-02-11,2024-02-22,26111.86,,Open
CLM-001470,A,2024,2024-12-29,2025-01-11,50019.69,,Open
CLM-001471,A,2024,2024-08-22,2024-09-11,12097.44,,Open
CLM-001472,A,2024,2024-03-31,2024-04-22,12819.69,,Open
CLM-001473,A,2024,2024-11-08,2024-11-25,3030.72,,Open
CLM-001474,A,2024,2024-04-23,2024-05-07,3507.52,,Open
CLM-001475,A,2024,2024-08-06,2024-08-21,3196.45,,Open
CLM-001476,A,2024,2024-04-01,2024-07-25,2640.11,2025-05-25,Closed
CLM-001477,A,2024,2024-02-04,2024-02-15,13594.51,2025-05-07,Closed
CLM-001478,A,2024,2024-04-07,2024-04-20,9210.65,2025-08-12,Closed
CLM-001479,A,2024,2024-03-24,2024-10-10,7831.67,,Open
CLM-001480,A,2024,2024-07-21,2024-08-16,999.83,,Open
CLM-001481,A,2024,2024-01-08,2024-01-15,35881.72,2025-10-27,Closed
CLM-001482,A,2024,2024-03-28,2024-05-03,3699.15,,Open
CLM-001483,A,2024,2024-07-26,2024-08-05,35780.59,2025-09-09,Closed
CLM-001484,A,2024,2024-05-24,2024-06-30,2412.4,,Open
CLM-001485,A,2024,2024-08-20,2024-09-06,3939.95,,Open
CLM-001486,A,2024,2024-08-27,2024-09-10,1350.04,,Open
CLM-001487,A,2024,2024-12-19,2025-02-18,9736.46,2025-11-28,Closed
CLM-001488,A,2024,2024-11-01,2024-11-30,3153.99,,Open
CLM-001489,A,2024,2024-03-24,2024-05-02,3223.39,2025-08-26,Closed
CLM-001490,A,2024,2024-09-10,2024-10-07,2559.28,,Open
CLM-001491,A,2024,2024-08-17,2024-08-31,13406.24,2025-10-21,Closed
CLM-001492,A,2024,2024-08-05,2024-09-04,12742.79,,Open
CLM-001493,A,2024,2024-10-19,2024-12-04,29746.44,,Open
CLM-001494,A,2024,2024-02-24,2024-03-16,4343.83,2025-09-03,Closed
CLM-001495,A,2024,2024-05-17,2024-07-26,8718.9,,Open
CLM-001496,A,2024,2024-10-25,2024-11-30,2728.62,,Open
CLM-001497,A,2024,2024-11-22,2024-12-15,5690.9,,Open
CLM-001498,A,2024,2024-01-14,2024-02-06,4939.61,,Open
CLM-001499,A,2024,2024-06-21,2024-07-13,10534.93,,Open
CLM-001500,A,2024,2024-04-06,2024-04-14,16124.34,,Open
CLM-001501,A,2024,2024-03-02,2024-03-20,15805.17,2025-08-18,Closed
CLM-001502,A,2024,2024-01-21,2024-02-13,3848.73,2025-09-25,Closed
CLM-001503,A,2024,2024-07-15,2024-07-29,15895.53,,Open
CLM-001504,A,2024,2024-09-01,2024-09-26,7120.54,,Open
CLM-001505,A,2024,2024-07-13,2024-08-02,5736.86,,Open
CLM-001506,A,2024,2024-05-14,2024-06-17,16318.3,,Open
CLM-001507,A,2024,2024-10-09,2024-11-09,4785.72,,Open
CLM-001508,A,2024,2024-08-26,2024-09-17,28191.08,,Open
CLM-001509,A,2024,2024-11-28,2024-12-05,9334.64,,Open
CLM-001510,A,2024,2024-05-07,2024-07-16,8427.0,,Open
CLM-001511,A,2024,2024-03-28,2024-04-15,6019.1,2025-04-04,Closed
CLM-001512,A,2024,2024-06-15,2024-07-03,48473.76,2024-11-18,Closed
CLM-001513,A,2024,2024-07-04,2024-07-19,20128.99,2024-12-02,Closed
CLM-001514,A,2024,2024-06-16,2024-06-30,4227.13,,Open
CLM-001515,A,2024,2024-10-31,2024-12-28,5966.63,,Open
CLM-001516,A,2024,2024-01-17,2024-03-09,6245.83,2025-04-15,Closed
CLM-001517,A,2024,2024-07-12,2024-08-08,8242.49,,Open
CLM-001518,A,2024,2024-06-06,2024-06-24,4292.21,2025-08-20,Closed
CLM-001519,A,2024,2024-03-18,2024-04-17,10328.96,2024-12-13,Closed
CLM-001520,A,2024,2024-08-22,2024-09-12,22543.61,2025-11-06,Closed
CLM-001521,A,2024,2024-10-20,2024-11-06,2678.04,,Open
CLM-001522,A,2024,2024-07-18,2024-08-12,3089.33,,Open
CLM-001523,A,2024,2024-02-01,2024-02-15,5077.28,2024-11-30,Closed
CLM-001524,A,2024,2024-01-28,2024-02-20,5261.88,2024-09-15,Closed
CLM-001525,A,2024,2024-06-03,2024-06-26,34340.1,,Open
CLM-001526,A,2024,2024-09-01,2024-10-01,15935.27,,Open
CLM-001527,A,2024,2024-04-24,2024-05-06,15246.21,,Open
CLM-001528,A,2024,2024-04-23,2024-05-25,6009.29,,Open
CLM-001529,A,2024,2024-11-10,2024-11-20,5908.55,,Open
CLM-001530,A,2024,2024-01-06,2024-01-19,2407.83,,Open
CLM-001531,A,2024,2024-01-30,2024-02-12,13451.6,,Open
CLM-001532,A,2024,2024-02-26,2024-03-06,10753.05,,Open
CLM-001533,A,2024,2024-12-25,2025-02-03,19836.34,,Open
CLM-001534,A,2024,2024-07-01,2024-07-11,6262.28,2025-09-20,Closed
CLM-001535,A,2024,2024-02-27,2024-03-10,6604.37,2024-09-20,Closed
CLM-001536,A,2024,2024-04-23,2024-06-10,8397.41,2024-11-03,Closed
CLM-001537,A,2024,2024-12-20,2025-01-02,14642.81,,Open
CLM-001538,A,2024,2024-09-11,2024-09-28,2373.74,2025-03-06,Closed
CLM-001539,A,2024,2024-03-22,2024-03-31,12986.47,2025-06-18,Closed
CLM-001540,A,2024,2024-03-29,2024-05-03,7251.11,2025-09-28,Closed
CLM-001541,A,2024,2024-01-28,2024-03-04,3259.25,2025-02-10,Closed
CLM-001542,A,2024,2024-10-09,2024-11-11,1478.78,,Open
CLM-001543,A,2024,2024-02-20,2024-03-20,6631.42,2025-08-08,Closed
CLM-001544,A,2024,2024-04-14,2024-05-05,22467.76,2025-06-26,Closed
CLM-001545,A,2024,2024-05-07,2024-05-20,26760.11,2025-09-30,Closed
CLM-001546,A,2024,2024-08-15,2024-08-26,9685.98,,Open
CLM-001547,A,2024,2024-08-09,2024-09-27,33389.09,,Open
CLM-001548,A,2024,2024-10-19,2024-11-22,7126.82,2025-10-22,Closed
CLM-001549,A,2024,2024-04-18,2024-04-30,15352.05,,Open
CLM-001550,A,2024,2024-05-21,2024-06-10,5203.69,2025-06-29,Closed
CLM-001551,A,2024,2024-05-22,2024-06-07,4955.79,2025-04-07,Closed
CLM-001552,A,2024,2024-01-18,2024-01-27,4371.35,,Open
CLM-001553,A,2024,2024-09-26,2024-10-18,1506.46,,Open
CLM-001554,A,2024,2024-07-14,2024-07-28,19853.08,2025-08-13,Closed
CLM-001555,A,2024,2024-06-23,2024-07-03,4493.83,2025-07-16,Closed
CLM-001556,A,2024,2024-12-30,2025-01-06,3973.36,2025-05-15,Closed
CLM-001557,A,2024,2024-03-06,2024-03-12,2968.44,,Open
CLM-001558,A,2024,2024-12-20,2025-01-04,6293.57,,Open
CLM-001559,A,2024,2024-09-06,2024-09-24,28654.74,,Open
CLM-001560,A,2024,2024-03-21,2024-03-31,36956.12,,Open
CLM-001561,A,2024,2024-09-05,2024-10-06,2049.54,,Open
CLM-001562,A,2024,2024-10-03,2024-10-22,5606.45,,Open
CLM-001563,A,2024,2024-05-12,2024-06-10,3320.78,,Open
CLM-001564,A,2024,2024-05-06,2024-05-23,15771.98,,Open
CLM-001565,A,2024,2024-11-01,2024-11-12,9186.16,,Open
CLM-001566,A,2024,2024-02-28,2024-03-20,4511.39,2025-09-28,Closed
CLM-001567,A,2024,2024-01-05,2024-01-13,7790.01,2025-09-21,Closed
CLM-001568,A,2024,2024-08-31,2024-09-29,5099.78,,Open
CLM-001569,A,2024,2024-11-27,2024-12-07,25542.87,2025-04-23,Closed
CLM-001570,A,2024,2024-07-02,2024-08-09,11226.21,2025-12-31,Closed
CLM-001571,A,2024,2024-02-19,2024-03-05,12340.55,2025-09-06,Closed
CLM-001572,A,2024,2024-07-16,2024-08-27,944.29,,Open
CLM-001573,A,2024,2024-04-02,2024-04-11,6997.1,,Open
CLM-001574,A,2024,2024-10-29,2024-11-10,36656.51,,Open
CLM-001575,A,2024,2024-08-12,2024-09-07,20459.11,2025-05-27,Closed
CLM-001576,A,2024,2024-05-03,2024-06-17,1775.66,,Open
CLM-001577,A,2024,2024-08-16,2024-10-19,5786.44,,Open
CLM-001578,A,2024,2024-09-01,2024-09-21,2919.58,2025-05-24,Closed
CLM-001579,A,2024,2024-09-05,2024-11-16,27521.39,,Open
CLM-001580,A,2024,2024-05-14,2024-05-30,8891.57,,Open
CLM-001581,A,2024,2024-07-27,2024-09-08,4077.67,,Open
CLM-001582,A,2024,2024-01-16,2024-01-26,7562.88,2025-11-09,Closed
CLM-001583,A,2024,2024-05-27,2024-06-22,988.61,,Open
CLM-001584,A,2024,2024-05-18,2024-05-21,3193.83,,Open
CLM-001585,A,2024,2024-07-14,2024-07-23,7576.21,2025-04-30,Closed
CLM-001586,A,2024,2024-12-13,2025-01-09,14130.64,2025-12-08,Closed
CLM-001587,A,2024,2024-12-14,2024-12-21,1651.35,,Open
CLM-001588,A,2024,2024-06-25,2024-07-21,5492.29,,Open
CLM-001589,A,2024,2024-08-24,2024-09-30,16033.48,,Open
CLM-001590,A,2024,2024-02-09,2024-02-23,2408.3,2024-10-05,Closed
CLM-001591,A,2024,2024-06-25,2024-07-05,8788.78,,Open
CLM-001592,A,2024,2024-09-08,2024-09-22,7750.52,,Open
CLM-001593,A,2024,2024-09-06,2024-09-16,27590.99,,Open
CLM-001594,A,2024,2024-12-18,2025-01-05,6169.84,,Open
CLM-001595,A,2024,2024-06-19,2024-07-10,6454.39,2025-04-25,Closed
CLM-001596,A,2024,2024-11-28,2024-12-14,14232.06,,Open
CLM-001597,A,2024,2024-12-24,2025-02-26,2651.92,,Open
CLM-001598,A,2024,2024-07-28,2024-08-09,6213.97,,Open
CLM-001599,A,2024,2024-02-03,2024-03-26,5185.71,,Open
CLM-001600,A,2024,2024-05-17,2024-05-26,6618.98,2025-08-26,Closed
CLM-001601,A,2024,2024-10-06,2024-10-27,14160.4,,Open
CLM-001602,A,2024,2024-07-31,2024-09-14,11288.66,,Open
CLM-001603,A,2024,2024-12-08,2025-01-21,4138.15,,Open
CLM-001604,A,2024,2024-10-25,2024-11-08,8184.46,2025-08-20,Closed
CLM-001605,A,2024,2024-01-24,2024-02-22,23219.54,2024-05-01,Closed
CLM-001606,A,2024,2024-11-11,2024-12-07,3882.81,,Open
CLM-001607,A,2024,2024-05-10,2024-05-23,8238.02,2025-09-27,Closed
CLM-001608,A,2024,2024-10-26,2024-11-25,6348.09,2025-09-09,Closed
CLM-001609,A,2024,2024-07-04,2024-09-15,7017.52,2025-07-04,Closed
CLM-001610,A,2024,2024-06-15,2024-07-12,2097.79,2025-02-26,Closed
CLM-001611,A,2024,2024-01-27,2024-02-25,21837.3,2025-05-12,Closed
CLM-001612,A,2024,2024-02-13,2024-03-16,4057.13,,Open
CLM-001613,A,2024,2024-08-05,2024-08-12,16237.14,,Open
CLM-001614,A,2024,2024-07-27,2024-08-23,4564.5,,Open
CLM-001615,A,2024,2024-07-22,2024-07-31,4550.01,2025-03-19,Closed
CLM-001616,A,2024,2024-02-27,2024-03-11,18753.54,2025-09-20,Closed
CLM-001617,A,2024,2024-07-05,2024-10-03,15839.51,,Open
CLM-001618,A,2024,2024-01-23,2024-02-08,8650.97,,Open
CLM-001619,A,2024,2024-02-22,2024-03-04,13239.94,,Open
CLM-001620,A,2024,2024-07-01,2024-08-14,5898.37,2025-09-28,Closed
CLM-001621,A,2024,2024-08-13,2024-08-23,8218.6,,Open
CLM-001622,A,2024,2024-08-27,2024-09-10,4425.16,2025-01-21,Closed
CLM-001623,A,2024,2024-12-25,2025-02-10,14780.69,,Open
CLM-001624,A,2024,2024-11-08,2024-11-28,4318.12,2025-09-24,Closed
CLM-001625,A,2024,2024-05-18,2024-05-24,23125.2,,Open
CLM-001626,A,2024,2024-10-13,2024-11-11,5775.71,,Open
CLM-001627,A,2024,2024-02-05,2024-02-20,7483.78,,Open
CLM-001628,A,2024,2024-11-09,2025-01-06,13215.26,,Open
CLM-001629,A,2024,2024-05-21,2024-06-03,7503.15,,Open
CLM-001630,A,2024,2024-10-05,2024-11-15,5856.01,2025-06-20,Closed
CLM-001631,A,2024,2024-12-21,2025-02-28,7198.08,,Open
CLM-001632,A,2024,2024-09-14,2024-09-25,14664.49,,Open
CLM-001633,A,2024,2024-12-02,2024-12-19,4420.98,,Open
CLM-001634,A,2024,2024-01-04,2024-01-30,6683.91,2024-11-24,Closed
CLM-001635,A,2024,2024-03-03,2024-03-13,7425.09,2025-10-05,Closed
CLM-001636,A,2024,2024-08-17,2024-09-10,14337.97,,Open
CLM-001637,A,2024,2024-07-16,2024-08-02,6821.18,,Open
CLM-001638,A,2024,2024-02-14,2024-03-01,29660.99,2025-10-30,Closed
CLM-001639,A,2024,2024-09-19,2024-10-09,6529.71,,Open
CLM-001640,A,2024,2024-01-22,2024-02-12,6134.07,2025-10-14,Closed
CLM-001641,A,2025,2025-03-03,2025-03-24,11121.54,,Open
CLM-001642,A,2025,2025-10-08,2025-10-23,16309.74,,Open
CLM-001643,A,2025,2025-05-19,2025-06-06,6609.61,,Open
CLM-001644,A,2025,2025-04-18,2025-04-19,6840.64,,Open
CLM-001645,A,2025,2025-01-22,2025-02-11,2785.37,,Open
CLM-001646,A,2025,2025-10-16,2025-11-05,6638.88,,Open
CLM-001647,A,2025,2025-05-25,2025-07-05,2940.91,,Open
CLM-001648,A,2025,2025-04-07,2025-05-27,1872.19,2025-09-17,Closed
CLM-001649,A,2025,2025-11-05,2025-11-22,3368.92,,Open
CLM-001650,A,2025,2025-01-08,2025-02-12,24843.28,,Open
CLM-001651,A,2025,2025-06-21,2025-06-30,6309.62,,Open
CLM-001652,A,2025,2025-02-28,2025-04-03,9205.94,,Open
CLM-001653,A,2025,2025-02-16,2025-03-01,5232.81,,Open
CLM-001654,A,2025,2025-01-08,2025-01-16,1956.7,,Open
CLM-001655,A,2025,2025-03-10,2025-03-27,15983.36,,Open
CLM-001656,A,2025,2025-12-12,2026-02-03,1458.32,,Open
CLM-001657,A,2025,2025-06-12,2025-07-04,5068.97,,Open
CLM-001658,A,2025,2025-12-31,2026-02-26,7451.49,,Open
CLM-001659,A,2025,2025-04-08,2025-04-19,9281.5,,Open
CLM-001660,A,2025,2025-10-06,2025-11-16,4441.09,,Open
CLM-001661,A,2025,2025-02-02,2025-02-14,1886.54,,Open
CLM-001662,A,2025,2025-02-09,2025-03-04,4193.01,2025-07-01,Closed
CLM-001663,A,2025,2025-01-06,2025-01-29,4365.49,,Open
CLM-001664,A,2025,2025-11-25,2025-12-26,4284.42,,Open
CLM-001665,A,2025,2025-09-03,2025-09-26,16406.8,,Open
CLM-001666,A,2025,2025-09-29,2025-10-10,3051.62,,Open
CLM-001667,A,2025,2025-12-05,2026-01-11,9799.38,,Open
CLM-001668,A,2025,2025-05-02,2025-07-08,8779.46,,Open
CLM-001669,A,2025,2025-09-21,2025-10-04,16285.88,,Open
CLM-001670,A,2025,2025-07-03,2025-07-08,7014.18,,Open
CLM-001671,A,2025,2025-07-18,2025-08-15,14294.46,,Open
CLM-001672,A,2025,2025-08-30,2025-09-14,6806.14,,Open
CLM-001673,A,2025,2025-06-21,2025-07-09,10859.98,,Open
CLM-001674,A,2025,2025-01-09,2025-02-07,2441.96,,Open
CLM-001675,A,2025,2025-01-28,2025-02-11,1018.44,2025-09-21,Closed
CLM-001676,A,2025,2025-07-03,2025-07-19,10394.72,,Open
CLM-001677,A,2025,2025-07-28,2025-08-15,10833.17,,Open
CLM-001678,A,2025,2025-09-25,2025-11-19,11209.38,,Open
CLM-001679,A,2025,2025-07-28,2025-08-17,5186.91,,Open
CLM-001680,A,2025,2025-03-10,2025-03-18,24483.05,,Open
CLM-001681,A,2025,2025-05-14,2025-05-22,5453.45,,Open
CLM-001682,A,2025,2025-06-11,2025-07-03,10747.52,,Open
CLM-001683,A,2025,2025-12-26,2026-01-04,12286.69,,Open
CLM-001684,A,2025,2025-07-14,2025-07-20,29206.41,,Open
CLM-001685,A,2025,2025-08-20,2025-09-20,6087.77,,Open
CLM-001686,A,2025,2025-09-26,2025-10-28,4698.97,,Open
CLM-001687,A,2025,2025-05-13,2025-05-28,2451.0,,Open
CLM-001688,A,2025,2025-12-19,2026-01-12,25693.42,,Open
CLM-001689,A,2025,2025-09-04,2025-09-26,10751.93,,Open
CLM-001690,A,2025,2025-11-06,2025-12-06,11017.28,,Open
CLM-001691,A,2025,2025-10-01,2025-10-31,85730.44,,Open
CLM-001692,A,2025,2025-08-15,2025-08-18,9982.73,,Open
CLM-001693,A,2025,2025-01-12,2025-01-28,2850.04,,Open
CLM-001694,A,2025,2025-08-02,2025-08-30,6683.1,,Open
CLM-001695,A,2025,2025-02-17,2025-03-04,3667.94,,Open
CLM-001696,A,2025,2025-08-09,2025-08-29,5729.07,,Open
CLM-001697,A,2025,2025-09-14,2025-10-17,5699.49,,Open
CLM-001698,A,2025,2025-07-18,2025-08-08,4944.67,,Open
CLM-001699,A,2025,2025-04-23,2025-06-19,2657.19,,Open
CLM-001700,A,2025,2025-01-22,2025-03-07,26500.13,,Open
CLM-001701,A,2025,2025-09-02,2025-09-20,9783.31,,Open
CLM-001702,A,2025,2025-09-12,2025-09-29,6532.61,,Open
CLM-001703,A,2025,2025-06-24,2025-06-26,13930.39,,Open
CLM-001704,A,2025,2025-09-19,2025-10-04,11171.15,,Open
CLM-001705,A,2025,2025-10-12,2025-10-19,9610.35,,Open
CLM-001706,A,2025,2025-07-07,2025-07-30,13172.35,,Open
CLM-001707,A,2025,2025-01-18,2025-02-09,8616.24,,Open
CLM-001708,A,2025,2025-11-14,2025-12-16,13023.28,,Open
CLM-001709,A,2025,2025-06-20,2025-08-12,13881.92,,Open
CLM-001710,A,2025,2025-09-03,2025-09-22,8809.41,,Open
CLM-001711,A,2025,2025-11-29,2026-03-07,6558.21,,Open
CLM-001712,A,2025,2025-05-13,2025-06-05,25262.28,,Open
CLM-001713,A,2025,2025-08-16,2025-08-23,5378.26,,Open
CLM-001714,A,2025,2025-01-08,2025-01-21,10505.53,,Open
CLM-001715,A,2025,2025-11-20,2025-12-05,10689.97,,Open
CLM-001716,A,2025,2025-01-22,2025-02-21,4859.59,,Open
CLM-001717,A,2025,2025-07-17,2025-07-27,4171.33,,Open
CLM-001718,A,2025,2025-05-09,2025-05-25,5917.52,,Open
CLM-001719,A,2025,2025-01-14,2025-01-31,5319.28,,Open
CLM-001720,A,2025,2025-06-18,2025-07-02,2527.72,,Open
CLM-001721,A,2025,2025-12-08,2026-01-12,4705.11,,Open
CLM-001722,A,2025,2025-03-02,2025-04-02,9540.51,,Open
CLM-001723,A,2025,2025-04-17,2025-06-01,20606.56,2025-09-21,Closed
CLM-001724,A,2025,2025-03-11,2025-03-26,11911.65,,Open
CLM-001725,A,2025,2025-02-15,2025-04-02,1049.3,,Open
CLM-001726,A,2025,2025-03-26,2025-04-02,12736.39,,Open
CLM-001727,A,2025,2025-07-28,2025-08-04,5055.87,,Open
CLM-001728,A,2025,2025-10-12,2025-10-20,11017.44,,Open
CLM-001729,A,2025,2025-09-09,2025-09-29,7687.49,,Open
CLM-001730,A,2025,2025-10-09,2025-11-24,6699.68,,Open
CLM-001731,A,2025,2025-09-19,2025-10-02,7183.11,,Open
CLM-001732,A,2025,2025-05-20,2025-06-03,7638.56,,Open
CLM-001733,A,2025,2025-11-25,2025-12-12,21890.36,,Open
CLM-001734,A,2025,2025-03-04,2025-04-02,7654.84,,Open
CLM-001735,A,2025,2025-09-13,2025-09-27,17933.05,,Open
CLM-001736,A,2025,2025-02-10,2025-02-23,16030.13,,Open
CLM-001737,A,2025,2025-10-07,2025-10-14,12991.46,,Open
CLM-001738,A,2025,2025-02-01,2025-02-14,1962.64,,Open
CLM-001739,A,2025,2025-03-20,2025-05-04,18367.79,,Open
CLM-001740,A,2025,2025-05-23,2025-06-13,5461.76,,Open
CLM-001741,A,2025,2025-09-11,2025-09-22,15446.890000000001,,Open
CLM-001742,A,2025,2025-01-17,2025-03-05,3674.3,,Open
CLM-001743,A,2025,2025-04-04,2025-04-17,3119.42,,Open
CLM-001744,A,2025,2025-05-02,2025-06-25,35617.92,,Open
CLM-001745,A,2025,2025-09-24,2025-11-16,3718.57,,Open
CLM-001746,A,2025,2025-12-17,2026-01-06,18789.57,,Open
CLM-001747,A,2025,2025-08-13,2025-08-20,8513.89,,Open
CLM-001748,A,2025,2025-07-05,2025-10-12,5623.04,,Open
CLM-001749,A,2025,2025-05-03,2025-05-29,7507.87,,Open
CLM-001750,A,2025,2025-10-28,2025-11-12,2852.74,,Open
CLM-001751,A,2025,2025-02-09,2025-03-20,7689.74,,Open
CLM-001752,A,2025,2025-02-17,2025-03-21,3375.26,,Open
CLM-001753,A,2025,2025-03-15,2025-05-04,5730.95,,Open
CLM-001754,A,2025,2025-04-08,2025-04-20,15850.79,2025-11-03,Closed
CLM-001755,A,2025,2025-06-18,2025-07-12,9452.5,,Open
CLM-001756,A,2025,2025-12-12,2025-12-20,2481.34,,Open
CLM-001757,A,2025,2025-08-26,2025-09-26,14974.72,,Open
CLM-001758,A,2025,2025-05-20,2025-06-08,7729.26,,Open
CLM-001759,A,2025,2025-03-19,2025-04-12,5118.44,2025-12-08,Closed
CLM-001760,A,2025,2025-08-25,2025-09-12,13813.27,,Open
CLM-001761,A,2025,2025-04-03,2025-04-19,6832.47,,Open
CLM-001762,A,2025,2025-12-23,2026-01-02,3166.41,,Open
CLM-001763,A,2025,2025-06-24,2025-07-28,32259.34,,Open
CLM-001764,A,2025,2025-07-21,2025-09-15,7668.84,,Open
CLM-001765,A,2025,2025-11-26,2025-12-09,7299.4,,Open
CLM-001766,A,2025,2025-04-22,2025-05-21,5688.46,,Open
CLM-001767,A,2025,2025-06-22,2025-07-19,19286.06,,Open
CLM-001768,A,2025,2025-07-14,2025-08-03,5187.13,,Open
CLM-001769,A,2025,2025-04-09,2025-04-15,2364.15,,Open
CLM-001770,A,2025,2025-01-20,2025-01-28,4607.62,,Open
CLM-001771,A,2025,2025-04-14,2025-04-25,21595.09,,Open
CLM-001772,A,2025,2025-02-11,2025-02-15,14753.12,,Open
CLM-001773,A,2025,2025-09-04,2025-10-27,6385.62,,Open
CLM-001774,A,2025,2025-01-03,2025-01-28,22382.27,,Open
CLM-001775,A,2025,2025-04-26,2025-05-15,13826.74,,Open
CLM-001776,A,2025,2025-11-19,2025-11-23,6328.95,,Open
CLM-001777,A,2025,2025-07-27,2025-08-01,6839.3,,Open
CLM-001778,A,2025,2025-09-03,2025-09-22,10015.64,,Open
CLM-001779,A,2025,2025-09-02,2025-11-20,4094.72,,Open
CLM-001780,A,2025,2025-04-19,2025-05-01,7798.66,,Open
CLM-001781,A,2025,2025-08-19,2025-09-24,9856.42,,Open
CLM-001782,A,2025,2025-03-22,2025-04-05,2119.22,,Open
CLM-001783,A,2025,2025-08-20,2025-09-09,6717.08,,Open
CLM-001784,A,2025,2025-09-07,2025-10-23,6153.65,,Open
CLM-001785,A,2025,2025-11-16,2025-12-01,17156.54,,Open
CLM-001786,A,2025,2025-12-02,2025-12-14,1877.06,,Open
CLM-001787,A,2025,2025-01-09,2025-03-03,5792.8,,Open
CLM-001788,A,2025,2025-04-20,2025-05-10,5362.32,2025-09-20,Closed
CLM-001789,A,2025,2025-07-19,2025-08-30,16281.06,,Open
CLM-001790,A,2025,2025-04-28,2025-05-10,7515.29,,Open
CLM-001791,A,2025,2025-08-14,2025-10-06,30999.55,,Open
CLM-001792,A,2025,2025-11-08,2025-12-02,12943.19,,Open
CLM-001793,A,2025,2025-04-05,2025-05-02,5666.07,,Open
CLM-001794,A,2025,2025-11-23,2025-12-14,9347.28,,Open
CLM-001795,A,2025,2025-11-18,2025-12-02,5916.53,,Open
CLM-001796,A,2025,2025-11-30,2025-12-19,15066.22,,Open
CLM-001797,A,2025,2025-01-27,2025-02-10,2785.2,2025-06-18,Closed
CLM-001798,A,2025,2025-04-18,2025-05-27,4120.64,,Open
CLM-001799,A,2025,2025-02-15,2025-03-04,11039.61,,Open
CLM-001800,A,2025,2025-02-13,2025-02-20,19978.45,,Open
CLM-001801,A,2025,2025-01-20,2025-01-26,1425.26,,Open
CLM-001802,A,2025,2025-06-10,2025-06-15,22403.24,,Open
CLM-001803,A,2025,2025-02-01,2025-03-03,6976.44,,Open
CLM-001804,A,2025,2025-04-18,2025-04-26,1820.98,,Open
CLM-001805,A,2025,2025-12-25,2026-01-18,769.76,,Open
CLM-001806,A,2025,2025-11-19,2025-12-11,2392.72,,Open
CLM-001807,A,2025,2025-12-09,2025-12-28,7654.58,,Open
CLM-001808,A,2025,2025-01-14,2025-02-10,7387.0,2025-10-03,Closed
CLM-001809,A,2025,2025-08-30,2025-09-21,12657.14,,Open
CLM-001810,A,2025,2025-08-20,2025-08-23,5089.73,,Open
CLM-001811,A,2025,2025-02-18,2025-03-05,3310.12,,Open
CLM-001812,A,2025,2025-11-27,2025-12-23,5653.59,,Open
CLM-001813,A,2025,2025-05-28,2025-07-30,7975.47,,Open
CLM-001814,A,2025,2025-12-23,2026-02-26,9283.52,,Open
CLM-001815,A,2025,2025-02-11,2025-02-18,4231.71,,Open
CLM-001816,A,2025,2025-08-26,2025-09-10,15562.21,,Open
CLM-001817,A,2025,2025-02-17,2025-02-23,4815.47,,Open
CLM-001818,A,2025,2025-12-13,2026-02-08,3977.12,,Open
CLM-001819,A,2025,2025-08-10,2025-09-19,5117.62,,Open
CLM-001820,A,2025,2025-01-28,2025-02-22,17785.91,,Open
CLM-001821,A,2025,2025-03-20,2025-04-11,7015.99,,Open
CLM-001822,A,2025,2025-05-12,2025-07-03,4551.76,,Open
CLM-001823,A,2025,2025-01-05,2025-02-20,15860.66,,Open
CLM-001824,A,2025,2025-01-04,2025-02-17,40487.45,,Open
CLM-001825,A,2025,2025-12-04,2025-12-31,9133.93,,Open
CLM-001826,A,2025,2025-12-25,2026-01-09,20103.27,,Open
CLM-001827,A,2025,2025-07-15,2025-08-18,17262.72,,Open
CLM-001828,A,2025,2025-11-26,2025-12-31,4874.28,,Open
CLM-001829,A,2025,2025-08-28,2025-09-14,7932.73,,Open
CLM-001830,A,2025,2025-01-11,2025-01-26,2893.79,,Open
CLM-001831,A,2025,2025-09-18,2025-11-01,6636.73,,Open
CLM-001832,A,2025,2025-01-07,2025-03-12,4797.72,,Open
CLM-001833,A,2025,2025-10-26,2025-11-06,5698.19,,Open
CLM-001834,A,2025,2025-05-14,2025-05-30,4361.67,,Open
CLM-001835,A,2025,2025-02-21,2025-03-18,6229.76,,Open
CLM-001836,A,2025,2025-04-05,2025-05-03,11710.06,,Open
CLM-001837,A,2025,2025-09-07,2025-09-20,7088.26,,Open
CLM-001838,A,2025,2025-11-06,2026-01-19,1848.54,,Open
CLM-001839,A,2025,2025-07-28,2025-08-23,4374.37,,Open
CLM-001840,A,2025,2025-02-28,2025-03-29,2411.2,,Open
CLM-001841,A,2025,2025-11-25,2026-02-01,9379.03,,Open
CLM-001842,A,2025,2025-10-16,2025-10-30,11452.13,,Open
CLM-001843,A,2025,2025-05-30,2025-06-17,9469.68,,Open
CLM-001844,A,2025,2025-07-22,2025-07-30,4237.45,,Open
CLM-001845,A,2025,2025-12-18,2026-01-04,9399.23,,Open
CLM-001846,A,2025,2025-05-18,2025-05-25,5410.62,,Open
CLM-001847,A,2025,2025-01-10,2025-02-12,3234.04,2025-12-25,Closed
CLM-001848,A,2025,2025-02-23,2025-03-21,13762.86,,Open
CLM-001849,A,2025,2025-08-08,2025-08-24,14593.7,,Open
CLM-001850,A,2025,2025-12-31,2026-01-18,16141.51,,Open
CLM-001851,A,2025,2025-09-28,2025-11-01,4864.12,,Open
CLM-001852,A,2025,2025-08-14,2025-08-23,19277.1,,Open
CLM-001853,A,2025,2025-04-28,2025-05-21,5313.69,2025-11-03,Closed
CLM-001854,A,2025,2025-06-10,2025-07-12,12856.62,,Open
CLM-001855,A,2025,2025-01-15,2025-01-20,5243.23,,Open
CLM-001856,A,2025,2025-05-16,2025-06-17,6540.11,,Open
CLM-001857,A,2025,2025-08-16,2025-08-22,1203.83,,Open
CLM-001858,A,2025,2025-11-27,2025-12-15,6159.07,,Open
CLM-001859,A,2025,2025-12-03,2025-12-11,8336.53,,Open
CLM-001860,A,2025,2025-10-27,2025-12-20,5666.83,,Open
CLM-001861,A,2025,2025-01-08,2025-01-16,30061.14,2025-05-06,Closed
CLM-001862,A,2025,2025-10-24,2025-10-30,3174.22,,Open
CLM-001863,A,2025,2025-03-21,2025-04-11,5034.77,,Open
CLM-001864,A,2025,2025-08-13,2025-08-27,3870.87,,Open
CLM-001865,A,2025,2025-12-12,2025-12-18,5551.41,,Open
CLM-001866,A,2025,2025-11-21,2025-12-19,17200.8,,Open
CLM-001867,A,2025,2025-08-31,2025-09-04,24263.57,,Open
CLM-001868,A,2025,2025-04-20,2025-04-29,4529.8,,Open
CLM-001869,A,2025,2025-07-10,2025-07-23,4452.95,,Open
CLM-001870,A,2025,2025-09-14,2025-10-19,3187.29,,Open
CLM-001871,A,2025,2025-07-07,2025-08-25,21256.95,,Open
CLM-001872,A,2025,2025-05-28,2025-07-10,18429.75,,Open
CLM-001873,A,2025,2025-05-28,2025-06-14,7162.41,,Open
CLM-001874,A,2025,2025-08-07,2025-08-10,2651.43,,Open
CLM-001875,A,2025,2025-01-14,2025-02-09,2840.53,,Open
CLM-001876,A,2025,2025-12-31,2026-02-24,8863.25,,Open
CLM-001877,A,2025,2025-02-07,2025-03-26,11865.37,,Open
CLM-001878,A,2025,2025-12-26,2026-01-22,1582.46,,Open
CLM-001879,A,2025,2025-01-13,2025-01-21,32332.42,2025-10-11,Closed
CLM-001880,A,2025,2025-07-07,2025-07-20,27031.92,,Open
CLM-001881,A,2025,2025-06-02,2025-08-18,6572.8,,Open
CLM-001882,A,2025,2025-07-29,2025-08-05,24481.46,,Open
CLM-001883,A,2025,2025-06-08,2025-06-16,12812.58,,Open
CLM-001884,A,2025,2025-11-24,2026-01-01,3371.26,,Open
CLM-001885,A,2025,2025-01-07,2025-01-21,6203.07,2025-10-12,Closed
CLM-001886,A,2025,2025-12-26,2026-01-03,7038.19,,Open
CLM-001887,A,2025,2025-09-09,2025-11-06,3731.4,,Open
CLM-001888,A,2025,2025-10-12,2025-11-08,3681.85,,Open
CLM-001889,A,2025,2025-02-21,2025-03-08,24806.64,,Open
CLM-001890,A,2025,2025-01-24,2025-02-01,3660.66,,Open
CLM-001891,A,2025,2025-05-25,2025-08-16,17835.25,,Open
CLM-001892,A,2025,2025-04-28,2025-05-17,5552.61,,Open
CLM-001893,A,2025,2025-10-13,2025-12-05,7619.67,,Open
CLM-001894,A,2025,2025-11-24,2025-12-31,11980.23,,Open
CLM-001895,A,2025,2025-06-06,2025-06-19,4900.93,,Open
CLM-001896,A,2025,2025-10-08,2025-10-21,12036.28,,Open
CLM-001897,A,2025,2025-01-22,2025-03-18,1606.67,,Open
CLM-001898,A,2025,2025-09-28,2025-11-22,10904.53,,Open
CLM-001899,A,2025,2025-02-06,2025-02-11,1160.71,,Open
CLM-001900,A,2025,2025-09-01,2025-09-30,6525.69,,Open
CLM-001901,A,2025,2025-05-20,2025-06-07,15006.54,2025-12-21,Closed
CLM-001902,A,2025,2025-06-01,2025-06-10,12551.27,,Open
CLM-001903,A,2025,2025-04-11,2025-05-05,2858.64,,Open
CLM-001904,A,2025,2025-05-28,2025-06-04,3156.67,2025-11-09,Closed
CLM-001905,A,2025,2025-11-16,2025-11-30,4572.29,,Open
CLM-001906,A,2025,2025-10-23,2025-11-03,8970.31,,Open
CLM-001907,A,2025,2025-05-05,2025-05-19,1624.71,,Open
CLM-001908,A,2025,2025-04-18,2025-05-07,7692.89,,Open
CLM-001909,A,2025,2025-07-05,2025-07-14,9878.58,2025-12-30,Closed
CLM-001910,A,2025,2025-09-07,2025-11-06,6249.27,,Open
CLM-001911,A,2025,2025-03-08,2025-04-05,11647.89,2025-06-15,Closed
CLM-001912,A,2025,2025-09-23,2025-12-02,9233.25,,Open
CLM-001913,A,2025,2025-12-13,2025-12-30,5120.53,,Open
CLM-001914,A,2025,2025-11-05,2025-11-18,1749.06,,Open
CLM-001915,A,2025,2025-07-20,2025-09-26,8612.78,,Open
CLM-001916,A,2025,2025-04-27,2025-05-10,3729.78,,Open
CLM-001917,A,2025,2025-04-29,2025-05-16,4977.85,,Open
CLM-001918,A,2025,2025-09-28,2025-10-31,11240.69,,Open
CLM-001919,A,2025,2025-06-16,2025-06-24,23155.25,,Open
CLM-001920,A,2025,2025-02-08,2025-03-12,7547.11,,Open
CLM-001921,A,2025,2025-09-05,2025-10-05,11908.65,,Open
CLM-001922,A,2025,2025-02-20,2025-04-09,2554.44,,Open
CLM-001923,A,2025,2025-12-27,2026-02-02,9389.6,,Open
CLM-001924,A,2025,2025-06-02,2025-07-21,8260.4,,Open
CLM-001925,A,2025,2025-05-05,2025-05-23,20031.94,,Open
CLM-001926,A,2025,2025-01-21,2025-01-31,5125.25,,Open
CLM-001927,A,2025,2025-03-03,2025-05-29,6451.77,,Open
CLM-001928,A,2025,2025-12-12,2025-12-18,17567.71,,Open
CLM-001929,A,2025,2025-07-16,2025-07-23,7239.78,,Open
CLM-001930,A,2025,2025-11-26,2025-12-25,3308.08,,Open
CLM-001931,A,2025,2025-12-15,2026-02-15,55475.79,,Open
CLM-001932,A,2025,2025-01-18,2025-02-09,3386.06,,Open
CLM-001933,A,2025,2025-05-19,2025-06-28,7393.82,2025-12-14,Closed
CLM-001934,A,2025,2025-11-02,2025-11-06,10150.55,,Open
CLM-001935,A,2025,2025-06-30,2025-07-14,9550.77,,Open
CLM-001936,A,2025,2025-07-05,2025-07-10,6714.89,,Open
CLM-001937,A,2025,2025-07-28,2025-08-31,6740.71,,Open
CLM-001938,A,2025,2025-09-14,2025-09-20,6485.18,,Open
CLM-001939,A,2025,2025-12-09,2025-12-17,3694.61,,Open
CLM-001940,A,2025,2025-11-20,2025-12-18,40721.11,,Open
CLM-001941,A,2025,2025-08-17,2025-09-28,6560.25,,Open
CLM-001942,A,2025,2025-07-30,2025-08-16,12308.43,,Open
CLM-001943,A,2025,2025-05-12,2025-06-10,6005.68,,Open
CLM-001944,A,2025,2025-02-12,2025-03-13,5913.37,,Open
CLM-001945,A,2025,2025-09-16,2025-10-03,5472.11,,Open
CLM-001946,A,2025,2025-01-01,2025-01-10,2355.31,,Open
CLM-001947,A,2025,2025-09-12,2025-10-11,6867.22,,Open
CLM-001948,A,2025,2025-07-01,2025-07-31,5680.13,,Open
CLM-001949,A,2025,2025-10-15,2025-11-21,19161.07,,Open
CLM-001950,A,2025,2025-12-13,2026-01-06,3091.61,,Open
CLM-001951,A,2025,2025-07-21,2025-07-29,4982.43,,Open
CLM-001952,A,2025,2025-07-29,2025-08-30,3890.1,,Open
CLM-001953,A,2025,2025-06-27,2025-07-16,23609.05,,Open
CLM-001954,A,2025,2025-05-17,2025-05-31,3978.07,,Open
CLM-001955,A,2025,2025-02-02,2025-02-18,11984.43,,Open
CLM-001956,A,2025,2025-01-12,2025-01-24,16408.1,2025-10-06,Closed
CLM-001957,A,2025,2025-09-21,2025-10-28,6944.34,,Open
CLM-001958,A,2025,2025-11-30,2025-12-07,2691.12,,Open
CLM-001959,A,2025,2025-01-20,2025-01-29,2717.48,,Open
CLM-001960,A,2025,2025-04-30,2025-05-15,15070.49,,Open
CLM-001961,A,2025,2025-08-10,2025-10-10,2943.13,,Open
CLM-001962,A,2025,2025-09-15,2025-10-26,10511.3,,Open
CLM-001963,A,2025,2025-09-26,2025-10-02,8487.23,,Open
CLM-001964,A,2025,2025-09-11,2025-11-01,10391.4,2025-12-19,Closed
CLM-001965,A,2025,2025-01-31,2025-03-23,11175.6,,Open
CLM-001966,A,2025,2025-04-03,2025-04-11,3785.95,,Open
CLM-001967,A,2025,2025-06-21,2025-06-24,3665.83,,Open
CLM-001968,A,2025,2025-01-24,2025-02-12,13479.55,,Open
CLM-001969,A,2025,2025-05-06,2025-06-18,4786.08,,Open
CLM-001970,A,2025,2025-05-21,2025-07-20,934.36,,Open
CLM-001971,A,2025,2025-12-24,2026-01-03,12809.71,,Open
CLM-001972,A,2025,2025-04-26,2025-07-03,3498.29,,Open
CLM-001973,A,2025,2025-12-21,2025-12-25,11137.37,,Open
CLM-001974,A,2025,2025-09-13,2025-09-28,22722.16,,Open
CLM-001975,A,2025,2025-09-10,2025-09-24,7872.64,,Open
CLM-001976,A,2025,2025-10-27,2025-12-10,16734.92,,Open
CLM-001977,A,2025,2025-11-04,2025-12-23,8749.08,,Open
CLM-001978,A,2025,2025-03-23,2025-05-01,26396.79,,Open
CLM-001979,A,2025,2025-06-03,2025-06-10,3429.33,,Open
CLM-001980,A,2025,2025-07-12,2025-08-17,7722.62,,Open
CLM-001981,A,2025,2025-12-23,2026-01-20,13052.8,,Open
CLM-001982,A,2025,2025-01-15,2025-01-21,6711.43,,Open
CLM-001983,A,2025,2025-06-24,2025-06-28,18878.24,,Open
CLM-001984,A,2025,2025-03-20,2025-04-30,5571.65,,Open
CLM-001985,A,2025,2025-03-17,2025-04-03,38262.53,,Open
CLM-001986,A,2025,2025-10-06,2025-10-14,39851.58,,Open
CLM-001987,A,2025,2025-03-15,2025-04-01,9657.7,,Open
CLM-001988,A,2025,2025-10-17,2025-11-11,11895.24,,Open
CLM-001989,A,2025,2025-12-29,2026-01-16,19460.74,,Open
CLM-001990,A,2025,2025-10-11,2025-10-17,3114.32,,Open
CLM-001991,A,2025,2025-03-04,2025-05-17,2828.87,,Open
CLM-001992,A,2025,2025-02-21,2025-04-02,20455.93,,Open
CLM-001993,A,2025,2025-06-09,2025-06-24,9597.75,,Open
CLM-001994,A,2025,2025-07-21,2025-08-06,6527.41,,Open
CLM-001995,A,2025,2025-10-12,2025-11-06,7838.52,,Open
CLM-001996,A,2025,2025-06-04,2025-06-13,1236.85,,Open
CLM-001997,A,2025,2025-03-02,2025-03-27,6710.65,,Open
CLM-001998,A,2025,2025-12-28,2026-01-04,4351.09,,Open
CLM-001999,A,2025,2025-11-27,2025-12-16,15762.78,,Open
CLM-002000,A,2025,2025-08-27,2025-09-04,16725.45,,Open
CLM-002001,A,2025,2025-09-11,2025-09-20,12117.92,,Open
CLM-002002,A,2025,2025-12-08,2026-02-09,10539.13,,Open
CLM-002003,A,2025,2025-06-23,2025-07-13,2452.51,,Open
CLM-002004,A,2025,2025-02-23,2025-03-18,12248.96,,Open
CLM-002005,A,2025,2025-08-10,2025-08-14,12620.13,,Open
CLM-002006,A,2025,2025-06-14,2025-06-27,20279.8,,Open
CLM-002007,A,2025,2025-10-19,2025-11-15,39729.36,,Open
CLM-002008,A,2025,2025-10-09,2025-10-31,2110.11,,Open
CLM-002009,A,2025,2025-06-22,2025-06-26,5761.78,,Open
CLM-002010,A,2025,2025-05-15,2025-06-07,4387.37,,Open
CLM-002011,A,2025,2025-06-04,2025-06-29,8876.08,,Open
CLM-002012,A,2025,2025-08-19,2025-10-07,7852.29,,Open
CLM-002013,A,2025,2025-08-21,2025-09-02,6489.42,,Open
CLM-002014,A,2025,2025-07-06,2025-07-10,17150.41,,Open
CLM-002015,A,2025,2025-07-14,2025-07-23,3327.06,,Open
CLM-002016,A,2025,2025-12-29,2026-01-07,3485.22,,Open
CLM-002017,A,2025,2025-04-03,2025-05-06,3530.87,,Open
CLM-002018,A,2025,2025-03-05,2025-03-07,5888.08,,Open
CLM-002019,A,2025,2025-10-19,2025-11-02,3016.59,,Open
CLM-002020,A,2025,2025-12-08,2026-01-31,7486.25,,Open
CLM-002021,B,2020,2020-12-20,2020-12-27,19271.46,,Open
CLM-002022,B,2020,2020-08-17,2020-10-08,33679.43,2023-10-27,Closed
CLM-002023,B,2020,2020-12-06,2020-12-30,1815.88,2021-09-07,Closed
CLM-002024,B,2020,2020-06-01,2020-10-10,3652.34,2023-06-18,Closed
CLM-002025,B,2020,2020-04-02,2020-06-11,17880.86,2024-08-25,Closed
CLM-002026,B,2020,2020-03-30,2020-04-11,736.6,2021-01-19,Closed
CLM-002027,B,2020,2020-03-27,2020-04-01,13194.02,2024-09-07,Closed
CLM-002028,B,2020,2020-09-29,2020-10-15,22219.66,2022-10-29,Closed
CLM-002029,B,2020,2020-01-04,2020-01-15,4948.26,2020-11-10,Closed
CLM-002030,B,2020,2020-12-12,2021-04-20,5658.89,2024-06-13,Closed
CLM-002031,B,2020,2020-10-10,2020-11-08,3133.38,2023-10-13,Closed
CLM-002032,B,2020,2020-05-19,2020-07-21,5503.26,2023-08-16,Closed
CLM-002033,B,2020,2020-09-13,2020-10-06,5343.96,2024-03-12,Closed
CLM-002034,B,2020,2020-02-19,2020-03-15,4487.54,2023-01-25,Closed
CLM-002035,B,2020,2020-06-06,2020-07-05,4267.24,2022-08-03,Closed
CLM-002036,B,2020,2020-02-09,2020-04-21,6549.26,2022-03-11,Closed
CLM-002037,B,2020,2020-02-11,2020-03-20,6476.92,2022-04-17,Closed
CLM-002038,B,2020,2020-01-03,2020-01-15,46922.38,2024-04-06,Closed
CLM-002039,B,2020,2020-10-18,2021-02-04,5849.04,2024-05-20,Closed
CLM-002040,B,2020,2020-09-29,2020-10-22,11519.46,2024-01-03,Closed
CLM-002041,B,2020,2020-11-22,2020-12-12,4945.95,2025-03-15,Closed
CLM-002042,B,2020,2020-12-25,2020-12-28,4888.57,2023-10-02,Closed
CLM-002043,B,2020,2020-12-19,2021-02-06,1756.96,2022-07-24,Closed
CLM-002044,B,2020,2020-12-29,2021-01-30,1985.12,2023-02-13,Closed
CLM-002045,B,2020,2020-01-06,2020-02-07,2773.61,2021-07-02,Closed
CLM-002046,B,2020,2020-10-14,2020-11-04,9941.81,2023-12-21,Closed
CLM-002047,B,2020,2020-09-21,2020-10-09,22556.06,2025-08-16,Closed
CLM-002048,B,2020,2020-02-29,2020-03-22,1629.12,2021-08-28,Closed
CLM-002049,B,2020,2020-02-20,2020-04-03,5073.82,,Open
CLM-002050,B,2020,2020-12-23,2021-02-11,2394.98,2023-05-02,Closed
CLM-002051,B,2020,2020-11-19,2020-12-13,6589.83,2022-08-19,Closed
CLM-002052,B,2020,2020-04-29,2020-07-02,22547.69,2022-01-31,Closed
CLM-002053,B,2020,2020-01-28,2020-02-25,5572.84,2023-08-06,Closed
CLM-002054,B,2020,2020-05-02,2020-05-22,8040.61,2023-12-24,Closed
CLM-002055,B,2020,2020-01-02,2020-02-06,31943.21,2020-12-16,Closed
CLM-002056,B,2020,2020-09-08,2020-09-18,12787.35,2021-08-20,Closed
CLM-002057,B,2020,2020-05-19,2020-06-24,4180.34,2021-12-18,Closed
CLM-002058,B,2020,2020-01-18,2020-01-26,9718.2,2024-05-29,Closed
CLM-002059,B,2020,2020-12-24,2021-01-06,3929.33,2025-10-05,Closed
CLM-002060,B,2020,2020-10-29,2020-11-03,12355.57,2023-09-06,Closed
CLM-002061,B,2020,2020-11-27,2020-12-23,13479.67,2024-01-22,Closed
CLM-002062,B,2020,2020-12-31,2021-04-18,2394.39,2025-04-10,Closed
CLM-002063,B,2020,2020-01-06,2020-02-02,9864.11,2021-07-09,Closed
CLM-002064,B,2020,2020-10-10,2020-11-29,7539.8,2022-02-02,Closed
CLM-002065,B,2020,2020-10-15,2021-04-29,13847.62,2023-02-26,Closed
CLM-002066,B,2020,2020-10-13,2020-11-23,18016.06,2021-06-27,Closed
CLM-002067,B,2020,2020-04-07,2020-04-23,13018.89,2022-05-20,Closed
CLM-002068,B,2020,2020-05-22,2020-06-09,6358.58,2022-12-11,Closed
CLM-002069,B,2020,2020-12-06,2021-01-05,19784.12,2024-02-29,Closed
CLM-002070,B,2020,2020-01-25,2020-02-12,3768.55,2023-12-16,Closed
CLM-002071,B,2020,2020-08-22,2020-09-10,2499.13,2022-04-20,Closed
CLM-002072,B,2020,2020-10-17,2020-12-21,447.08,2022-09-17,Closed
CLM-002073,B,2020,2020-10-19,2020-12-26,7875.34,2024-06-08,Closed
CLM-002074,B,2020,2020-08-06,2020-08-14,3951.04,2021-12-21,Closed
CLM-002075,B,2020,2020-10-07,2020-10-22,12100.47,2024-12-16,Closed
CLM-002076,B,2020,2020-11-28,2020-12-18,1375.23,2024-06-05,Closed
CLM-002077,B,2020,2020-10-07,2020-11-24,4636.88,2021-12-06,Closed
CLM-002078,B,2020,2020-02-12,2020-04-26,13601.2,2025-02-02,Closed
CLM-002079,B,2020,2020-03-30,2020-12-15,3263.43,2022-10-03,Closed
CLM-002080,B,2020,2020-04-21,2020-05-11,12228.91,,Open
CLM-002081,B,2020,2020-05-05,2020-05-26,5036.95,2022-11-23,Closed
CLM-002082,B,2020,2020-05-12,2020-06-29,8149.91,2022-10-08,Closed
CLM-002083,B,2020,2020-03-21,2020-04-07,14504.4,2023-09-16,Closed
CLM-002084,B,2020,2020-09-07,2020-10-03,20140.83,2025-10-18,Closed
CLM-002085,B,2020,2020-02-10,2020-03-02,9143.35,2021-12-24,Closed
CLM-002086,B,2020,2020-10-15,2020-10-18,3978.47,2022-12-05,Closed
CLM-002087,B,2020,2020-08-29,2020-10-01,5516.06,2025-02-08,Closed
CLM-002088,B,2020,2020-12-17,2021-01-11,15071.72,2022-08-07,Closed
CLM-002089,B,2020,2020-01-03,2020-03-25,3289.24,2022-07-05,Closed
CLM-002090,B,2020,2020-04-18,2020-05-18,7132.53,2021-02-18,Closed
CLM-002091,B,2020,2020-11-24,2020-12-04,5893.78,2023-05-04,Closed
CLM-002092,B,2020,2020-06-29,2020-07-23,7638.81,2024-08-13,Closed
CLM-002093,B,2020,2020-07-24,2020-07-29,3325.58,2025-06-18,Closed
CLM-002094,B,2020,2020-01-11,2020-01-22,1534.37,2021-11-03,Closed
CLM-002095,B,2020,2020-10-05,2020-11-23,13546.69,2024-02-24,Closed
CLM-002096,B,2020,2020-04-02,2020-04-26,20351.48,2023-11-07,Closed
CLM-002097,B,2020,2020-12-18,2021-02-18,1620.9,2023-11-26,Closed
CLM-002098,B,2020,2020-05-16,2020-05-22,11784.45,2025-09-09,Closed
CLM-002099,B,2020,2020-03-10,2020-04-03,22701.66,2021-02-21,Closed
CLM-002100,B,2020,2020-08-05,2020-08-25,14514.43,2023-07-09,Closed
CLM-002101,B,2020,2020-06-23,2020-08-26,5729.56,2023-06-09,Closed
CLM-002102,B,2020,2020-06-21,2020-08-11,3532.6,2022-08-26,Closed
CLM-002103,B,2020,2020-12-13,2021-02-01,9047.22,2022-04-13,Closed
CLM-002104,B,2020,2020-05-13,2020-08-23,10544.23,2024-04-07,Closed
CLM-002105,B,2020,2020-05-25,2020-06-16,9171.22,2025-02-12,Closed
CLM-002106,B,2020,2020-08-16,2020-11-11,7119.0,2024-03-21,Closed
CLM-002107,B,2020,2020-03-03,2020-03-16,3108.98,2024-04-21,Closed
CLM-002108,B,2020,2020-10-30,2020-11-11,12380.62,2024-03-27,Closed
CLM-002109,B,2020,2020-03-25,2020-05-18,12940.31,2023-03-02,Closed
CLM-002110,B,2020,2020-03-29,2020-04-07,10704.869999999999,,Open
CLM-002111,B,2020,2020-01-04,2020-02-20,9299.96,2022-04-26,Closed
CLM-002112,B,2020,2020-05-05,2020-06-06,39236.25,2022-09-03,Closed
CLM-002113,B,2020,2020-08-01,2020-10-10,4734.95,2021-09-03,Closed
CLM-002114,B,2020,2020-09-15,2020-10-13,27232.87,2022-06-16,Closed
CLM-002115,B,2020,2020-11-24,2020-12-25,4281.57,2024-12-05,Closed
CLM-002116,B,2020,2020-10-11,2020-11-25,23245.03,2022-05-27,Closed
CLM-002117,B,2020,2020-04-27,2020-05-14,26057.38,2022-04-15,Closed
CLM-002118,B,2020,2020-10-29,2020-11-15,6418.05,2022-10-20,Closed
CLM-002119,B,2020,2020-03-12,2020-04-24,38583.12,2023-07-31,Closed
CLM-002120,B,2020,2020-03-17,2020-04-15,12918.72,2020-09-18,Closed
CLM-002121,B,2020,2020-05-11,2020-06-01,3754.01,2021-11-10,Closed
CLM-002122,B,2020,2020-07-16,2020-08-13,5957.58,2024-10-22,Closed
CLM-002123,B,2020,2020-03-15,2020-06-30,23758.72,2022-09-19,Closed
CLM-002124,B,2020,2020-11-25,2020-12-16,19598.56,2022-09-07,Closed
CLM-002125,B,2020,2020-04-08,2020-04-28,3316.84,2025-09-29,Closed
CLM-002126,B,2020,2020-05-23,2020-05-30,7391.21,2022-11-10,Closed
CLM-002127,B,2020,2020-08-09,2020-09-07,10124.4,2021-11-25,Closed
CLM-002128,B,2020,2020-06-06,2020-07-26,5270.7,2023-03-28,Closed
CLM-002129,B,2020,2020-05-27,2020-07-24,73147.7,2022-03-31,Closed
CLM-002130,B,2020,2020-12-26,2021-01-27,10408.43,2025-11-24,Closed
CLM-002131,B,2020,2020-06-08,2020-08-11,7935.78,2022-07-13,Closed
CLM-002132,B,2020,2020-02-11,2020-04-04,25059.99,2021-10-23,Closed
CLM-002133,B,2020,2020-09-24,2020-12-06,6006.68,2023-04-15,Closed
CLM-002134,B,2020,2020-09-15,2020-11-19,21176.62,2022-10-07,Closed
CLM-002135,B,2020,2020-03-21,2020-07-04,1817.06,2024-03-10,Closed
CLM-002136,B,2020,2020-11-07,2020-12-03,5538.3,2021-09-16,Closed
CLM-002137,B,2020,2020-05-23,2020-06-02,22001.8,2021-08-22,Closed
CLM-002138,B,2020,2020-02-25,2020-04-16,35498.71,2024-11-21,Closed
CLM-002139,B,2020,2020-03-04,2020-04-29,4129.97,2023-03-31,Closed
CLM-002140,B,2020,2020-09-18,2021-01-01,3711.02,2021-09-05,Closed
CLM-002141,B,2020,2020-03-20,2020-06-11,14140.09,2022-04-25,Closed
CLM-002142,B,2020,2020-06-20,2020-11-09,4740.8,2022-12-12,Closed
CLM-002143,B,2020,2020-09-25,2020-11-13,6563.87,2023-04-08,Closed
CLM-002144,B,2020,2020-11-08,2020-12-14,18776.85,2025-08-07,Closed
CLM-002145,B,2020,2020-06-28,2020-07-07,5097.04,2022-11-23,Closed
CLM-002146,B,2020,2020-11-28,2021-01-05,1527.96,2025-05-10,Closed
CLM-002147,B,2020,2020-04-20,2020-05-09,2544.12,2022-09-24,Closed
CLM-002148,B,2020,2020-11-15,2020-12-20,8476.2,2024-08-05,Closed
CLM-002149,B,2020,2020-04-01,2020-05-02,1518.29,2023-02-21,Closed
CLM-002150,B,2020,2020-01-24,2020-03-07,6393.89,2025-07-08,Closed
CLM-002151,B,2020,2020-09-22,2020-10-19,2340.21,2024-12-08,Closed
CLM-002152,B,2020,2020-10-04,2020-12-06,37845.64,2022-05-27,Closed
CLM-002153,B,2020,2020-12-05,2020-12-08,61290.81,2022-09-21,Closed
CLM-002154,B,2020,2020-12-03,2021-01-06,3179.56,2022-01-02,Closed
CLM-002155,B,2020,2020-02-07,2020-04-25,10631.45,2025-12-20,Closed
CLM-002156,B,2020,2020-08-15,2020-12-26,3478.2,2024-02-04,Closed
CLM-002157,B,2020,2020-09-14,2020-11-06,6322.94,2023-01-19,Closed
CLM-002158,B,2020,2020-08-07,2020-11-30,43975.36,2021-06-21,Closed
CLM-002159,B,2020,2020-01-07,2020-02-10,5472.43,2023-11-08,Closed
CLM-002160,B,2020,2020-01-17,2020-02-16,6459.51,2023-03-18,Closed
CLM-002161,B,2020,2020-09-02,2020-10-17,3535.74,,Open
CLM-002162,B,2020,2020-11-09,2020-12-08,24053.37,2023-03-25,Closed
CLM-002163,B,2020,2020-03-06,2020-03-22,420.04,2021-12-25,Closed
CLM-002164,B,2020,2020-01-17,2020-02-05,5593.78,2022-10-19,Closed
CLM-002165,B,2020,2020-05-27,2020-06-08,8533.99,2023-12-30,Closed
CLM-002166,B,2021,2021-04-25,2021-06-19,6514.84,2023-03-16,Closed
CLM-002167,B,2021,2021-12-09,2022-02-02,1890.06,,Open
CLM-002168,B,2021,2021-06-04,2021-07-09,19192.81,2023-10-03,Closed
CLM-002169,B,2021,2021-07-30,2021-10-06,2851.48,2023-07-08,Closed
CLM-002170,B,2021,2021-01-01,2021-03-24,7256.32,2023-10-21,Closed
CLM-002171,B,2021,2021-04-24,2021-05-31,16063.36,,Open
CLM-002172,B,2021,2021-10-14,2021-11-10,19147.91,,Open
CLM-002173,B,2021,2021-05-01,2021-07-01,1737.78,2023-06-21,Closed
CLM-002174,B,2021,2021-03-02,2021-03-16,8144.57,2023-08-12,Closed
CLM-002175,B,2021,2021-02-03,2021-02-19,13513.5,2023-05-28,Closed
CLM-002176,B,2021,2021-12-04,2022-01-01,9294.4,2025-04-10,Closed
CLM-002177,B,2021,2021-10-24,2021-10-31,30431.13,2023-08-25,Closed
CLM-002178,B,2021,2021-01-17,2021-03-16,4167.35,2021-12-31,Closed
CLM-002179,B,2021,2021-12-04,2021-12-17,1350.85,2023-03-17,Closed
CLM-002180,B,2021,2021-10-27,2021-11-16,18643.69,2025-08-19,Closed
CLM-002181,B,2021,2021-05-12,2021-06-06,5412.13,2023-06-27,Closed
CLM-002182,B,2021,2021-08-28,2021-09-27,1763.68,,Open
CLM-002183,B,2021,2021-04-05,2021-04-27,7661.11,2024-08-23,Closed
CLM-002184,B,2021,2021-04-02,2021-04-30,27419.72,2022-09-28,Closed
CLM-002185,B,2021,2021-09-18,2021-10-16,2778.89,2024-02-20,Closed
CLM-002186,B,2021,2021-03-15,2021-04-04,75641.61,2022-08-11,Closed
CLM-002187,B,2021,2021-05-10,2021-05-26,4106.31,2025-01-23,Closed
CLM-002188,B,2021,2021-05-11,2021-07-21,9597.82,2023-08-03,Closed
CLM-002189,B,2021,2021-02-24,2021-03-01,2893.75,2023-01-09,Closed
CLM-002190,B,2021,2021-10-30,2021-11-24,9206.04,2023-01-29,Closed
CLM-002191,B,2021,2021-09-03,2021-09-23,7837.26,2023-01-15,Closed
CLM-002192,B,2021,2021-11-11,2021-12-22,2257.76,,Open
CLM-002193,B,2021,2021-07-11,2021-07-20,118587.39,2024-08-25,Closed
CLM-002194,B,2021,2021-03-05,2021-03-25,5623.57,2022-07-28,Closed
CLM-002195,B,2021,2021-04-13,2021-05-10,5628.08,2022-04-14,Closed
CLM-002196,B,2021,2021-05-10,2021-07-19,21567.7,,Open
CLM-002197,B,2021,2021-12-10,2022-01-18,46855.62,,Open
CLM-002198,B,2021,2021-03-28,2021-04-08,24920.33,2022-10-04,Closed
CLM-002199,B,2021,2021-09-10,2021-09-30,2941.83,2023-12-23,Closed
CLM-002200,B,2021,2021-02-14,2021-04-15,10783.56,2022-03-23,Closed
CLM-002201,B,2021,2021-12-15,2021-12-26,1575.62,,Open
CLM-002202,B,2021,2021-08-24,2021-09-21,20275.03,2023-09-02,Closed
CLM-002203,B,2021,2021-06-07,2021-07-06,1975.13,2025-05-27,Closed
CLM-002204,B,2021,2021-05-07,2021-05-29,4239.14,2024-08-07,Closed
CLM-002205,B,2021,2021-05-10,2022-01-24,8835.03,2022-10-17,Closed
CLM-002206,B,2021,2021-03-24,2021-04-14,13331.91,2023-05-11,Closed
CLM-002207,B,2021,2021-08-07,2021-09-18,6973.64,2023-07-23,Closed
CLM-002208,B,2021,2021-11-13,2021-11-29,35734.5,2024-07-28,Closed
CLM-002209,B,2021,2021-03-30,2021-05-14,17211.3,2021-09-24,Closed
CLM-002210,B,2021,2021-10-01,2021-11-30,16014.48,2022-12-04,Closed
CLM-002211,B,2021,2021-07-26,2021-08-13,2866.6,2025-01-19,Closed
CLM-002212,B,2021,2021-10-10,2021-11-07,42165.81,2024-09-24,Closed
CLM-002213,B,2021,2021-10-08,2021-10-22,4239.67,2024-03-23,Closed
CLM-002214,B,2021,2021-01-15,2021-01-27,197652.21,2022-05-04,Closed
CLM-002215,B,2021,2021-01-08,2021-03-17,56710.02,2022-10-16,Closed
CLM-002216,B,2021,2021-12-01,2021-12-20,14186.07,2025-01-07,Closed
CLM-002217,B,2021,2021-02-26,2021-03-02,22851.28,,Open
CLM-002218,B,2021,2021-07-29,2021-11-29,522.92,2025-07-24,Closed
CLM-002219,B,2021,2021-10-02,2021-10-17,7408.74,2022-11-20,Closed
CLM-002220,B,2021,2021-07-03,2021-07-27,163226.06,2022-10-16,Closed
CLM-002221,B,2021,2021-01-03,2021-04-24,20703.94,,Open
CLM-002222,B,2021,2021-01-04,2021-01-30,2892.18,2023-08-21,Closed
CLM-002223,B,2021,2021-09-02,2021-09-28,6766.88,,Open
CLM-002224,B,2021,2021-11-24,2021-12-05,863.63,2022-04-27,Closed
CLM-002225,B,2021,2021-05-06,2021-05-14,12945.82,2023-02-07,Closed
CLM-002226,B,2021,2021-07-18,2021-08-13,1572.79,2022-09-02,Closed
CLM-002227,B,2021,2021-12-07,2022-01-16,25012.94,2024-09-05,Closed
CLM-002228,B,2021,2021-10-29,2021-12-06,26241.81,2024-01-12,Closed
CLM-002229,B,2021,2021-07-17,2021-08-06,5732.87,2025-11-09,Closed
CLM-002230,B,2021,2021-08-28,2021-09-27,14298.76,2023-07-20,Closed
CLM-002231,B,2021,2021-12-17,2021-12-23,7259.98,2024-04-27,Closed
CLM-002232,B,2021,2021-10-18,2021-11-30,11064.32,2023-11-04,Closed
CLM-002233,B,2021,2021-06-01,2021-07-05,3091.11,2022-05-28,Closed
CLM-002234,B,2021,2021-09-10,2022-02-02,15690.96,,Open
CLM-002235,B,2021,2021-05-01,2021-05-31,1964.28,2023-10-27,Closed
CLM-002236,B,2021,2021-12-03,2021-12-17,1651.8,2023-11-01,Closed
CLM-002237,B,2021,2021-02-04,2021-03-04,7922.75,2021-09-23,Closed
CLM-002238,B,2021,2021-03-24,2021-04-16,7299.1,2023-11-04,Closed
CLM-002239,B,2021,2021-05-07,2021-06-18,11377.36,2025-11-26,Closed
CLM-002240,B,2021,2021-03-15,2021-04-14,4881.46,,Open
CLM-002241,B,2021,2021-08-06,2021-08-16,50031.2,2023-12-13,Closed
CLM-002242,B,2021,2021-09-18,2021-09-26,10268.62,2023-07-07,Closed
CLM-002243,B,2021,2021-11-22,2021-12-29,10973.02,2022-07-19,Closed
CLM-002244,B,2021,2021-07-03,2021-10-01,10619.76,2024-12-08,Closed
CLM-002245,B,2021,2021-08-15,2021-09-15,23202.4,2024-11-09,Closed
CLM-002246,B,2021,2021-08-07,2021-10-03,15035.63,,Open
CLM-002247,B,2021,2021-01-02,2021-03-10,13295.39,2023-08-14,Closed
CLM-002248,B,2021,2021-09-16,2021-10-23,17413.84,2024-04-30,Closed
CLM-002249,B,2021,2021-01-09,2021-01-24,1659.88,2022-09-30,Closed
CLM-002250,B,2021,2021-07-19,2021-08-23,1718.44,2023-09-11,Closed
CLM-002251,B,2021,2021-12-31,2022-03-19,8263.48,2022-09-04,Closed
CLM-002252,B,2021,2021-10-15,2021-11-29,7390.59,,Open
CLM-002253,B,2021,2021-07-04,2021-08-27,15088.07,2023-01-19,Closed
CLM-002254,B,2021,2021-04-27,2021-05-17,9025.36,2024-12-03,Closed
CLM-002255,B,2021,2021-11-02,2021-11-27,15116.56,2024-02-21,Closed
CLM-002256,B,2021,2021-11-10,2021-12-07,2824.3,2023-06-07,Closed
CLM-002257,B,2021,2021-05-15,2021-06-12,8774.07,,Open
CLM-002258,B,2021,2021-02-09,2021-04-26,2587.34,2022-08-08,Closed
CLM-002259,B,2021,2021-08-01,2021-08-05,12638.94,2023-12-26,Closed
CLM-002260,B,2021,2021-08-20,2021-09-19,1580.09,2024-08-10,Closed
CLM-002261,B,2021,2021-12-07,2022-01-04,12199.53,2024-07-15,Closed
CLM-002262,B,2021,2021-11-21,2021-12-01,2300.64,,Open
CLM-002263,B,2021,2021-03-25,2021-05-15,6231.41,2025-06-20,Closed
CLM-002264,B,2021,2021-04-03,2021-04-19,20149.28,2022-08-22,Closed
CLM-002265,B,2021,2021-12-30,2022-01-21,10917.74,2025-07-27,Closed
CLM-002266,B,2021,2021-04-30,2021-09-08,1956.23,2024-11-12,Closed
CLM-002267,B,2021,2021-06-17,2021-08-23,4779.98,2023-11-19,Closed
CLM-002268,B,2021,2021-04-22,2021-06-08,11072.41,2024-01-15,Closed
CLM-002269,B,2021,2021-05-24,2021-07-03,1870.02,2024-11-20,Closed
CLM-002270,B,2021,2021-07-25,2021-08-20,9871.71,2023-06-27,Closed
CLM-002271,B,2021,2021-04-17,2021-09-12,14820.23,2024-10-19,Closed
CLM-002272,B,2021,2021-05-31,2021-07-26,13278.16,2025-05-17,Closed
CLM-002273,B,2021,2021-05-09,2021-05-25,15407.42,2024-09-17,Closed
CLM-002274,B,2021,2021-02-09,2021-02-18,8764.68,2023-08-04,Closed
CLM-002275,B,2021,2021-10-15,2021-12-01,6894.36,2023-06-06,Closed
CLM-002276,B,2021,2021-11-22,2021-12-20,3308.96,2025-09-08,Closed
CLM-002277,B,2021,2021-06-29,2021-07-08,5916.17,2023-12-07,Closed
CLM-002278,B,2021,2021-03-16,2021-04-27,2634.58,,Open
CLM-002279,B,2021,2021-08-23,2021-09-16,4078.95,2024-05-08,Closed
CLM-002280,B,2021,2021-07-14,2021-08-28,9614.72,2024-04-23,Closed
CLM-002281,B,2021,2021-07-21,2021-09-01,7952.79,2022-02-23,Closed
CLM-002282,B,2021,2021-08-06,2021-08-24,147665.7,,Open
CLM-002283,B,2021,2021-09-20,2021-11-08,2576.11,,Open
CLM-002284,B,2021,2021-01-15,2021-02-04,56218.42,2022-05-02,Closed
CLM-002285,B,2021,2021-02-06,2021-02-27,2398.25,,Open
CLM-002286,B,2021,2021-02-04,2021-02-23,24619.77,2025-11-21,Closed
CLM-002287,B,2021,2021-02-26,2021-05-11,6443.34,2022-12-24,Closed
CLM-002288,B,2021,2021-12-21,2022-01-13,19244.53,2023-11-02,Closed
CLM-002289,B,2021,2021-09-24,2021-12-22,5864.34,2023-01-14,Closed
CLM-002290,B,2021,2021-08-31,2022-01-02,7433.83,,Open
CLM-002291,B,2021,2021-09-13,2021-09-29,30893.87,2025-04-27,Closed
CLM-002292,B,2021,2021-01-13,2021-01-15,2448.7,2025-04-22,Closed
CLM-002293,B,2021,2021-03-19,2021-05-27,4869.85,2025-05-11,Closed
CLM-002294,B,2021,2021-10-17,2021-11-08,6240.51,2023-08-12,Closed
CLM-002295,B,2021,2021-06-18,2021-07-03,9482.36,2023-05-20,Closed
CLM-002296,B,2021,2021-07-05,2021-07-23,14801.86,2023-08-17,Closed
CLM-002297,B,2021,2021-10-01,2021-10-22,7144.3,2024-08-15,Closed
CLM-002298,B,2021,2021-01-28,2021-04-22,7029.93,2022-11-10,Closed
CLM-002299,B,2021,2021-10-19,2021-11-22,1825.83,2023-08-01,Closed
CLM-002300,B,2021,2021-09-06,2021-11-28,14543.1,2025-09-17,Closed
CLM-002301,B,2021,2021-05-28,2021-07-11,4677.95,2023-07-30,Closed
CLM-002302,B,2021,2021-07-02,2021-07-25,17592.81,2024-12-01,Closed
CLM-002303,B,2021,2021-01-28,2021-02-18,29668.87,2024-09-09,Closed
CLM-002304,B,2021,2021-03-16,2021-05-02,7457.1,2023-01-14,Closed
CLM-002305,B,2021,2021-03-31,2021-05-27,3463.6,2024-12-04,Closed
CLM-002306,B,2021,2021-11-17,2022-01-22,8726.25,,Open
CLM-002307,B,2021,2021-02-11,2021-03-07,12203.92,,Open
CLM-002308,B,2021,2021-04-17,2021-05-21,6632.82,2022-07-14,Closed
CLM-002309,B,2021,2021-02-18,2021-04-06,5279.87,2024-04-11,Closed
CLM-002310,B,2021,2021-04-14,2021-05-06,14864.29,2023-07-03,Closed
CLM-002311,B,2021,2021-01-04,2021-01-16,13991.07,2023-05-11,Closed
CLM-002312,B,2021,2021-04-10,2021-04-25,6448.1,2022-08-08,Closed
CLM-002313,B,2021,2021-09-22,2021-10-16,1941.19,2022-09-14,Closed
CLM-002314,B,2021,2021-10-08,2021-11-27,13471.81,2023-12-08,Closed
CLM-002315,B,2021,2021-05-19,2021-08-09,33592.91,2023-02-14,Closed
CLM-002316,B,2022,2022-09-15,2022-10-06,3814.98,2025-11-14,Closed
CLM-002317,B,2022,2022-04-17,2022-04-21,21578.41,2024-07-11,Closed
CLM-002318,B,2022,2022-08-03,2022-08-27,2688.28,2025-12-09,Closed
CLM-002319,B,2022,2022-01-23,2022-02-11,2218.24,2025-03-09,Closed
CLM-002320,B,2022,2022-05-24,2022-07-19,5596.66,,Open
CLM-002321,B,2022,2022-02-24,2022-04-07,56223.92,2023-01-28,Closed
CLM-002322,B,2022,2022-07-23,2022-08-09,53377.48,2024-01-22,Closed
CLM-002323,B,2022,2022-07-20,2022-08-09,6177.96,2025-09-03,Closed
CLM-002324,B,2022,2022-07-14,2022-08-07,5034.53,2024-01-10,Closed
CLM-002325,B,2022,2022-09-05,2022-12-12,2073.88,2025-12-07,Closed
CLM-002326,B,2022,2022-12-04,2022-12-19,10042.57,2025-05-14,Closed
CLM-002327,B,2022,2022-03-13,2022-03-29,10847.4,2025-03-22,Closed
CLM-002328,B,2022,2022-03-20,2022-04-01,19297.64,,Open
CLM-002329,B,2022,2022-03-20,2022-03-29,21567.65,2023-01-10,Closed
CLM-002330,B,2022,2022-12-05,2023-01-12,7798.88,2024-09-02,Closed
CLM-002331,B,2022,2022-02-03,2022-03-10,15574.17,,Open
CLM-002332,B,2022,2022-01-12,2022-04-05,4913.8,2023-06-27,Closed
CLM-002333,B,2022,2022-02-28,2022-05-08,15305.1,,Open
CLM-002334,B,2022,2022-10-08,2023-04-30,5868.43,,Open
CLM-002335,B,2022,2022-07-31,2022-08-28,14253.0,2023-02-26,Closed
CLM-002336,B,2022,2022-12-02,2022-12-26,13232.19,,Open
CLM-002337,B,2022,2022-03-16,2022-03-26,9957.87,,Open
CLM-002338,B,2022,2022-05-24,2022-07-15,19386.12,2024-07-19,Closed
CLM-002339,B,2022,2022-07-22,2022-08-23,2211.45,2023-11-21,Closed
CLM-002340,B,2022,2022-01-27,2022-03-18,3517.17,2024-12-21,Closed
CLM-002341,B,2022,2022-12-02,2022-12-14,7856.379999999999,,Open
CLM-002342,B,2022,2022-10-21,2022-11-29,2485.2,,Open
CLM-002343,B,2022,2022-02-22,2022-03-29,6434.8,2024-03-24,Closed
CLM-002344,B,2022,2022-11-04,2022-12-07,6628.05,2025-01-12,Closed
CLM-002345,B,2022,2022-06-13,2022-06-30,31107.14,2023-04-29,Closed
CLM-002346,B,2022,2022-05-03,2022-07-19,10655.16,,Open
CLM-002347,B,2022,2022-12-12,2023-05-15,24050.99,,Open
CLM-002348,B,2022,2022-07-09,2022-07-21,12331.15,2023-05-19,Closed
CLM-002349,B,2022,2022-03-24,2022-05-16,5717.24,,Open
CLM-002350,B,2022,2022-10-23,2022-10-26,10569.27,2024-10-26,Closed
CLM-002351,B,2022,2022-09-19,2022-11-09,18261.34,,Open
CLM-002352,B,2022,2022-03-12,2022-03-18,27957.77,2023-10-16,Closed
CLM-002353,B,2022,2022-09-05,2022-09-24,8279.23,2023-04-17,Closed
CLM-002354,B,2022,2022-08-18,2022-08-28,2060.32,2025-09-11,Closed
CLM-002355,B,2022,2022-04-11,2022-05-06,2021.1899999999998,2025-02-08,Closed
CLM-002356,B,2022,2022-06-07,2022-08-04,6928.01,,Open
CLM-002357,B,2022,2022-11-03,2022-11-09,1093.2,,Open
CLM-002358,B,2022,2022-03-05,2022-03-27,48571.28,2024-01-26,Closed
CLM-002359,B,2022,2022-09-21,2022-10-10,16170.09,2025-02-01,Closed
CLM-002360,B,2022,2022-10-31,2023-02-14,5215.79,,Open
CLM-002361,B,2022,2022-12-08,2023-01-19,3375.68,2025-05-16,Closed
CLM-002362,B,2022,2022-04-29,2022-05-10,24022.08,2023-05-21,Closed
CLM-002363,B,2022,2022-04-08,2022-04-28,3363.34,2024-01-06,Closed
CLM-002364,B,2022,2022-12-08,2023-03-22,3671.19,,Open
CLM-002365,B,2022,2022-06-18,2022-08-10,4627.88,2025-02-02,Closed
CLM-002366,B,2022,2022-07-27,2022-08-10,10380.53,,Open
CLM-002367,B,2022,2022-07-07,2022-07-31,16528.23,,Open
CLM-002368,B,2022,2022-07-07,2022-07-31,27939.06,2025-08-20,Closed
CLM-002369,B,2022,2022-08-16,2022-09-04,24396.58,2024-05-07,Closed
CLM-002370,B,2022,2022-06-04,2022-06-11,9355.04,2025-07-15,Closed
CLM-002371,B,2022,2022-05-24,2022-06-10,23855.13,2025-12-25,Closed
CLM-002372,B,2022,2022-05-27,2022-08-26,5049.33,2024-08-03,Closed
CLM-002373,B,2022,2022-08-28,2022-09-19,1757.21,2024-06-30,Closed
CLM-002374,B,2022,2022-10-26,2022-11-22,5048.72,2025-01-19,Closed
CLM-002375,B,2022,2022-07-22,2022-08-24,4459.75,2024-09-28,Closed
CLM-002376,B,2022,2022-09-05,2023-02-28,5233.44,,Open
CLM-002377,B,2022,2022-05-31,2022-06-30,3874.98,,Open
CLM-002378,B,2022,2022-10-10,2022-12-20,6122.23,2025-11-10,Closed
CLM-002379,B,2022,2022-05-24,2022-06-11,16516.39,2025-01-19,Closed
CLM-002380,B,2022,2022-06-03,2022-06-27,45138.52,2025-01-02,Closed
CLM-002381,B,2022,2022-01-21,2022-02-20,1918.25,2025-06-12,Closed
CLM-002382,B,2022,2022-04-06,2022-04-22,2866.58,2025-02-13,Closed
CLM-002383,B,2022,2022-09-27,2022-10-22,4520.81,,Open
CLM-002384,B,2022,2022-02-01,2022-04-03,18880.36,2024-11-26,Closed
CLM-002385,B,2022,2022-03-23,2022-04-07,7745.19,2025-11-17,Closed
CLM-002386,B,2022,2022-10-11,2022-11-10,4809.07,,Open
CLM-002387,B,2022,2022-11-15,2023-01-06,18049.8,,Open
CLM-002388,B,2022,2022-06-01,2022-06-16,22491.32,2024-06-22,Closed
CLM-002389,B,2022,2022-05-29,2022-08-09,9188.79,,Open
CLM-002390,B,2022,2022-07-05,2022-08-05,4419.17,2024-09-20,Closed
CLM-002391,B,2022,2022-10-09,2022-11-04,11980.85,2024-12-23,Closed
CLM-002392,B,2022,2022-06-21,2022-06-27,7546.43,2023-11-29,Closed
CLM-002393,B,2022,2022-03-05,2022-03-27,7492.97,,Open
CLM-002394,B,2022,2022-06-07,2022-07-17,5840.66,2023-07-23,Closed
CLM-002395,B,2022,2022-04-03,2022-08-02,21852.14,2024-03-09,Closed
CLM-002396,B,2022,2022-09-07,2022-10-24,11758.59,,Open
CLM-002397,B,2022,2022-02-22,2022-05-06,24189.85,2024-05-18,Closed
CLM-002398,B,2022,2022-08-11,2022-08-22,31877.29,2025-06-19,Closed
CLM-002399,B,2022,2022-02-17,2022-03-16,14246.75,,Open
CLM-002400,B,2022,2022-12-21,2023-03-10,5872.5,,Open
CLM-002401,B,2022,2022-08-22,2022-09-05,24292.77,2024-04-11,Closed
CLM-002402,B,2022,2022-02-20,2022-04-25,14334.43,2023-11-06,Closed
CLM-002403,B,2022,2022-12-16,2023-02-07,102001.05,,Open
CLM-002404,B,2022,2022-07-29,2022-09-04,12426.93,,Open
CLM-002405,B,2022,2022-08-10,2022-09-02,17736.98,,Open
CLM-002406,B,2022,2022-01-24,2022-02-06,12204.46,2023-11-21,Closed
CLM-002407,B,2022,2022-03-10,2022-07-12,8535.52,2024-01-10,Closed
CLM-002408,B,2022,2022-10-22,2022-12-10,7371.68,2025-03-31,Closed
CLM-002409,B,2022,2022-06-20,2022-07-29,12247.33,,Open
CLM-002410,B,2022,2022-08-13,2022-09-03,15083.8,2024-11-07,Closed
CLM-002411,B,2022,2022-12-27,2023-01-26,26974.24,2025-10-07,Closed
CLM-002412,B,2022,2022-06-06,2022-07-10,12412.65,2025-05-18,Closed
CLM-002413,B,2022,2022-05-20,2022-06-30,6112.23,,Open
CLM-002414,B,2022,2022-10-20,2022-12-12,6925.2,,Open
CLM-002415,B,2022,2022-01-25,2022-02-10,2775.43,2023-10-18,Closed
CLM-002416,B,2022,2022-06-16,2022-06-25,42953.87,2023-11-24,Closed
CLM-002417,B,2022,2022-11-09,2022-12-11,5688.41,,Open
CLM-002418,B,2022,2022-03-25,2022-04-01,22720.62,2023-01-28,Closed
CLM-002419,B,2022,2022-04-21,2022-05-14,12050.02,,Open
CLM-002420,B,2022,2022-06-22,2022-07-11,12354.46,,Open
CLM-002421,B,2022,2022-01-28,2022-03-13,8392.95,,Open
CLM-002422,B,2022,2022-01-26,2022-06-21,4535.97,,Open
CLM-002423,B,2022,2022-04-02,2022-04-08,3842.53,2024-09-18,Closed
CLM-002424,B,2022,2022-11-24,2023-05-28,45689.14,2025-06-23,Closed
CLM-002425,B,2022,2022-03-22,2022-04-15,10379.33,,Open
CLM-002426,B,2022,2022-09-24,2022-11-02,26262.75,2024-03-10,Closed
CLM-002427,B,2022,2022-06-05,2022-06-14,33331.04,2024-12-08,Closed
CLM-002428,B,2022,2022-10-05,2022-12-10,6411.32,2024-01-17,Closed
CLM-002429,B,2022,2022-05-01,2022-06-01,13790.29,,Open
CLM-002430,B,2022,2022-11-16,2022-12-14,9742.74,2024-12-13,Closed
CLM-002431,B,2022,2022-05-16,2022-05-22,3231.46,2024-03-27,Closed
CLM-002432,B,2022,2022-10-16,2022-11-16,7884.84,,Open
CLM-002433,B,2022,2022-10-31,2022-12-29,16030.77,,Open
CLM-002434,B,2022,2022-06-07,2022-07-01,5912.79,2023-03-16,Closed
CLM-002435,B,2022,2022-09-01,2022-11-16,6937.99,,Open
CLM-002436,B,2022,2022-02-13,2022-04-28,7973.0,,Open
CLM-002437,B,2022,2022-07-01,2022-07-18,64942.14,,Open
CLM-002438,B,2022,2022-05-17,2022-09-01,1736.08,,Open
CLM-002439,B,2022,2022-12-15,2023-01-15,14815.76,2024-06-07,Closed
CLM-002440,B,2022,2022-12-07,2023-01-07,7408.67,,Open
CLM-002441,B,2022,2022-10-13,2022-11-14,5191.96,,Open
CLM-002442,B,2022,2022-12-13,2023-01-13,7243.66,2024-10-08,Closed
CLM-002443,B,2022,2022-12-23,2022-12-26,17250.26,,Open
CLM-002444,B,2022,2022-10-08,2022-11-02,18179.34,2024-12-20,Closed
CLM-002445,B,2022,2022-08-05,2022-08-15,11089.07,2024-05-09,Closed
CLM-002446,B,2022,2022-03-16,2022-07-04,25490.19,,Open
CLM-002447,B,2022,2022-10-25,2023-02-08,29962.25,2025-04-30,Closed
CLM-002448,B,2022,2022-03-12,2022-05-10,19778.63,2024-02-22,Closed
CLM-002449,B,2022,2022-03-09,2022-04-02,5662.26,,Open
CLM-002450,B,2022,2022-11-18,2022-12-01,14718.14,2023-09-12,Closed
CLM-002451,B,2022,2022-02-11,2022-02-28,14782.57,2024-12-14,Closed
CLM-002452,B,2022,2022-02-21,2022-07-12,4421.55,2024-05-10,Closed
CLM-002453,B,2022,2022-07-06,2022-07-23,2213.4,2025-06-19,Closed
CLM-002454,B,2022,2022-08-02,2022-08-06,1459.92,2025-03-05,Closed
CLM-002455,B,2022,2022-01-17,2022-03-26,77572.58,,Open
CLM-002456,B,2022,2022-05-19,2022-08-26,12290.08,,Open
CLM-002457,B,2022,2022-03-24,2022-07-15,3159.39,2023-12-28,Closed
CLM-002458,B,2022,2022-04-21,2022-06-28,24420.35,2025-03-26,Closed
CLM-002459,B,2022,2022-03-08,2022-05-25,10750.31,2025-05-29,Closed
CLM-002460,B,2022,2022-09-05,2022-10-06,32263.72,,Open
CLM-002461,B,2022,2022-06-22,2022-06-27,13135.79,2025-06-09,Closed
CLM-002462,B,2022,2022-12-17,2023-01-16,3512.6,,Open
CLM-002463,B,2022,2022-01-04,2022-02-22,14237.61,2024-01-19,Closed
CLM-002464,B,2022,2022-10-11,2022-11-06,17293.61,2023-12-07,Closed
CLM-002465,B,2022,2022-11-29,2022-12-24,5654.83,,Open
CLM-002466,B,2022,2022-06-27,2022-07-10,2487.87,2025-05-20,Closed
CLM-002467,B,2022,2022-09-13,2022-09-26,10249.94,2025-08-30,Closed
CLM-002468,B,2022,2022-06-10,2022-10-18,3730.24,,Open
CLM-002469,B,2022,2022-08-06,2022-12-18,26157.36,,Open
CLM-002470,B,2022,2022-11-28,2022-12-27,6432.96,,Open
CLM-002471,B,2023,2023-12-02,2024-02-26,67988.33,,Open
CLM-002472,B,2023,2023-07-12,2023-09-29,26259.62,,Open
CLM-002473,B,2023,2023-07-29,2023-09-13,13543.86,,Open
CLM-002474,B,2023,2023-06-18,2023-07-27,6883.1,2024-03-31,Closed
CLM-002475,B,2023,2023-02-02,2023-03-20,7414.62,2025-08-16,Closed
CLM-002476,B,2023,2023-10-12,2023-12-05,40636.91,,Open
CLM-002477,B,2023,2023-04-30,2023-05-16,13068.05,,Open
CLM-002478,B,2023,2023-03-29,2023-05-21,582.09,2024-04-15,Closed
CLM-002479,B,2023,2023-10-13,2024-01-17,91018.4,,Open
CLM-002480,B,2023,2023-03-14,2023-04-08,11667.28,,Open
CLM-002481,B,2023,2023-09-07,2023-09-30,13516.93,2024-10-02,Closed
CLM-002482,B,2023,2023-06-23,2023-08-05,26743.3,2024-06-26,Closed
CLM-002483,B,2023,2023-10-19,2023-11-05,15119.19,,Open
CLM-002484,B,2023,2023-01-19,2023-01-29,19577.38,,Open
CLM-002485,B,2023,2023-10-10,2023-12-24,49765.79,2024-06-23,Closed
CLM-002486,B,2023,2023-03-25,2023-04-14,3189.44,2025-04-30,Closed
CLM-002487,B,2023,2023-11-14,2023-12-14,12755.81,2025-08-20,Closed
CLM-002488,B,2023,2023-05-10,2023-05-28,36704.72,,Open
CLM-002489,B,2023,2023-01-03,2023-03-27,5441.7,2025-02-07,Closed
CLM-002490,B,2023,2023-06-27,2023-08-25,5055.37,,Open
CLM-002491,B,2023,2023-01-20,2023-02-13,30252.78,2025-11-11,Closed
CLM-002492,B,2023,2023-04-09,2023-04-20,6481.9,2025-12-11,Closed
CLM-002493,B,2023,2023-09-19,2023-10-11,6765.72,2025-03-10,Closed
CLM-002494,B,2023,2023-07-24,2023-09-09,7002.14,,Open
CLM-002495,B,2023,2023-09-16,2023-10-20,9291.46,,Open
CLM-002496,B,2023,2023-11-17,2023-12-19,2326.15,,Open
CLM-002497,B,2023,2023-06-20,2023-07-25,6011.38,2025-06-21,Closed
CLM-002498,B,2023,2023-07-18,2023-09-11,12185.09,2024-11-11,Closed
CLM-002499,B,2023,2023-01-22,2023-02-20,12105.6,2024-08-10,Closed
CLM-002500,B,2023,2023-04-15,2023-05-28,30646.68,,Open
CLM-002501,B,2023,2023-09-22,2023-10-05,53368.86,,Open
CLM-002502,B,2023,2023-01-23,2023-09-11,39533.14,2024-02-14,Closed
CLM-002503,B,2023,2023-05-12,2023-06-04,22836.42,,Open
CLM-002504,B,2023,2023-02-19,2023-03-26,8603.88,2024-04-15,Closed
CLM-002505,B,2023,2023-11-09,2023-12-26,5566.66,,Open
CLM-002506,B,2023,2023-07-24,2023-08-14,10025.75,,Open
CLM-002507,B,2023,2023-08-24,2023-09-23,16882.56,2025-12-01,Closed
CLM-002508,B,2023,2023-09-07,2023-10-06,20973.27,2025-03-25,Closed
CLM-002509,B,2023,2023-03-23,2023-04-06,17473.95,2024-03-29,Closed
CLM-002510,B,2023,2023-01-19,2023-03-02,8824.32,2025-11-20,Closed
CLM-002511,B,2023,2023-05-26,2023-06-03,20308.73,2025-04-10,Closed
CLM-002512,B,2023,2023-03-09,2023-07-08,31380.02,,Open
CLM-002513,B,2023,2023-04-28,2023-06-23,22124.69,,Open
CLM-002514,B,2023,2023-04-27,2023-06-16,9576.95,,Open
CLM-002515,B,2023,2023-10-13,2023-10-20,4587.38,2025-03-30,Closed
CLM-002516,B,2023,2023-04-27,2023-05-12,4488.58,,Open
CLM-002517,B,2023,2023-02-25,2023-05-27,5277.31,,Open
CLM-002518,B,2023,2023-12-16,2026-03-25,12487.51,,Open
CLM-002519,B,2023,2023-01-18,2023-04-06,15893.38,,Open
CLM-002520,B,2023,2023-03-16,2023-05-23,2691.95,,Open
CLM-002521,B,2023,2023-05-07,2023-06-21,6209.62,2024-05-12,Closed
CLM-002522,B,2023,2023-01-23,2023-02-07,12330.44,,Open
CLM-002523,B,2023,2023-11-25,2024-01-30,4318.37,,Open
CLM-002524,B,2023,2023-05-09,2023-05-21,14688.29,2024-06-29,Closed
CLM-002525,B,2023,2023-10-13,2023-10-24,7437.54,,Open
CLM-002526,B,2023,2023-02-19,2023-03-01,5076.78,2023-11-29,Closed
CLM-002527,B,2023,2023-07-10,2023-09-13,10356.2,2024-05-25,Closed
CLM-002528,B,2023,2023-02-16,2023-03-16,14137.65,2024-06-07,Closed
CLM-002529,B,2023,2023-03-26,2023-04-27,4525.97,,Open
CLM-002530,B,2023,2023-05-29,2023-06-27,7893.49,,Open
CLM-002531,B,2023,2023-11-11,2023-11-23,15150.81,2025-05-26,Closed
CLM-002532,B,2023,2023-04-22,2023-05-09,4899.73,,Open
CLM-002533,B,2023,2023-10-03,2023-10-21,2153.29,2024-11-22,Closed
CLM-002534,B,2023,2023-02-03,2023-02-12,2406.65,2024-09-27,Closed
CLM-002535,B,2023,2023-04-02,2023-04-22,6719.36,,Open
CLM-002536,B,2023,2023-08-09,2023-08-21,2940.25,,Open
CLM-002537,B,2023,2023-06-20,2023-08-06,7167.46,2025-01-24,Closed
CLM-002538,B,2023,2023-07-03,2023-08-22,45471.72,,Open
CLM-002539,B,2023,2023-09-05,2023-09-15,2782.23,2025-11-02,Closed
CLM-002540,B,2023,2023-01-29,2023-02-21,7608.96,2025-11-01,Closed
CLM-002541,B,2023,2023-09-11,2024-01-21,69833.11,,Open
CLM-002542,B,2023,2023-11-11,2023-11-24,14344.85,,Open
CLM-002543,B,2023,2023-10-07,2023-11-18,7037.07,,Open
CLM-002544,B,2023,2023-04-14,2023-05-16,9632.67,,Open
CLM-002545,B,2023,2023-05-09,2023-07-19,14627.18,2025-12-21,Closed
CLM-002546,B,2023,2023-12-17,2024-01-23,46776.94,,Open
CLM-002547,B,2023,2023-10-16,2023-11-06,6058.39,,Open
CLM-002548,B,2023,2023-12-07,2024-01-07,4919.92,,Open
CLM-002549,B,2023,2023-11-30,2024-01-01,2781.69,,Open
CLM-002550,B,2023,2023-06-08,2023-07-05,10841.52,2024-02-17,Closed
CLM-002551,B,2023,2023-02-17,2023-02-27,2713.9,2025-07-07,Closed
CLM-002552,B,2023,2023-03-25,2023-06-14,6443.12,2025-09-18,Closed
CLM-002553,B,2023,2023-04-18,2023-06-27,4282.83,,Open
CLM-002554,B,2023,2023-11-01,2023-11-14,26436.46,,Open
CLM-002555,B,2023,2023-04-11,2023-05-04,6184.58,,Open
CLM-002556,B,2023,2023-05-12,2023-06-06,14198.13,2025-07-24,Closed
CLM-002557,B,2023,2023-11-07,2023-11-18,2262.02,,Open
CLM-002558,B,2023,2023-03-01,2023-03-07,11555.49,,Open
CLM-002559,B,2023,2023-08-31,2023-09-17,3268.39,2024-12-14,Closed
CLM-002560,B,2023,2023-07-21,2023-08-12,6672.66,,Open
CLM-002561,B,2023,2023-12-26,2024-01-04,75078.42,,Open
CLM-002562,B,2023,2023-06-28,2023-08-01,23206.7,2024-10-02,Closed
CLM-002563,B,2023,2023-07-10,2023-09-24,8765.89,,Open
CLM-002564,B,2023,2023-11-07,2024-01-04,185904.85,2025-09-24,Closed
CLM-002565,B,2023,2023-12-28,2024-01-24,4257.38,,Open
CLM-002566,B,2023,2023-09-24,2023-09-30,28742.11,,Open
CLM-002567,B,2023,2023-09-12,2023-11-04,2415.28,2025-02-20,Closed
CLM-002568,B,2023,2023-11-16,2023-12-19,7884.0,,Open
CLM-002569,B,2023,2023-12-24,2024-02-04,2862.04,,Open
CLM-002570,B,2023,2023-09-26,2024-02-14,12489.81,2025-02-25,Closed
CLM-002571,B,2023,2023-04-17,2023-05-02,10382.52,,Open
CLM-002572,B,2023,2023-08-23,2023-08-26,7435.92,,Open
CLM-002573,B,2023,2023-03-28,2023-04-09,26875.26,2025-11-22,Closed
CLM-002574,B,2023,2023-07-02,2023-08-15,5860.14,,Open
CLM-002575,B,2023,2023-06-12,2023-07-12,13313.53,,Open
CLM-002576,B,2023,2023-12-27,2024-01-07,20946.66,2025-03-21,Closed
CLM-002577,B,2023,2023-07-22,2023-07-31,2527.45,,Open
CLM-002578,B,2023,2023-12-17,2024-01-08,4961.63,,Open
CLM-002579,B,2023,2023-10-22,2023-11-02,10362.44,,Open
CLM-002580,B,2023,2023-11-06,2023-12-21,17587.68,,Open
CLM-002581,B,2023,2023-03-03,2023-03-24,36356.75,,Open
CLM-002582,B,2023,2023-10-10,2023-10-28,8089.58,,Open
CLM-002583,B,2023,2023-04-02,2023-04-18,7376.05,,Open
CLM-002584,B,2023,2023-07-30,2023-09-05,4427.08,2025-02-12,Closed
CLM-002585,B,2023,2023-06-27,2023-07-28,13351.87,2025-04-22,Closed
CLM-002586,B,2023,2023-04-05,2023-05-10,7508.26,2024-06-12,Closed
CLM-002587,B,2023,2023-12-26,2024-01-29,31548.58,2025-07-30,Closed
CLM-002588,B,2023,2023-11-16,2023-12-14,9048.15,,Open
CLM-002589,B,2023,2023-07-29,2023-08-11,16364.53,2025-02-11,Closed
CLM-002590,B,2023,2023-01-04,2023-01-20,5878.29,,Open
CLM-002591,B,2023,2023-03-08,2023-03-29,4854.65,2025-10-27,Closed
CLM-002592,B,2023,2023-03-25,2023-08-28,14658.93,,Open
CLM-002593,B,2023,2023-12-21,2023-12-31,613.4,2025-01-12,Closed
CLM-002594,B,2023,2023-05-28,2023-06-18,5666.63,2024-10-04,Closed
CLM-002595,B,2023,2023-01-18,2023-02-19,3427.71,,Open
CLM-002596,B,2023,2023-08-02,2023-08-25,29763.54,,Open
CLM-002597,B,2023,2023-12-13,2024-02-21,6579.69,,Open
CLM-002598,B,2023,2023-07-24,2023-08-16,5894.57,,Open
CLM-002599,B,2023,2023-06-12,2023-07-06,9432.04,2024-10-23,Closed
CLM-002600,B,2023,2023-03-06,2023-05-02,5710.0,2023-06-10,Closed
CLM-002601,B,2023,2023-11-17,2024-03-23,6815.04,2024-08-31,Closed
CLM-002602,B,2023,2023-02-08,2023-05-11,10782.11,2025-11-28,Closed
CLM-002603,B,2023,2023-12-07,2024-01-02,6694.8,2025-05-22,Closed
CLM-002604,B,2023,2023-03-23,2023-04-20,6650.84,2024-10-05,Closed
CLM-002605,B,2023,2023-02-20,2023-03-23,3901.9,2024-02-22,Closed
CLM-002606,B,2023,2023-05-08,2023-06-10,3419.94,,Open
CLM-002607,B,2023,2023-01-02,2023-01-17,10427.09,2024-03-26,Closed
CLM-002608,B,2023,2023-01-06,2023-03-10,13068.32,,Open
CLM-002609,B,2023,2023-03-10,2023-04-14,2658.49,,Open
CLM-002610,B,2023,2023-09-10,2023-10-08,19813.01,2025-08-18,Closed
CLM-002611,B,2023,2023-10-25,2023-11-04,19887.83,2025-10-31,Closed
CLM-002612,B,2023,2023-04-01,2023-05-02,24130.28,2025-08-13,Closed
CLM-002613,B,2023,2023-08-24,2023-08-30,12988.06,,Open
CLM-002614,B,2023,2023-05-09,2023-05-27,17699.9,,Open
CLM-002615,B,2023,2023-06-08,2023-06-27,73295.86,2025-08-24,Closed
CLM-002616,B,2023,2023-05-03,2023-06-09,7477.97,2024-03-14,Closed
CLM-002617,B,2023,2023-11-22,2024-04-04,3776.68,,Open
CLM-002618,B,2023,2023-07-06,2023-08-22,2412.21,,Open
CLM-002619,B,2023,2023-07-04,2023-10-07,49421.11,2025-04-26,Closed
CLM-002620,B,2023,2023-11-10,2023-12-30,50019.61,,Open
CLM-002621,B,2023,2023-08-28,2023-11-09,4220.71,,Open
CLM-002622,B,2023,2023-02-24,2023-07-06,5058.63,2024-11-14,Closed
CLM-002623,B,2023,2023-03-10,2023-03-26,7325.31,2025-07-31,Closed
CLM-002624,B,2023,2023-05-05,2023-05-20,30342.82,,Open
CLM-002625,B,2023,2023-02-05,2023-03-28,3025.44,,Open
CLM-002626,B,2023,2023-09-10,2023-10-09,1621.7,,Open
CLM-002627,B,2023,2023-06-30,2023-08-04,72127.07,,Open
CLM-002628,B,2023,2023-01-17,2023-02-10,13137.76,,Open
CLM-002629,B,2023,2023-05-27,2023-06-14,14967.44,,Open
CLM-002630,B,2023,2023-10-30,2024-02-16,8169.98,,Open
CLM-002631,B,2024,2024-01-17,2024-02-07,6079.39,,Open
CLM-002632,B,2024,2024-03-12,2024-04-14,2179.01,,Open
CLM-002633,B,2024,2024-06-07,2024-08-25,7799.71,,Open
CLM-002634,B,2024,2024-03-06,2024-04-15,6680.28,,Open
CLM-002635,B,2024,2024-07-21,2024-10-08,3082.97,2025-07-06,Closed
CLM-002636,B,2024,2024-04-20,2024-05-07,21226.81,,Open
CLM-002637,B,2024,2024-04-16,2024-05-01,33593.43,,Open
CLM-002638,B,2024,2024-02-09,2024-03-10,10146.92,,Open
CLM-002639,B,2024,2024-07-03,2024-08-01,7859.44,2025-04-08,Closed
CLM-002640,B,2024,2024-03-10,2024-04-04,55310.87,,Open
CLM-002641,B,2024,2024-08-18,2024-08-31,10219.1,,Open
CLM-002642,B,2024,2024-12-09,2025-02-25,3853.16,,Open
CLM-002643,B,2024,2024-11-29,2024-12-21,5715.35,,Open
CLM-002644,B,2024,2024-09-01,2024-12-03,7926.18,,Open
CLM-002645,B,2024,2024-10-22,2024-11-21,13067.27,,Open
CLM-002646,B,2024,2024-12-03,2025-01-22,10494.56,,Open
CLM-002647,B,2024,2024-09-06,2024-10-22,12621.43,,Open
CLM-002648,B,2024,2024-04-04,2024-04-19,2566.54,,Open
CLM-002649,B,2024,2024-07-02,2024-08-11,19161.96,,Open
CLM-002650,B,2024,2024-11-09,2025-03-29,10437.67,,Open
CLM-002651,B,2024,2024-09-01,2024-10-07,108371.17,2025-07-19,Closed
CLM-002652,B,2024,2024-05-12,2024-07-12,7289.64,,Open
CLM-002653,B,2024,2024-03-02,2024-04-23,14002.1,,Open
CLM-002654,B,2024,2024-02-22,2024-03-31,139684.51,,Open
CLM-002655,B,2024,2024-05-17,2024-06-20,12434.24,2025-02-08,Closed
CLM-002656,B,2024,2024-10-21,2024-12-06,9778.68,,Open
CLM-002657,B,2024,2024-07-21,2024-09-14,4205.25,,Open
CLM-002658,B,2024,2024-01-22,2024-02-01,42316.13,2025-06-30,Closed
CLM-002659,B,2024,2024-12-02,2025-01-07,3590.46,2025-12-08,Closed
CLM-002660,B,2024,2024-05-28,2024-06-22,15399.95,,Open
CLM-002661,B,2024,2024-05-22,2024-06-12,6736.79,2025-08-07,Closed
CLM-002662,B,2024,2024-10-26,2025-01-18,8745.01,,Open
CLM-002663,B,2024,2024-05-17,2024-06-02,2815.61,,Open
CLM-002664,B,2024,2024-08-13,2024-08-22,35702.42,,Open
CLM-002665,B,2024,2024-12-03,2025-01-28,8062.96,,Open
CLM-002666,B,2024,2024-07-08,2024-07-17,3410.59,,Open
CLM-002667,B,2024,2024-08-12,2024-08-18,32858.21,2025-09-19,Closed
CLM-002668,B,2024,2024-05-09,2024-07-10,6550.3,2025-02-13,Closed
CLM-002669,B,2024,2024-11-21,2024-12-25,14146.13,,Open
CLM-002670,B,2024,2024-01-28,2024-03-11,22525.99,,Open
CLM-002671,B,2024,2024-04-11,2024-05-02,16077.63,,Open
CLM-002672,B,2024,2024-12-28,2025-01-06,1385.24,,Open
CLM-002673,B,2024,2024-06-26,2024-07-07,19699.5,,Open
CLM-002674,B,2024,2024-03-04,2024-03-28,9487.04,,Open
CLM-002675,B,2024,2024-05-31,2024-06-10,7692.55,,Open
CLM-002676,B,2024,2024-04-03,2024-05-11,9413.64,2025-11-21,Closed
CLM-002677,B,2024,2024-07-11,2024-07-31,2373.45,,Open
CLM-002678,B,2024,2024-03-27,2024-04-30,12412.33,2024-08-20,Closed
CLM-002679,B,2024,2024-05-26,2024-06-28,2973.78,2025-09-07,Closed
CLM-002680,B,2024,2024-11-28,2025-01-07,8003.65,,Open
CLM-002681,B,2024,2024-01-31,2024-03-15,12009.89,2025-06-01,Closed
CLM-002682,B,2024,2024-10-06,2024-10-28,27888.25,,Open
CLM-002683,B,2024,2024-01-29,2024-03-03,4903.34,,Open
CLM-002684,B,2024,2024-06-16,2024-07-22,39439.99,,Open
CLM-002685,B,2024,2024-09-01,2024-09-05,24815.2,,Open
CLM-002686,B,2024,2024-12-15,2025-02-03,7015.39,,Open
CLM-002687,B,2024,2024-04-01,2024-05-04,3760.31,,Open
CLM-002688,B,2024,2024-01-20,2024-03-07,2764.68,,Open
CLM-002689,B,2024,2024-10-01,2024-10-11,13353.04,,Open
CLM-002690,B,2024,2024-11-23,2024-12-16,5288.27,,Open
CLM-002691,B,2024,2024-07-25,2024-08-06,31288.28,2025-06-18,Closed
CLM-002692,B,2024,2024-01-23,2024-03-17,5576.23,,Open
CLM-002693,B,2024,2024-07-02,2024-07-11,4551.74,,Open
CLM-002694,B,2024,2024-05-23,2024-06-06,12893.78,2025-06-09,Closed
CLM-002695,B,2024,2024-06-14,2024-07-30,5542.94,,Open
CLM-002696,B,2024,2024-01-20,2024-02-07,10486.98,,Open
CLM-002697,B,2024,2024-04-26,2024-05-10,25722.9,,Open
CLM-002698,B,2024,2024-12-31,2025-03-02,11587.16,,Open
CLM-002699,B,2024,2024-01-17,2024-03-21,11626.96,2025-11-18,Closed
CLM-002700,B,2024,2024-11-30,2025-01-22,12561.06,,Open
CLM-002701,B,2024,2024-07-08,2024-09-05,2199.2,,Open
CLM-002702,B,2024,2024-08-02,2024-08-26,14909.17,2025-01-06,Closed
CLM-002703,B,2024,2024-12-07,2025-01-01,12050.38,,Open
CLM-002704,B,2024,2024-03-20,2024-04-06,23616.06,,Open
CLM-002705,B,2024,2024-12-26,2025-01-29,18144.98,,Open
CLM-002706,B,2024,2024-04-11,2024-04-30,8644.35,,Open
CLM-002707,B,2024,2024-05-07,2024-05-28,26842.27,,Open
CLM-002708,B,2024,2024-06-13,2024-07-31,7953.91,2025-11-11,Closed
CLM-002709,B,2024,2024-08-08,2024-10-24,13054.93,,Open
CLM-002710,B,2024,2024-04-28,2024-06-08,7819.84,,Open
CLM-002711,B,2024,2024-10-17,2025-02-20,15897.47,,Open
CLM-002712,B,2024,2024-01-08,2024-01-25,7364.6,2025-07-26,Closed
CLM-002713,B,2024,2024-08-31,2024-09-06,47212.89,2025-06-24,Closed
CLM-002714,B,2024,2024-08-28,2024-10-20,66296.52,,Open
CLM-002715,B,2024,2024-07-14,2024-07-30,23208.61,,Open
CLM-002716,B,2024,2024-08-12,2024-09-05,42825.32,,Open
CLM-002717,B,2024,2024-09-30,2024-10-07,2532.87,2025-08-18,Closed
CLM-002718,B,2024,2024-11-26,2024-12-10,2822.22,,Open
CLM-002719,B,2024,2024-03-20,2024-03-29,7745.47,,Open
CLM-002720,B,2024,2024-06-23,2024-07-14,10806.35,2025-02-03,Closed
CLM-002721,B,2024,2024-07-24,2024-08-14,8674.09,,Open
CLM-002722,B,2024,2024-05-06,2024-06-07,2304.53,2025-12-22,Closed
CLM-002723,B,2024,2024-12-22,2025-03-12,29946.05,,Open
CLM-002724,B,2024,2024-07-06,2024-08-26,75169.57,,Open
CLM-002725,B,2024,2024-08-04,2024-08-12,33722.9,,Open
CLM-002726,B,2024,2024-03-12,2024-04-29,28183.86,,Open
CLM-002727,B,2024,2024-06-01,2024-07-03,12805.24,,Open
CLM-002728,B,2024,2024-08-16,2024-09-12,4799.21,2025-07-01,Closed
CLM-002729,B,2024,2024-06-05,2024-07-04,11121.32,,Open
CLM-002730,B,2024,2024-10-08,2024-11-12,71889.08,,Open
CLM-002731,B,2024,2024-02-20,2024-03-08,7532.12,,Open
CLM-002732,B,2024,2024-02-26,2024-03-22,6852.79,,Open
CLM-002733,B,2024,2024-05-04,2024-07-20,28753.02,,Open
CLM-002734,B,2024,2024-04-26,2024-05-13,30559.6,,Open
CLM-002735,B,2024,2024-10-25,2024-11-07,4777.65,,Open
CLM-002736,B,2024,2024-11-13,2024-12-11,8184.6,,Open
CLM-002737,B,2024,2024-06-21,2024-07-03,6563.73,,Open
CLM-002738,B,2024,2024-07-04,2024-07-11,11092.38,,Open
CLM-002739,B,2024,2024-04-17,2024-05-09,28657.71,,Open
CLM-002740,B,2024,2024-07-13,2024-10-16,4974.0,,Open
CLM-002741,B,2024,2024-09-15,2024-10-14,28291.21,,Open
CLM-002742,B,2024,2024-09-21,2024-10-25,11422.64,,Open
CLM-002743,B,2024,2024-12-20,2024-12-25,88025.75,,Open
CLM-002744,B,2024,2024-07-30,2024-09-10,13942.74,,Open
CLM-002745,B,2024,2024-05-04,2024-06-05,9519.28,,Open
CLM-002746,B,2024,2024-01-26,2024-02-12,17634.36,,Open
CLM-002747,B,2024,2024-09-08,2024-10-12,7635.44,,Open
CLM-002748,B,2024,2024-10-21,2024-11-24,2002.31,,Open
CLM-002749,B,2024,2024-07-21,2024-08-02,8343.63,,Open
CLM-002750,B,2024,2024-12-03,2025-01-11,8223.7,2025-12-30,Closed
CLM-002751,B,2024,2024-04-25,2024-07-12,2412.37,,Open
CLM-002752,B,2024,2024-01-20,2024-02-13,9730.28,,Open
CLM-002753,B,2024,2024-08-19,2024-09-02,1560.13,,Open
CLM-002754,B,2024,2024-02-14,2024-03-11,7561.92,,Open
CLM-002755,B,2024,2024-01-31,2024-03-30,13012.32,,Open
CLM-002756,B,2024,2024-09-13,2024-09-24,11373.94,,Open
CLM-002757,B,2024,2024-06-07,2024-07-24,7134.5,,Open
CLM-002758,B,2024,2024-08-09,2024-08-26,9619.31,,Open
CLM-002759,B,2024,2024-09-30,2024-11-05,5065.99,,Open
CLM-002760,B,2024,2024-05-20,2024-06-08,10508.82,,Open
CLM-002761,B,2024,2024-08-11,2024-08-30,10974.86,,Open
CLM-002762,B,2024,2024-07-16,2024-10-25,4553.5,,Open
CLM-002763,B,2024,2024-07-31,2024-08-09,13303.44,,Open
CLM-002764,B,2024,2024-09-14,2024-10-28,13227.37,,Open
CLM-002765,B,2024,2024-05-19,2024-09-15,8932.65,,Open
CLM-002766,B,2024,2024-07-03,2024-08-23,96033.98,,Open
CLM-002767,B,2024,2024-08-04,2024-08-14,9144.27,,Open
CLM-002768,B,2024,2024-02-21,2024-03-02,8052.33,,Open
CLM-002769,B,2024,2024-03-18,2024-04-03,7060.72,,Open
CLM-002770,B,2024,2024-02-02,2024-03-07,4267.41,,Open
CLM-002771,B,2024,2024-03-13,2024-04-17,19529.19,,Open
CLM-002772,B,2024,2024-06-09,2024-06-19,5541.92,,Open
CLM-002773,B,2024,2024-12-09,2024-12-23,6177.63,,Open
CLM-002774,B,2024,2024-12-03,2024-12-18,6348.41,,Open
CLM-002775,B,2024,2024-10-06,2024-10-31,4212.9,,Open
CLM-002776,B,2024,2024-07-23,2024-12-16,2085.21,,Open
CLM-002777,B,2024,2024-03-15,2024-03-29,6802.75,2025-10-06,Closed
CLM-002778,B,2024,2024-05-11,2024-05-24,23195.77,,Open
CLM-002779,B,2024,2024-10-07,2024-10-19,12467.25,2025-08-01,Closed
CLM-002780,B,2024,2024-11-28,2025-01-16,43589.94,,Open
CLM-002781,B,2024,2024-12-18,2025-01-16,20731.03,,Open
CLM-002782,B,2024,2024-05-22,2024-06-05,16831.68,,Open
CLM-002783,B,2024,2024-06-27,2024-07-19,58584.85,,Open
CLM-002784,B,2024,2024-07-05,2024-07-20,9517.3,,Open
CLM-002785,B,2024,2024-01-21,2024-02-28,11025.24,,Open
CLM-002786,B,2024,2024-02-12,2024-10-25,10296.07,,Open
CLM-002787,B,2024,2024-01-17,2024-03-03,42923.32,2025-02-07,Closed
CLM-002788,B,2024,2024-09-26,2024-10-23,10429.05,2025-11-04,Closed
CLM-002789,B,2024,2024-03-23,2024-04-09,5738.49,,Open
CLM-002790,B,2024,2024-09-13,2024-09-23,17845.42,,Open
CLM-002791,B,2024,2024-05-17,2024-07-09,4918.46,,Open
CLM-002792,B,2024,2024-10-17,2024-12-07,16979.21,,Open
CLM-002793,B,2024,2024-02-12,2024-03-03,15213.36,2025-04-20,Closed
CLM-002794,B,2024,2024-04-29,2024-07-17,8744.48,,Open
CLM-002795,B,2024,2024-03-15,2024-04-14,17490.83,2025-10-16,Closed
CLM-002796,B,2024,2024-06-08,2024-08-02,2655.31,,Open
CLM-002797,B,2024,2024-07-24,2024-08-31,12083.95,,Open
CLM-002798,B,2024,2024-03-02,2024-03-28,6803.84,,Open
CLM-002799,B,2024,2024-09-01,2024-09-14,143986.52,2025-11-30,Closed
CLM-002800,B,2024,2024-12-19,2025-01-14,83013.84,,Open
CLM-002801,B,2024,2024-01-16,2024-03-14,6018.42,,Open
CLM-002802,B,2024,2024-02-01,2024-02-20,2936.05,,Open
CLM-002803,B,2024,2024-12-14,2025-01-25,34487.34,,Open
CLM-002804,B,2024,2024-08-25,2024-09-06,7545.65,,Open
CLM-002805,B,2024,2024-12-02,2025-01-26,5032.21,,Open
CLM-002806,B,2025,2025-09-15,2025-11-06,8700.16,,Open
CLM-002807,B,2025,2025-05-06,2025-06-07,15991.3,,Open
CLM-002808,B,2025,2025-01-06,2025-03-19,46759.42,,Open
CLM-002809,B,2025,2025-04-11,2025-05-03,8552.39,,Open
CLM-002810,B,2025,2025-06-21,2025-06-30,18200.96,,Open
CLM-002811,B,2025,2025-08-17,2025-09-29,24579.98,,Open
CLM-002812,B,2025,2025-10-07,2025-11-09,9164.44,,Open
CLM-002813,B,2025,2025-07-10,2025-08-23,31500.87,,Open
CLM-002814,B,2025,2025-02-06,2025-02-16,33094.6,,Open
CLM-002815,B,2025,2025-05-23,2025-09-25,38976.55,,Open
CLM-002816,B,2025,2025-09-26,2025-11-17,16720.7,,Open
CLM-002817,B,2025,2025-08-22,2025-09-14,107815.47,,Open
CLM-002818,B,2025,2025-08-02,2025-08-16,6240.27,,Open
CLM-002819,B,2025,2025-07-05,2025-09-14,77141.22,,Open
CLM-002820,B,2025,2025-07-04,2025-07-16,22222.21,,Open
CLM-002821,B,2025,2025-12-29,2026-06-30,41600.64,,Open
CLM-002822,B,2025,2025-08-07,2025-08-25,8182.9,,Open
CLM-002823,B,2025,2025-08-06,2025-12-02,23831.73,,Open
CLM-002824,B,2025,2025-05-03,2025-05-28,40679.62,,Open
CLM-002825,B,2025,2025-06-28,2025-10-12,4045.8,,Open
CLM-002826,B,2025,2025-09-17,2025-10-03,9448.92,,Open
CLM-002827,B,2025,2025-11-10,2025-12-10,1537.64,,Open
CLM-002828,B,2025,2025-10-12,2025-12-08,9319.65,,Open
CLM-002829,B,2025,2025-08-30,2025-10-19,5190.17,,Open
CLM-002830,B,2025,2025-10-12,2025-12-23,8988.32,,Open
CLM-002831,B,2025,2025-01-13,2025-02-02,160710.47,,Open
CLM-002832,B,2025,2025-04-09,2025-05-11,53127.56,,Open
CLM-002833,B,2025,2025-03-30,2025-06-19,2928.46,,Open
CLM-002834,B,2025,2025-08-27,2025-09-13,18282.98,,Open
CLM-002835,B,2025,2025-10-02,2025-11-18,23872.67,,Open
CLM-002836,B,2025,2025-02-24,2025-03-21,8049.84,2025-07-19,Closed
CLM-002837,B,2025,2025-03-12,2025-04-16,12929.42,,Open
CLM-002838,B,2025,2025-06-30,2025-08-01,14142.25,,Open
CLM-002839,B,2025,2025-12-20,2026-01-04,3188.96,,Open
CLM-002840,B,2025,2025-01-01,2025-01-25,4259.33,,Open
CLM-002841,B,2025,2025-11-18,2025-12-21,12858.28,,Open
CLM-002842,B,2025,2025-03-12,2025-04-08,12026.04,,Open
CLM-002843,B,2025,2025-04-09,2025-07-23,5728.18,,Open
CLM-002844,B,2025,2025-08-19,2025-10-25,5294.26,,Open
CLM-002845,B,2025,2025-09-24,2025-10-31,10108.87,,Open
CLM-002846,B,2025,2025-11-16,2025-12-02,24761.13,,Open
CLM-002847,B,2025,2025-01-03,2025-01-18,10232.98,,Open
CLM-002848,B,2025,2025-01-18,2025-06-12,48687.55,,Open
CLM-002849,B,2025,2025-06-24,2025-07-07,5795.57,,Open
CLM-002850,B,2025,2025-07-23,2025-08-24,13106.3,,Open
CLM-002851,B,2025,2025-04-06,2025-05-16,7929.57,,Open
CLM-002852,B,2025,2025-08-21,2025-09-13,18831.85,,Open
CLM-002853,B,2025,2025-04-07,2025-04-20,5356.78,,Open
CLM-002854,B,2025,2025-12-07,2025-12-23,64398.75,,Open
CLM-002855,B,2025,2025-03-06,2025-03-25,2325.46,,Open
CLM-002856,B,2025,2025-08-28,2025-09-14,53014.38,,Open
CLM-002857,B,2025,2025-07-13,2025-10-07,11922.56,,Open
CLM-002858,B,2025,2025-02-07,2025-03-08,18227.45,,Open
CLM-002859,B,2025,2025-08-09,2025-08-28,37369.8,,Open
CLM-002860,B,2025,2025-02-23,2025-03-27,24121.97,,Open
CLM-002861,B,2025,2025-07-16,2025-09-05,5616.42,,Open
CLM-002862,B,2025,2025-08-21,2025-09-12,19042.68,,Open
CLM-002863,B,2025,2025-01-27,2025-03-29,60952.01,,Open
CLM-002864,B,2025,2025-03-20,2025-03-30,4861.43,,Open
CLM-002865,B,2025,2025-04-18,2025-07-03,76742.23,,Open
CLM-002866,B,2025,2025-12-05,2026-01-03,15640.83,,Open
CLM-002867,B,2025,2025-03-22,2025-04-19,7375.34,,Open
CLM-002868,B,2025,2025-12-03,2025-12-20,4834.73,,Open
CLM-002869,B,2025,2025-07-14,2025-07-25,8942.89,,Open
CLM-002870,B,2025,2025-12-13,2025-12-20,1823.88,,Open
CLM-002871,B,2025,2025-10-31,2025-11-16,7498.11,,Open
CLM-002872,B,2025,2025-04-17,2025-06-04,8623.33,,Open
CLM-002873,B,2025,2025-07-24,2025-08-06,4094.16,,Open
CLM-002874,B,2025,2025-09-19,2025-09-27,21808.86,,Open
CLM-002875,B,2025,2025-01-29,2025-02-12,8980.08,,Open
CLM-002876,B,2025,2025-08-31,2025-09-22,6123.88,,Open
CLM-002877,B,2025,2025-06-17,2025-07-09,42795.89,,Open
CLM-002878,B,2025,2025-01-13,2025-02-09,15207.67,,Open
CLM-002879,B,2025,2025-11-13,2026-01-20,11740.46,,Open
CLM-002880,B,2025,2025-04-07,2025-06-27,5768.21,,Open
CLM-002881,B,2025,2025-11-16,2026-04-14,12319.35,,Open
CLM-002882,B,2025,2025-03-17,2025-03-25,10478.32,,Open
CLM-002883,B,2025,2025-07-17,2025-08-01,3856.84,,Open
CLM-002884,B,2025,2025-05-16,2025-07-07,8423.22,,Open
CLM-002885,B,2025,2025-11-22,2025-12-12,18683.38,,Open
CLM-002886,B,2025,2025-12-14,2026-02-11,18560.3,,Open
CLM-002887,B,2025,2025-10-09,2025-11-13,8888.25,,Open
CLM-002888,B,2025,2025-11-05,2026-02-19,20431.44,,Open
CLM-002889,B,2025,2025-10-08,2025-12-16,4465.01,,Open
CLM-002890,B,2025,2025-04-18,2025-06-27,4593.75,,Open
CLM-002891,B,2025,2025-12-02,2025-12-23,8716.22,,Open
CLM-002892,B,2025,2025-07-13,2025-08-09,43402.95,,Open
CLM-002893,B,2025,2025-05-06,2025-05-29,12751.96,,Open
CLM-002894,B,2025,2025-03-12,2025-03-20,8525.43,,Open
CLM-002895,B,2025,2025-09-17,2025-12-23,45298.71,,Open
CLM-002896,B,2025,2025-04-12,2025-06-05,8435.34,,Open
CLM-002897,B,2025,2025-08-27,2025-09-18,85388.79,,Open
CLM-002898,B,2025,2025-01-24,2025-04-19,6865.38,,Open
CLM-002899,B,2025,2025-08-20,2025-09-07,4336.66,,Open
CLM-002900,B,2025,2025-08-23,2025-08-29,9422.63,,Open
CLM-002901,B,2025,2025-07-11,2025-09-16,8733.61,,Open
CLM-002902,B,2025,2025-08-28,2025-09-07,5229.81,,Open
CLM-002903,B,2025,2025-12-29,2026-01-23,119620.71,,Open
CLM-002904,B,2025,2025-11-03,2025-12-08,14706.83,,Open
CLM-002905,B,2025,2025-06-10,2025-07-20,16810.23,,Open
CLM-002906,B,2025,2025-11-15,2026-01-13,7183.9,,Open
CLM-002907,B,2025,2025-12-15,2026-01-31,6459.5,,Open
CLM-002908,B,2025,2025-02-28,2025-04-15,28141.49,,Open
CLM-002909,B,2025,2025-05-12,2025-05-27,2357.21,,Open
CLM-002910,B,2025,2025-09-29,2025-11-05,3844.82,,Open
CLM-002911,B,2025,2025-07-07,2025-07-15,8747.85,,Open
CLM-002912,B,2025,2025-02-19,2025-06-03,37940.9,,Open
CLM-002913,B,2025,2025-06-22,2025-07-01,7783.74,,Open
CLM-002914,B,2025,2025-05-17,2025-06-08,16084.18,,Open
CLM-002915,B,2025,2025-09-27,2025-10-07,11260.27,,Open
CLM-002916,B,2025,2025-07-08,2025-07-24,36079.89,,Open
CLM-002917,B,2025,2025-02-21,2025-03-23,2562.85,,Open
CLM-002918,B,2025,2025-01-19,2025-02-07,21572.28,,Open
CLM-002919,B,2025,2025-04-15,2025-06-28,9145.36,,Open
CLM-002920,B,2025,2025-02-27,2025-04-03,25657.36,,Open
CLM-002921,B,2025,2025-11-16,2025-12-06,5174.6,,Open
CLM-002922,B,2025,2025-04-09,2025-05-05,11225.84,,Open
CLM-002923,B,2025,2025-08-20,2025-11-07,9991.45,,Open
CLM-002924,B,2025,2025-02-16,2025-04-19,4373.81,,Open
CLM-002925,B,2025,2025-06-11,2025-06-23,3388.76,,Open
CLM-002926,B,2025,2025-12-07,2025-12-24,6443.26,,Open
CLM-002927,B,2025,2025-08-23,2025-10-05,12367.82,,Open
CLM-002928,B,2025,2025-04-16,2025-05-25,5479.5,,Open
CLM-002929,B,2025,2025-09-30,2025-10-12,8107.86,,Open
CLM-002930,B,2025,2025-07-02,2025-08-25,1944.0,,Open
CLM-002931,B,2025,2025-03-27,2025-04-10,7811.42,,Open
CLM-002932,B,2025,2025-12-30,2026-03-25,28090.6,,Open
CLM-002933,B,2025,2025-12-09,2026-01-23,20971.24,,Open
CLM-002934,B,2025,2025-07-26,2025-08-07,63355.09,,Open
CLM-002935,B,2025,2025-01-13,2025-02-01,13728.71,,Open
CLM-002936,B,2025,2025-05-31,2025-06-19,5132.13,,Open
CLM-002937,B,2025,2025-07-07,2025-08-10,358222.6,,Open
CLM-002938,B,2025,2025-12-06,2025-12-31,73254.74,,Open
CLM-002939,B,2025,2025-09-25,2025-10-06,12770.37,,Open
CLM-002940,B,2025,2025-03-23,2025-04-01,118387.59,2025-05-31,Closed
CLM-002941,B,2025,2025-07-06,2025-08-21,5879.37,,Open
CLM-002942,B,2025,2025-03-07,2025-04-13,3481.25,,Open
CLM-002943,B,2025,2025-06-22,2025-07-24,5722.6,,Open
CLM-002944,B,2025,2025-07-15,2025-08-21,8974.12,,Open
CLM-002945,B,2025,2025-07-06,2025-07-24,91670.76,,Open
CLM-002946,B,2025,2025-06-05,2025-07-09,8480.21,,Open
CLM-002947,B,2025,2025-06-09,2026-01-23,4986.33,,Open
CLM-002948,B,2025,2025-10-18,2026-01-02,4811.85,,Open
CLM-002949,B,2025,2025-07-04,2025-07-27,31259.32,,Open
CLM-002950,B,2025,2025-01-16,2025-02-04,27420.93,,Open
CLM-002951,B,2025,2025-09-28,2025-10-01,7029.95,,Open
CLM-002952,B,2025,2025-08-14,2025-10-23,1961.95,,Open
CLM-002953,B,2025,2025-09-11,2025-11-06,3895.52,,Open
CLM-002954,B,2025,2025-09-17,2025-10-06,53295.61,,Open
CLM-002955,B,2025,2025-03-05,2025-03-14,20658.41,,Open
CLM-002956,B,2025,2025-12-21,2026-01-01,11657.13,,Open
CLM-002957,B,2025,2025-12-28,2026-02-08,61028.11,,Open
CLM-002958,B,2025,2025-02-23,2025-03-22,66253.3,,Open
CLM-002959,B,2025,2025-03-21,2025-05-12,10621.03,,Open
CLM-002960,B,2025,2025-03-31,2025-05-02,10801.63,,Open
CLM-002961,B,2025,2025-12-19,2026-02-22,6433.59,,Open
CLM-002962,B,2025,2025-12-07,2026-01-16,8453.44,,Open
CLM-002963,B,2025,2025-04-07,2025-06-04,2805.12,,Open
CLM-002964,B,2025,2025-08-19,2025-08-24,2794.68,,Open
CLM-002965,B,2025,2025-03-30,2025-04-10,2258.05,,Open
CLM-002966,B,2025,2025-01-14,2025-02-05,29701.61,,Open
CLM-002967,B,2025,2025-03-26,2025-06-05,2618.31,2025-12-18,Closed
CLM-002968,B,2025,2025-01-29,2025-06-13,65746.57,,Open
CLM-002969,B,2025,2025-11-06,2025-12-02,5614.61,,Open
CLM-002970,B,2025,2025-10-14,2025-11-01,54089.42,,Open
CLM-002971,B,2025,2025-03-09,2025-03-15,7851.64,2025-11-15,Closed
CLM-002972,B,2025,2025-07-27,2025-09-24,2606.83,,Open
CLM-002973,B,2025,2025-03-16,2025-04-04,35668.93,,Open
CLM-002974,B,2025,2025-07-26,2026-06-10,39752.73,,Open
CLM-002975,B,2025,2025-11-24,2025-12-10,4778.43,,Open
CLM-002976,B,2025,2025-11-18,2026-04-28,8096.12,,Open
CLM-002977,B,2025,2025-11-01,2025-12-25,4779.55,,Open
CLM-002978,B,2025,2025-03-30,2025-04-12,9827.54,,Open
CLM-002979,B,2025,2025-03-11,2025-04-16,12119.42,,Open
CLM-002980,B,2025,2025-02-28,2025-04-24,7950.8,,Open
CLM-002981,B,2025,2025-02-16,2025-03-13,2161.91,,Open
CLM-002982,B,2025,2025-08-13,2025-10-10,6440.49,,Open
CLM-002983,B,2025,2025-08-29,2025-10-25,20939.27,,Open
CLM-002984,B,2025,2025-11-19,2026-01-06,9061.79,,Open
CLM-002985,B,2025,2025-02-02,2025-03-03,8127.48,,Open
CLM-002986,B,2025,2025-04-07,2025-04-18,4671.19,,Open
CLM-002987,B,2025,2025-09-23,2025-10-21,6270.31,,Open
CLM-002988,B,2025,2025-09-06,2025-10-10,40012.02,,Open
CLM-002989,B,2025,2025-06-06,2025-06-12,3855.73,,Open
CLM-002990,B,2025,2025-02-25,2025-03-31,21274.54,,Open
CLM-002991,B,2025,2025-06-26,2025-07-23,11461.82,,Open
CLM-002992,B,2025,2025-03-04,2025-03-14,13743.31,,Open
CLM-002993,B,2025,2025-07-15,2025-08-06,5604.42,,Open
CLM-002994,B,2025,2025-11-26,2025-12-19,7947.92,,Open
CLM-002995,B,2025,2025-03-13,2025-07-31,10919.78,,Open
CLM-002996,C,2020,2020-02-13,2020-05-30,2920.7,,Open
CLM-002997,C,2020,2020-02-25,2020-04-06,1523.11,2024-05-29,Closed
CLM-002998,C,2020,2020-10-17,2022-02-07,2090.57,,Open
CLM-002999,C,2020,2020-12-01,2020-12-29,3615.83,2025-06-22,Closed
CLM-003000,C,2020,2020-08-16,2020-12-04,8277.09,2023-07-19,Closed
CLM-003001,C,2020,2020-10-04,2021-01-01,2722.46,,Open
CLM-003002,C,2020,2020-10-05,2020-10-28,13466.88,2022-12-29,Closed
CLM-003003,C,2020,2020-11-17,2020-12-17,8205.29,,Open
CLM-003004,C,2020,2020-02-05,2020-05-27,139041.74,,Open
CLM-003005,C,2020,2020-12-30,2021-02-19,1542.23,2024-11-16,Closed
CLM-003006,C,2020,2020-06-16,2020-08-16,14937.41,,Open
CLM-003007,C,2020,2020-07-17,2020-07-27,13287.4,2024-07-11,Closed
CLM-003008,C,2020,2020-10-18,2021-01-07,3339.5,,Open
CLM-003009,C,2020,2020-06-29,2020-08-26,12140.28,2023-05-03,Closed
CLM-003010,C,2020,2020-04-07,2020-05-19,26301.93,2023-10-26,Closed
CLM-003011,C,2020,2020-01-07,2020-03-09,12157.54,2024-02-03,Closed
CLM-003012,C,2020,2020-03-02,2020-04-02,53227.28,,Open
CLM-003013,C,2020,2020-01-31,2020-02-26,896.43,2025-09-28,Closed
CLM-003014,C,2020,2020-05-19,2020-06-24,4144.28,,Open
CLM-003015,C,2020,2020-10-12,2020-11-10,59052.89,2024-08-17,Closed
CLM-003016,C,2020,2020-05-02,2021-03-18,30967.44,2025-09-05,Closed
CLM-003017,C,2020,2020-08-06,2020-11-16,20226.74,2025-03-31,Closed
CLM-003018,C,2020,2020-03-08,2020-03-26,44753.53,2024-05-29,Closed
CLM-003019,C,2020,2020-08-04,2021-05-12,1209.31,2023-07-08,Closed
CLM-003020,C,2020,2020-12-15,2021-01-14,27098.25,2023-12-15,Closed
CLM-003021,C,2020,2020-04-25,2020-06-10,36877.22,,Open
CLM-003022,C,2020,2020-06-25,2020-10-03,5114.83,,Open
CLM-003023,C,2020,2020-12-18,2020-12-25,221776.14,2023-12-24,Closed
CLM-003024,C,2020,2020-08-10,2020-09-15,13632.18,2021-07-21,Closed
CLM-003025,C,2020,2020-05-26,2020-06-21,881.07,2023-03-18,Closed
CLM-003026,C,2020,2020-02-14,2020-04-08,16851.54,,Open
CLM-003027,C,2020,2020-12-09,2021-02-09,4768.47,,Open
CLM-003028,C,2020,2020-08-11,2020-09-21,41386.63,,Open
CLM-003029,C,2020,2020-01-21,2020-03-01,20399.83,2022-01-25,Closed
CLM-003030,C,2020,2020-07-22,2020-11-16,5483.94,2025-05-17,Closed
CLM-003031,C,2020,2020-12-20,2021-02-17,60937.09,2023-12-28,Closed
CLM-003032,C,2020,2020-12-07,2021-01-22,31956.59,2025-11-20,Closed
CLM-003033,C,2020,2020-03-12,2020-05-02,4212.85,2025-05-11,Closed
CLM-003034,C,2020,2020-05-30,2021-01-19,9143.19,2025-01-04,Closed
CLM-003035,C,2020,2020-12-27,2021-02-17,19686.93,,Open
CLM-003036,C,2020,2020-10-13,2020-11-10,7168.58,2024-11-25,Closed
CLM-003037,C,2020,2020-07-23,2020-07-31,7418.27,2024-07-03,Closed
CLM-003038,C,2020,2020-04-21,2020-05-03,11352.4,2022-05-14,Closed
CLM-003039,C,2020,2020-10-06,2020-11-04,3207.26,2024-06-12,Closed
CLM-003040,C,2020,2020-07-30,2020-09-08,841.58,2023-06-12,Closed
CLM-003041,C,2020,2020-07-10,2020-08-06,14317.55,2025-07-01,Closed
CLM-003042,C,2020,2020-12-05,2021-02-04,6059.33,,Open
CLM-003043,C,2020,2020-05-18,2020-06-13,3486.28,2023-06-29,Closed
CLM-003044,C,2020,2020-08-16,2020-09-04,1427.97,2022-12-15,Closed
CLM-003045,C,2020,2020-01-16,2020-04-03,1644.49,,Open
CLM-003046,C,2020,2020-09-17,2021-02-18,17745.44,2025-07-22,Closed
CLM-003047,C,2020,2020-07-19,2020-08-04,8435.55,2023-12-18,Closed
CLM-003048,C,2020,2020-11-16,2021-01-11,8093.62,,Open
CLM-003049,C,2020,2020-05-01,2020-05-09,2407.72,2023-07-09,Closed
CLM-003050,C,2020,2020-12-04,2020-12-15,5131.58,,Open
CLM-003051,C,2020,2020-07-29,2020-08-24,17797.72,,Open
CLM-003052,C,2020,2020-03-17,2020-07-19,10253.39,,Open
CLM-003053,C,2020,2020-02-28,2020-03-21,27952.22,2022-07-27,Closed
CLM-003054,C,2020,2020-03-12,2020-04-02,32909.93,2023-12-30,Closed
CLM-003055,C,2020,2020-04-20,2020-06-05,8151.17,2025-07-20,Closed
CLM-003056,C,2021,2021-07-20,2021-10-24,32345.0,,Open
CLM-003057,C,2021,2021-06-09,2021-07-08,30435.58,,Open
CLM-003058,C,2021,2021-07-05,2021-08-08,11051.07,2025-10-26,Closed
CLM-003059,C,2021,2021-06-12,2021-08-26,1642.33,2024-02-20,Closed
CLM-003060,C,2021,2021-06-06,2021-07-13,8803.78,2025-09-07,Closed
CLM-003061,C,2021,2021-09-02,2022-01-02,11223.24,2025-08-26,Closed
CLM-003062,C,2021,2021-12-30,2022-01-18,15938.96,,Open
CLM-003063,C,2021,2021-10-11,2021-10-27,4929.71,2025-04-02,Closed
CLM-003064,C,2021,2021-09-01,2021-10-30,42473.29,2024-02-09,Closed
CLM-003065,C,2021,2021-01-05,2021-03-10,11663.68,,Open
CLM-003066,C,2021,2021-07-07,2021-07-27,3996.99,2023-04-22,Closed
CLM-003067,C,2021,2021-12-15,2022-05-14,6790.47,,Open
CLM-003068,C,2021,2021-05-26,2022-02-04,118943.7,,Open
CLM-003069,C,2021,2021-07-20,2021-08-14,24595.3,2024-04-10,Closed
CLM-003070,C,2021,2021-04-29,2021-10-17,38202.1,2025-10-22,Closed
CLM-003071,C,2021,2021-03-11,2021-03-16,3478.9,,Open
CLM-003072,C,2021,2021-09-15,2022-01-11,5212.93,2023-01-19,Closed
CLM-003073,C,2021,2021-04-25,2021-05-15,5257.39,,Open
CLM-003074,C,2021,2021-08-03,2021-11-19,14186.17,,Open
CLM-003075,C,2021,2021-08-05,2021-08-23,9406.28,,Open
CLM-003076,C,2021,2021-11-06,2021-12-18,6551.37,2025-08-12,Closed
CLM-003077,C,2021,2021-12-09,2021-12-30,7564.53,,Open
CLM-003078,C,2021,2021-07-22,2021-08-28,4620.61,,Open
CLM-003079,C,2021,2021-01-19,2021-09-09,9343.54,2023-07-29,Closed
CLM-003080,C,2021,2021-08-01,2021-09-10,41146.33,2025-04-15,Closed
CLM-003081,C,2021,2021-11-19,2022-09-15,2026.06,,Open
CLM-003082,C,2021,2021-06-24,2021-07-25,17083.17,2022-07-17,Closed
CLM-003083,C,2021,2021-07-26,2022-01-14,55874.13,,Open
CLM-003084,C,2021,2021-10-06,2021-10-16,9307.74,2024-06-15,Closed
CLM-003085,C,2021,2021-06-10,2021-07-14,6262.16,2022-04-29,Closed
CLM-003086,C,2021,2021-06-01,2021-06-28,33131.02,,Open
CLM-003087,C,2021,2021-06-25,2021-12-21,3715.39,,Open
CLM-003088,C,2021,2021-11-07,2021-12-30,11188.1,,Open
CLM-003089,C,2021,2021-06-28,2021-07-04,3485.86,,Open
CLM-003090,C,2021,2021-04-30,2021-05-13,1345.61,,Open
CLM-003091,C,2021,2021-08-06,2021-08-24,9646.74,2025-06-17,Closed
CLM-003092,C,2021,2021-09-10,2021-12-23,2697.75,,Open
CLM-003093,C,2021,2021-11-30,2022-03-02,11330.36,2024-06-07,Closed
CLM-003094,C,2021,2021-11-22,2021-12-26,41231.99,2023-02-23,Closed
CLM-003095,C,2021,2021-10-13,2021-11-09,96227.51,2023-09-17,Closed
CLM-003096,C,2021,2021-10-08,2022-01-01,12782.72,,Open
CLM-003097,C,2021,2021-06-14,2021-06-30,38912.05,,Open
CLM-003098,C,2021,2021-05-06,2021-07-12,18142.63,,Open
CLM-003099,C,2021,2021-07-25,2021-09-25,7401.16,,Open
CLM-003100,C,2021,2021-09-15,2021-10-20,1263.85,,Open
CLM-003101,C,2021,2021-07-09,2021-09-11,74113.04,2024-04-01,Closed
CLM-003102,C,2021,2021-03-17,2021-05-05,3756.09,2025-08-05,Closed
CLM-003103,C,2021,2021-01-06,2021-03-17,56045.96,2025-06-20,Closed
CLM-003104,C,2021,2021-01-22,2021-02-04,21248.79,,Open
CLM-003105,C,2021,2021-06-05,2021-08-22,3750.52,,Open
CLM-003106,C,2021,2021-10-16,2022-02-06,16421.02,,Open
CLM-003107,C,2021,2021-10-16,2021-12-15,147782.03,,Open
CLM-003108,C,2021,2021-10-22,2022-01-07,66782.86,2025-12-17,Closed
CLM-003109,C,2021,2021-09-16,2021-10-26,6379.28,2024-04-08,Closed
CLM-003110,C,2021,2021-01-09,2021-04-19,5076.39,2025-05-28,Closed
CLM-003111,C,2021,2021-11-19,2022-01-05,12880.97,,Open
CLM-003112,C,2021,2021-12-12,2021-12-28,9498.26,2023-07-29,Closed
CLM-003113,C,2021,2021-11-07,2022-02-09,45437.12,2025-10-19,Closed
CLM-003114,C,2021,2021-06-12,2021-06-22,26810.21,,Open
CLM-003115,C,2021,2021-03-20,2021-05-17,1649.97,2025-06-06,Closed
CLM-003116,C,2021,2021-11-27,2021-12-28,19428.15,,Open
CLM-003117,C,2021,2021-03-09,2021-04-08,9351.56,,Open
CLM-003118,C,2021,2021-10-15,2021-12-06,11982.04,,Open
CLM-003119,C,2021,2021-12-19,2022-01-11,15275.82,,Open
CLM-003120,C,2022,2022-11-25,2022-12-23,6844.0,,Open
CLM-003121,C,2022,2022-04-17,2022-10-02,107641.23,,Open
CLM-003122,C,2022,2022-04-28,2022-07-13,13677.77,,Open
CLM-003123,C,2022,2022-07-24,2022-11-27,22561.99,,Open
CLM-003124,C,2022,2022-11-17,2022-12-13,37599.76,2025-09-05,Closed
CLM-003125,C,2022,2022-02-11,2022-03-30,12902.41,2023-11-10,Closed
CLM-003126,C,2022,2022-08-30,2022-11-02,236271.97,,Open
CLM-003127,C,2022,2022-11-10,2022-12-07,4121.83,2024-09-05,Closed
CLM-003128,C,2022,2022-09-26,2022-11-06,6047.0,,Open
CLM-003129,C,2022,2022-12-24,2023-01-19,4110.25,,Open
CLM-003130,C,2022,2022-01-05,2022-03-10,72671.44,,Open
CLM-003131,C,2022,2022-05-13,2022-05-26,30385.77,2025-06-12,Closed
CLM-003132,C,2022,2022-06-06,2022-08-20,6491.88,,Open
CLM-003133,C,2022,2022-07-15,2022-09-12,4499.64,,Open
CLM-003134,C,2022,2022-04-27,2022-06-03,59272.35,,Open
CLM-003135,C,2022,2022-04-03,2022-06-09,18339.75,,Open
CLM-003136,C,2022,2022-11-07,2022-12-09,61032.67,2025-08-14,Closed
CLM-003137,C,2022,2022-03-26,2022-04-19,11307.28,,Open
CLM-003138,C,2022,2022-12-15,2023-02-26,21777.27,,Open
CLM-003139,C,2022,2022-01-14,2022-03-31,17091.97,,Open
CLM-003140,C,2022,2022-06-04,2022-07-02,5923.22,,Open
CLM-003141,C,2022,2022-08-11,2022-09-06,10269.2,2025-12-10,Closed
CLM-003142,C,2022,2022-12-22,2023-01-29,3116.27,,Open
CLM-003143,C,2022,2022-10-07,2022-11-03,21346.45,,Open
CLM-003144,C,2022,2022-01-06,2022-07-02,96731.06,,Open
CLM-003145,C,2022,2022-10-01,2022-11-29,37697.63,,Open
CLM-003146,C,2022,2022-04-29,2022-06-13,28076.44,,Open
CLM-003147,C,2022,2022-11-10,2022-11-29,10458.52,,Open
CLM-003148,C,2022,2022-10-10,2023-01-05,334076.44,,Open
CLM-003149,C,2022,2022-03-12,2022-04-06,33697.11,,Open
CLM-003150,C,2022,2022-05-12,2022-06-06,59521.29,,Open
CLM-003151,C,2022,2022-10-27,2023-01-25,63960.4,,Open
CLM-003152,C,2022,2022-12-03,2023-02-04,10489.87,2025-04-02,Closed
CLM-003153,C,2022,2022-08-09,2022-08-13,18898.81,2025-04-29,Closed
CLM-003154,C,2022,2022-03-21,2022-04-29,29442.01,,Open
CLM-003155,C,2022,2022-05-23,2022-07-12,3244.46,,Open
CLM-003156,C,2022,2022-10-18,2022-11-20,3327.98,,Open
CLM-003157,C,2022,2022-08-07,2022-09-27,2731.32,,Open
CLM-003158,C,2022,2022-03-15,2022-03-23,10702.45,,Open
CLM-003159,C,2022,2022-04-15,2022-04-18,8266.97,,Open
CLM-003160,C,2022,2022-03-13,2022-03-31,2336.03,2024-04-07,Closed
CLM-003161,C,2022,2022-06-21,2022-08-18,14377.16,2024-11-16,Closed
CLM-003162,C,2022,2022-06-12,2022-06-14,10856.69,2025-08-09,Closed
CLM-003163,C,2022,2022-07-17,2022-08-07,46984.14,2024-04-19,Closed
CLM-003164,C,2022,2022-12-11,2022-12-18,121781.46,2025-02-08,Closed
CLM-003165,C,2022,2022-08-26,2022-10-01,20444.49,,Open
CLM-003166,C,2022,2022-08-02,2023-04-21,5450.68,,Open
CLM-003167,C,2022,2022-05-14,2022-06-20,25428.15,2025-12-16,Closed
CLM-003168,C,2022,2022-08-20,2022-09-29,12244.44,,Open
CLM-003169,C,2022,2022-12-15,2023-03-20,9199.14,,Open
CLM-003170,C,2022,2022-01-04,2022-02-18,4511.39,,Open
CLM-003171,C,2022,2022-05-08,2022-06-14,7114.9,,Open
CLM-003172,C,2022,2022-01-21,2022-05-04,9880.61,,Open
CLM-003173,C,2022,2022-03-16,2022-05-23,30455.89,,Open
CLM-003174,C,2022,2022-01-25,2022-03-24,21764.54,2025-09-17,Closed
CLM-003175,C,2022,2022-08-05,2022-09-13,98236.33,,Open
CLM-003176,C,2022,2022-10-27,2022-11-28,26246.04,,Open
CLM-003177,C,2022,2022-12-10,2023-03-22,19704.52,2024-06-27,Closed
CLM-003178,C,2022,2022-03-28,2022-04-30,8527.72,2025-08-01,Closed
CLM-003179,C,2022,2022-09-13,2023-01-27,3687.63,,Open
CLM-003180,C,2022,2022-05-01,2022-05-18,6303.09,,Open
CLM-003181,C,2022,2022-04-26,2022-10-06,5430.66,,Open
CLM-003182,C,2022,2022-08-11,2022-10-18,643.01,,Open
CLM-003183,C,2022,2022-09-05,2022-09-23,3811.56,2025-08-22,Closed
CLM-003184,C,2022,2022-08-02,2022-10-12,76042.55,,Open
CLM-003185,C,2022,2022-02-06,2022-03-03,18485.67,2024-03-30,Closed
CLM-003186,C,2022,2022-05-30,2022-07-15,7867.44,,Open
CLM-003187,C,2022,2022-04-15,2022-05-14,19129.88,,Open
CLM-003188,C,2023,2023-01-02,2023-02-14,23191.74,2024-10-13,Closed
CLM-003189,C,2023,2023-08-31,2023-09-24,2201.86,,Open
CLM-003190,C,2023,2023-11-19,2023-11-25,9788.47,,Open
CLM-003191,C,2023,2023-04-15,2023-04-27,8794.35,,Open
CLM-003192,C,2023,2023-03-21,2023-04-13,11096.23,,Open
CLM-003193,C,2023,2023-08-23,2023-09-12,17076.11,,Open
CLM-003194,C,2023,2023-02-26,2023-04-25,79890.88,2025-08-23,Closed
CLM-003195,C,2023,2023-02-10,2023-05-14,2042.5,2025-09-23,Closed
CLM-003196,C,2023,2023-03-19,2023-04-28,34915.2,,Open
CLM-003197,C,2023,2023-04-09,2023-09-15,717.37,,Open
CLM-003198,C,2023,2023-02-05,2023-02-27,63167.9,2023-12-08,Closed
CLM-003199,C,2023,2023-09-23,2023-11-01,1228.58,,Open
CLM-003200,C,2023,2023-08-01,2023-09-12,208763.6,,Open
CLM-003201,C,2023,2023-03-15,2023-07-13,8175.07,,Open
CLM-003202,C,2023,2023-04-14,2023-06-02,56111.1,,Open
CLM-003203,C,2023,2023-12-06,2024-01-25,44296.26,,Open
CLM-003204,C,2023,2023-11-30,2023-12-10,7748.7,,Open
CLM-003205,C,2023,2023-02-14,2023-03-06,8461.32,2025-12-08,Closed
CLM-003206,C,2023,2023-08-12,2023-12-10,4894.78,,Open
CLM-003207,C,2023,2023-04-28,2023-05-04,31520.68,,Open
CLM-003208,C,2023,2023-05-12,2023-10-09,7865.24,2025-09-20,Closed
CLM-003209,C,2023,2023-08-07,2023-10-16,4997.84,,Open
CLM-003210,C,2023,2023-12-26,2024-01-17,23663.13,,Open
CLM-003211,C,2023,2023-08-01,2023-08-22,4569.3,,Open
CLM-003212,C,2023,2023-12-14,2024-08-17,8765.1,,Open
CLM-003213,C,2023,2023-10-27,2024-04-04,14450.67,,Open
CLM-003214,C,2023,2023-10-12,2023-11-21,6119.13,,Open
CLM-003215,C,2023,2023-10-16,2023-12-05,7274.69,,Open
CLM-003216,C,2023,2023-10-16,2023-11-10,74273.97,,Open
CLM-003217,C,2023,2023-04-04,2023-05-24,60526.18,,Open
CLM-003218,C,2023,2023-12-23,2024-01-16,8462.5,2024-12-05,Closed
CLM-003219,C,2023,2023-12-02,2024-01-12,10455.95,,Open
CLM-003220,C,2023,2023-08-08,2024-03-24,21519.65,2025-06-07,Closed
CLM-003221,C,2023,2023-09-17,2023-10-28,3906.54,,Open
CLM-003222,C,2023,2023-11-18,2023-12-05,20857.99,,Open
CLM-003223,C,2023,2023-02-25,2023-03-10,17136.96,,Open
CLM-003224,C,2023,2023-01-24,2023-03-15,1644.29,,Open
CLM-003225,C,2023,2023-12-30,2024-01-21,99983.86,,Open
CLM-003226,C,2023,2023-07-22,2023-09-16,68219.28,,Open
CLM-003227,C,2023,2023-09-21,2023-10-01,5104.51,2025-04-08,Closed
CLM-003228,C,2023,2023-07-03,2023-09-24,3529.36,,Open
CLM-003229,C,2023,2023-07-08,2023-07-25,16599.98,,Open
CLM-003230,C,2023,2023-01-14,2023-03-01,2492.38,,Open
CLM-003231,C,2023,2023-04-16,2023-05-19,61072.26,,Open
CLM-003232,C,2023,2023-02-01,2023-08-31,7469.88,,Open
CLM-003233,C,2023,2023-06-07,2023-07-29,82047.75,2025-02-07,Closed
CLM-003234,C,2023,2023-01-08,2023-09-24,4966.88,,Open
CLM-003235,C,2023,2023-10-20,2024-01-02,11238.11,,Open
CLM-003236,C,2023,2023-04-18,2023-09-27,54640.17,,Open
CLM-003237,C,2023,2023-09-28,2023-11-04,8823.0,,Open
CLM-003238,C,2023,2023-01-20,2023-03-22,17459.65,,Open
CLM-003239,C,2023,2023-01-13,2023-05-27,44730.18,,Open
CLM-003240,C,2023,2023-06-04,2023-09-13,6756.16,2025-01-18,Closed
CLM-003241,C,2023,2023-10-15,2023-12-26,3008.37,,Open
CLM-003242,C,2023,2023-10-24,2023-11-26,2400.26,2025-12-30,Closed
CLM-003243,C,2023,2023-07-18,2023-08-26,24949.05,,Open
CLM-003244,C,2023,2023-08-13,2023-12-16,19958.8,,Open
CLM-003245,C,2023,2023-09-09,2024-02-07,43168.58,,Open
CLM-003246,C,2023,2023-09-03,2023-09-29,9334.92,,Open
CLM-003247,C,2023,2023-09-28,2023-10-21,2478.49,,Open
CLM-003248,C,2023,2023-01-12,2023-01-31,861.21,,Open
CLM-003249,C,2023,2023-06-06,2023-09-08,342400.99,,Open
CLM-003250,C,2023,2023-11-03,2023-11-22,23383.93,2025-09-17,Closed
CLM-003251,C,2023,2023-06-10,2023-09-11,14950.95,,Open
CLM-003252,C,2023,2023-02-23,2023-05-07,17591.21,,Open
CLM-003253,C,2023,2023-08-31,2023-09-27,2476.78,,Open
CLM-003254,C,2023,2023-04-21,2023-10-21,5137.93,,Open
CLM-003255,C,2023,2023-07-06,2023-07-18,94313.49,,Open
CLM-003256,C,2023,2023-07-08,2024-01-24,90889.6,,Open
CLM-003257,C,2023,2023-09-12,2023-11-10,5325.49,,Open
CLM-003258,C,2023,2023-12-06,2023-12-12,3131.27,,Open
CLM-003259,C,2023,2023-09-11,2024-03-17,8028.799999999999,,Open
CLM-003260,C,2024,2024-12-31,2025-02-14,6258.79,,Open
CLM-003261,C,2024,2024-11-20,2024-12-18,35619.97,,Open
CLM-003262,C,2024,2024-09-07,2024-10-04,30446.8,,Open
CLM-003263,C,2024,2024-10-22,2024-11-08,121881.58,,Open
CLM-003264,C,2024,2024-04-11,2024-05-12,4448.95,,Open
CLM-003265,C,2024,2024-06-07,2024-10-06,25563.42,,Open
CLM-003266,C,2024,2024-11-08,2025-01-03,6175.94,,Open
CLM-003267,C,2024,2024-08-10,2024-11-24,24266.72,,Open
CLM-003268,C,2024,2024-08-11,2024-10-21,10541.15,,Open
CLM-003269,C,2024,2024-10-07,2024-11-01,23363.73,,Open
CLM-003270,C,2024,2024-08-12,2024-08-22,2676.68,,Open
CLM-003271,C,2024,2024-02-16,2024-03-06,33478.35,,Open
CLM-003272,C,2024,2024-03-18,2024-04-11,17076.94,,Open
CLM-003273,C,2024,2024-10-11,2024-11-02,16054.23,,Open
CLM-003274,C,2024,2024-03-29,2024-07-15,126136.89,2025-08-17,Closed
CLM-003275,C,2024,2024-08-31,2024-12-16,8697.03,,Open
CLM-003276,C,2024,2024-06-22,2025-05-17,19963.09,,Open
CLM-003277,C,2024,2024-08-15,2024-09-06,15126.46,,Open
CLM-003278,C,2024,2024-03-28,2024-10-03,16920.64,,Open
CLM-003279,C,2024,2024-04-23,2024-10-28,172211.13,,Open
CLM-003280,C,2024,2024-09-08,2024-10-14,14507.14,,Open
CLM-003281,C,2024,2024-03-03,2024-05-10,7036.55,,Open
CLM-003282,C,2024,2024-04-22,2024-09-06,115171.62,,Open
CLM-003283,C,2024,2024-12-31,2025-02-11,9475.71,,Open
CLM-003284,C,2024,2024-02-25,2024-04-04,2140.84,,Open
CLM-003285,C,2024,2024-07-30,2024-08-24,5766.88,,Open
CLM-003286,C,2024,2024-02-25,2024-03-01,3229.45,,Open
CLM-003287,C,2024,2024-09-15,2024-11-01,1712.37,,Open
CLM-003288,C,2024,2024-02-16,2024-03-10,8893.33,2025-12-15,Closed
CLM-003289,C,2024,2024-07-29,2024-08-15,12440.87,,Open
CLM-003290,C,2024,2024-06-09,2024-08-13,52191.97,,Open
CLM-003291,C,2024,2024-09-10,2024-09-22,27745.63,,Open
CLM-003292,C,2024,2024-01-02,2024-04-03,26333.37,,Open
CLM-003293,C,2024,2024-07-07,2024-09-14,4842.58,,Open
CLM-003294,C,2024,2024-07-17,2024-08-17,37189.93,,Open
CLM-003295,C,2024,2024-03-29,2024-05-10,66453.05,,Open
CLM-003296,C,2024,2024-04-19,2024-05-04,21196.83,,Open
CLM-003297,C,2024,2024-09-15,2024-12-12,21886.98,,Open
CLM-003298,C,2024,2024-07-21,2024-09-12,3163.11,,Open
CLM-003299,C,2024,2024-07-30,2024-09-24,45167.04,,Open
CLM-003300,C,2024,2024-12-08,2025-02-16,103871.87,,Open
CLM-003301,C,2024,2024-05-28,2024-06-22,19525.93,,Open
CLM-003302,C,2024,2024-11-14,2024-11-25,6821.47,,Open
CLM-003303,C,2024,2024-12-22,2025-04-07,11198.34,,Open
CLM-003304,C,2024,2024-07-29,2024-10-20,8326.87,,Open
CLM-003305,C,2024,2024-03-18,2024-04-14,8919.53,,Open
CLM-003306,C,2024,2024-06-02,2024-08-06,28343.04,,Open
CLM-003307,C,2024,2024-01-18,2024-06-05,18576.28,,Open
CLM-003308,C,2024,2024-09-12,2025-01-15,42626.32,,Open
CLM-003309,C,2024,2024-04-10,2024-05-07,20629.39,,Open
CLM-003310,C,2024,2024-12-03,2024-12-14,5007.0,,Open
CLM-003311,C,2024,2024-08-27,2024-09-09,7594.76,,Open
CLM-003312,C,2024,2024-06-28,2024-07-31,7072.45,2025-07-06,Closed
CLM-003313,C,2024,2024-03-09,2024-08-23,10888.48,,Open
CLM-003314,C,2024,2024-02-06,2024-02-29,105538.39,,Open
CLM-003315,C,2024,2024-09-03,2024-09-29,126814.23,,Open
CLM-003316,C,2024,2024-10-07,2024-11-01,35185.24,,Open
CLM-003317,C,2024,2024-04-07,2024-05-04,15450.59,,Open
CLM-003318,C,2024,2024-01-04,2024-02-17,2830.33,,Open
CLM-003319,C,2024,2024-04-27,2024-05-11,17352.23,,Open
CLM-003320,C,2024,2024-10-06,2025-02-02,5450.83,,Open
CLM-003321,C,2024,2024-07-31,2024-09-08,87429.58,,Open
CLM-003322,C,2024,2024-02-01,2025-03-26,10952.28,,Open
CLM-003323,C,2024,2024-02-12,2024-02-27,20953.13,,Open
CLM-003324,C,2024,2024-02-09,2024-08-15,4949.06,2025-01-31,Closed
CLM-003325,C,2024,2024-10-04,2025-03-10,13337.49,,Open
CLM-003326,C,2024,2024-10-13,2024-11-13,28936.84,,Open
CLM-003327,C,2024,2024-05-29,2024-06-29,43516.71,,Open
CLM-003328,C,2024,2024-09-09,2024-09-28,13242.4,,Open
CLM-003329,C,2024,2024-01-08,2024-01-27,32272.01,,Open
CLM-003330,C,2024,2024-07-24,2024-09-06,6309.05,,Open
CLM-003331,C,2024,2024-04-09,2024-05-24,17867.62,,Open
CLM-003332,C,2024,2024-10-27,2024-11-06,42541.9,,Open
CLM-003333,C,2024,2024-06-27,2025-06-16,19731.77,,Open
CLM-003334,C,2024,2024-11-07,2024-12-12,7349.34,,Open
CLM-003335,C,2024,2024-07-25,2024-09-10,9792.08,,Open
CLM-003336,C,2024,2024-06-16,2024-07-11,43202.91,2025-08-23,Closed
CLM-003337,C,2024,2024-12-12,2025-01-16,3856.34,,Open
CLM-003338,C,2024,2024-12-30,2025-01-31,4567.01,,Open
CLM-003339,C,2024,2024-06-15,2024-07-29,26874.87,,Open
CLM-003340,C,2025,2025-05-11,2025-06-09,265091.7,,Open
CLM-003341,C,2025,2025-08-19,2025-10-01,16458.14,,Open
CLM-003342,C,2025,2025-07-02,2025-08-11,8396.6,,Open
CLM-003343,C,2025,2025-07-29,2025-08-23,10901.09,,Open
CLM-003344,C,2025,2025-03-09,2025-06-04,2640.13,,Open
CLM-003345,C,2025,2025-06-24,2025-08-25,74905.16,,Open
CLM-003346,C,2025,2025-08-25,2025-10-15,118129.92,,Open
CLM-003347,C,2025,2025-09-05,2025-11-06,4273.78,,Open
CLM-003348,C,2025,2025-09-06,2025-11-23,4436.43,,Open
CLM-003349,C,2025,2025-12-31,2026-03-18,14476.83,,Open
CLM-003350,C,2025,2025-07-02,2025-07-23,41410.49,,Open
CLM-003351,C,2025,2025-06-06,2025-09-14,3801.71,,Open
CLM-003352,C,2025,2025-07-17,2025-09-11,50984.41,,Open
CLM-003353,C,2025,2025-05-01,2025-05-31,12806.76,,Open
CLM-003354,C,2025,2025-04-25,2025-06-19,4896.55,,Open
CLM-003355,C,2025,2025-09-09,2025-11-09,8321.44,,Open
CLM-003356,C,2025,2025-04-25,2025-08-22,113079.37,,Open
CLM-003357,C,2025,2025-10-01,2025-10-18,2896.44,,Open
CLM-003358,C,2025,2025-09-29,2026-02-24,6146.82,,Open
CLM-003359,C,2025,2025-12-14,2026-01-28,42399.56,,Open
CLM-003360,C,2025,2025-02-18,2025-03-18,18232.22,,Open
CLM-003361,C,2025,2025-05-13,2025-06-09,5742.5,,Open
CLM-003362,C,2025,2025-10-09,2025-10-27,42997.24,,Open
CLM-003363,C,2025,2025-06-06,2025-06-15,45403.81,,Open
CLM-003364,C,2025,2025-08-28,2025-11-18,20800.11,,Open
CLM-003365,C,2025,2025-09-26,2026-06-20,7049.34,,Open
CLM-003366,C,2025,2025-11-19,2025-11-29,8411.46,,Open
CLM-003367,C,2025,2025-03-24,2025-04-12,19715.43,,Open
CLM-003368,C,2025,2025-04-05,2025-07-02,3161.16,,Open
CLM-003369,C,2025,2025-06-21,2025-08-03,65189.29,2025-12-06,Closed
CLM-003370,C,2025,2025-07-04,2025-10-07,99909.9,,Open
CLM-003371,C,2025,2025-11-27,2026-01-07,10853.78,,Open
CLM-003372,C,2025,2025-01-15,2025-02-10,21397.88,,Open
CLM-003373,C,2025,2025-03-31,2025-05-06,55396.48,,Open
CLM-003374,C,2025,2025-11-30,2025-12-05,133890.47,,Open
CLM-003375,C,2025,2025-08-13,2025-08-29,84780.22,,Open
CLM-003376,C,2025,2025-09-04,2025-12-18,1945.05,,Open
CLM-003377,C,2025,2025-04-02,2025-08-11,9907.14,,Open
CLM-003378,C,2025,2025-08-16,2026-01-22,25255.73,,Open
CLM-003379,C,2025,2025-05-15,2025-07-20,8072.17,,Open
CLM-003380,C,2025,2025-09-25,2025-09-30,109828.35,,Open
CLM-003381,C,2025,2025-02-03,2025-02-28,92117.02,,Open
CLM-003382,C,2025,2025-04-14,2025-09-09,5582.23,,Open
CLM-003383,C,2025,2025-08-24,2026-03-05,11808.76,,Open
CLM-003384,C,2025,2025-08-09,2026-01-09,6023.61,,Open
CLM-003385,C,2025,2025-11-03,2025-12-09,11373.88,,Open
CLM-003386,C,2025,2025-10-20,2025-11-02,10985.51,,Open
CLM-003387,C,2025,2025-01-06,2025-02-18,42481.02,,Open
CLM-003388,C,2025,2025-02-02,2025-03-19,5136.8,,Open
CLM-003389,C,2025,2025-05-10,2025-11-10,708.22,,Open
CLM-003390,C,2025,2025-12-16,2026-02-09,2260.23,,Open
CLM-003391,C,2025,2025-06-24,2025-08-08,4375.89,,Open
CLM-003392,C,2025,2025-11-22,2026-01-09,6707.98,,Open
CLM-003393,C,2025,2025-01-22,2025-03-27,17630.29,,Open
CLM-003394,C,2025,2025-12-18,2026-03-07,4466.3099999999995,,Open
CLM-003395,C,2025,2025-01-23,2025-02-15,3548.54,,Open
CLM-003396,C,2025,2025-10-23,2025-11-09,4901.02,,Open
CLM-003397,C,2025,2025-11-17,2026-04-20,4269.65,,Open
CLM-003398,C,2025,2025-04-18,2025-04-28,7533.18,,Open
CLM-003399,C,2025,2025-04-20,2025-11-02,7172.51,,Open
CLM-003400,C,2025,2025-08-01,2025-08-09,33176.44,,Open
CLM-003401,C,2025,2025-09-21,2025-10-17,4574.8,,Open
CLM-003402,C,2025,2025-02-13,2025-05-31,9440.93,,Open
CLM-003403,C,2025,2025-03-28,2025-05-12,7615.43,,Open
CLM-003404,C,2025,2025-10-03,2025-10-16,35959.44,,Open
CLM-003405,C,2025,2025-10-22,2025-12-27,11919.22,,Open
CLM-003406,C,2025,2025-02-26,2025-04-14,47447.4,,Open
CLM-003407,C,2025,2025-11-21,2025-12-28,3795.7,,Open
CLM-003408,C,2025,2025-11-13,2025-12-08,13442.63,,Open
CLM-003409,C,2025,2025-11-13,2025-12-26,45459.23,,Open
CLM-003410,C,2025,2025-03-29,2025-04-24,3488.26,,Open
CLM-003411,C,2025,2025-09-02,2026-10-09,13165.89,,Open
CLM-003412,C,2025,2025-02-28,2025-04-05,103728.79,,Open
CLM-003413,C,2025,2025-03-13,2025-04-14,23040.22,,Open
CLM-003414,C,2025,2025-01-26,2025-02-22,12291.46,,Open
CLM-003415,C,2025,2025-06-29,2026-02-06,3160.07,,Open
CLM-003416,C,2025,2025-09-17,2025-09-27,2669.97,,Open
CLM-003417,C,2025,2025-03-14,2025-05-15,5768.81,,Open
CLM-003418,C,2025,2025-03-09,2025-04-14,8492.1,,Open
CLM-003419,C,2025,2025-04-12,2025-04-24,8935.57,,Open
CLM-003420,C,2025,2025-03-14,2025-04-04,10978.05,,Open
CLM-003421,C,2025,2025-11-01,2025-12-30,2149.56,,Open
CLM-003422,C,2025,2025-03-03,2025-03-23,6940.68,,Open
CLM-003423,C,2025,2025-04-12,2025-06-07,25286.74,,Open
CLM-003424,C,2025,2025-04-22,2025-11-21,2997.68,,Open
CLM-003425,C,2025,2025-03-15,2025-05-06,9467.49,,Open
